Date,DateKey,Month,Month Key,Quarter,Year,WeekDay,WeekDay Key,Day Of Month,Year & Quarter,Year & Month,Year & Month Key,Financial Year,Week,Year & Week
01-Jan-2020,20200101,Jan,1,Q1,2020,Wed,4,1,2020 Q1,2020 Jan,202001,2019-2020,1,2020-w1
02-Jan-2020,20200102,Jan,1,Q1,2020,Thu,5,2,2020 Q1,2020 Jan,202001,2019-2020,1,2020-w1
03-Jan-2020,20200103,Jan,1,Q1,2020,Fri,6,3,2020 Q1,2020 Jan,202001,2019-2020,1,2020-w1
04-Jan-2020,20200104,Jan,1,Q1,2020,Sat,7,4,2020 Q1,2020 Jan,202001,2019-2020,1,2020-w1
05-Jan-2020,20200105,Jan,1,Q1,2020,Sun,1,5,2020 Q1,2020 Jan,202001,2019-2020,2,2020-w2
06-Jan-2020,20200106,Jan,1,Q1,2020,Mon,2,6,2020 Q1,2020 Jan,202001,2019-2020,2,2020-w2
07-Jan-2020,20200107,Jan,1,Q1,2020,Tue,3,7,2020 Q1,2020 Jan,202001,2019-2020,2,2020-w2
08-Jan-2020,20200108,Jan,1,Q1,2020,Wed,4,8,2020 Q1,2020 Jan,202001,2019-2020,2,2020-w2
09-Jan-2020,20200109,Jan,1,Q1,2020,Thu,5,9,2020 Q1,2020 Jan,202001,2019-2020,2,2020-w2
10-Jan-2020,20200110,Jan,1,Q1,2020,Fri,6,10,2020 Q1,2020 Jan,202001,2019-2020,2,2020-w2
11-Jan-2020,20200111,Jan,1,Q1,2020,Sat,7,11,2020 Q1,2020 Jan,202001,2019-2020,2,2020-w2
12-Jan-2020,20200112,Jan,1,Q1,2020,Sun,1,12,2020 Q1,2020 Jan,202001,2019-2020,3,2020-w3
13-Jan-2020,20200113,Jan,1,Q1,2020,Mon,2,13,2020 Q1,2020 Jan,202001,2019-2020,3,2020-w3
14-Jan-2020,20200114,Jan,1,Q1,2020,Tue,3,14,2020 Q1,2020 Jan,202001,2019-2020,3,2020-w3
15-Jan-2020,20200115,Jan,1,Q1,2020,Wed,4,15,2020 Q1,2020 Jan,202001,2019-2020,3,2020-w3
16-Jan-2020,20200116,Jan,1,Q1,2020,Thu,5,16,2020 Q1,2020 Jan,202001,2019-2020,3,2020-w3
17-Jan-2020,20200117,Jan,1,Q1,2020,Fri,6,17,2020 Q1,2020 Jan,202001,2019-2020,3,2020-w3
18-Jan-2020,20200118,Jan,1,Q1,2020,Sat,7,18,2020 Q1,2020 Jan,202001,2019-2020,3,2020-w3
19-Jan-2020,20200119,Jan,1,Q1,2020,Sun,1,19,2020 Q1,2020 Jan,202001,2019-2020,4,2020-w4
20-Jan-2020,20200120,Jan,1,Q1,2020,Mon,2,20,2020 Q1,2020 Jan,202001,2019-2020,4,2020-w4
21-Jan-2020,20200121,Jan,1,Q1,2020,Tue,3,21,2020 Q1,2020 Jan,202001,2019-2020,4,2020-w4
22-Jan-2020,20200122,Jan,1,Q1,2020,Wed,4,22,2020 Q1,2020 Jan,202001,2019-2020,4,2020-w4
23-Jan-2020,20200123,Jan,1,Q1,2020,Thu,5,23,2020 Q1,2020 Jan,202001,2019-2020,4,2020-w4
24-Jan-2020,20200124,Jan,1,Q1,2020,Fri,6,24,2020 Q1,2020 Jan,202001,2019-2020,4,2020-w4
25-Jan-2020,20200125,Jan,1,Q1,2020,Sat,7,25,2020 Q1,2020 Jan,202001,2019-2020,4,2020-w4
26-Jan-2020,20200126,Jan,1,Q1,2020,Sun,1,26,2020 Q1,2020 Jan,202001,2019-2020,5,2020-w5
27-Jan-2020,20200127,Jan,1,Q1,2020,Mon,2,27,2020 Q1,2020 Jan,202001,2019-2020,5,2020-w5
28-Jan-2020,20200128,Jan,1,Q1,2020,Tue,3,28,2020 Q1,2020 Jan,202001,2019-2020,5,2020-w5
29-Jan-2020,20200129,Jan,1,Q1,2020,Wed,4,29,2020 Q1,2020 Jan,202001,2019-2020,5,2020-w5
30-Jan-2020,20200130,Jan,1,Q1,2020,Thu,5,30,2020 Q1,2020 Jan,202001,2019-2020,5,2020-w5
31-Jan-2020,20200131,Jan,1,Q1,2020,Fri,6,31,2020 Q1,2020 Jan,202001,2019-2020,5,2020-w5
01-Feb-2020,20200201,Feb,2,Q1,2020,Sat,7,1,2020 Q1,2020 Feb,202002,2019-2020,5,2020-w5
02-Feb-2020,20200202,Feb,2,Q1,2020,Sun,1,2,2020 Q1,2020 Feb,202002,2019-2020,6,2020-w6
03-Feb-2020,20200203,Feb,2,Q1,2020,Mon,2,3,2020 Q1,2020 Feb,202002,2019-2020,6,2020-w6
04-Feb-2020,20200204,Feb,2,Q1,2020,Tue,3,4,2020 Q1,2020 Feb,202002,2019-2020,6,2020-w6
05-Feb-2020,20200205,Feb,2,Q1,2020,Wed,4,5,2020 Q1,2020 Feb,202002,2019-2020,6,2020-w6
06-Feb-2020,20200206,Feb,2,Q1,2020,Thu,5,6,2020 Q1,2020 Feb,202002,2019-2020,6,2020-w6
07-Feb-2020,20200207,Feb,2,Q1,2020,Fri,6,7,2020 Q1,2020 Feb,202002,2019-2020,6,2020-w6
08-Feb-2020,20200208,Feb,2,Q1,2020,Sat,7,8,2020 Q1,2020 Feb,202002,2019-2020,6,2020-w6
09-Feb-2020,20200209,Feb,2,Q1,2020,Sun,1,9,2020 Q1,2020 Feb,202002,2019-2020,7,2020-w7
10-Feb-2020,20200210,Feb,2,Q1,2020,Mon,2,10,2020 Q1,2020 Feb,202002,2019-2020,7,2020-w7
11-Feb-2020,20200211,Feb,2,Q1,2020,Tue,3,11,2020 Q1,2020 Feb,202002,2019-2020,7,2020-w7
12-Feb-2020,20200212,Feb,2,Q1,2020,Wed,4,12,2020 Q1,2020 Feb,202002,2019-2020,7,2020-w7
13-Feb-2020,20200213,Feb,2,Q1,2020,Thu,5,13,2020 Q1,2020 Feb,202002,2019-2020,7,2020-w7
14-Feb-2020,20200214,Feb,2,Q1,2020,Fri,6,14,2020 Q1,2020 Feb,202002,2019-2020,7,2020-w7
15-Feb-2020,20200215,Feb,2,Q1,2020,Sat,7,15,2020 Q1,2020 Feb,202002,2019-2020,7,2020-w7
16-Feb-2020,20200216,Feb,2,Q1,2020,Sun,1,16,2020 Q1,2020 Feb,202002,2019-2020,8,2020-w8
17-Feb-2020,20200217,Feb,2,Q1,2020,Mon,2,17,2020 Q1,2020 Feb,202002,2019-2020,8,2020-w8
18-Feb-2020,20200218,Feb,2,Q1,2020,Tue,3,18,2020 Q1,2020 Feb,202002,2019-2020,8,2020-w8
19-Feb-2020,20200219,Feb,2,Q1,2020,Wed,4,19,2020 Q1,2020 Feb,202002,2019-2020,8,2020-w8
20-Feb-2020,20200220,Feb,2,Q1,2020,Thu,5,20,2020 Q1,2020 Feb,202002,2019-2020,8,2020-w8
21-Feb-2020,20200221,Feb,2,Q1,2020,Fri,6,21,2020 Q1,2020 Feb,202002,2019-2020,8,2020-w8
22-Feb-2020,20200222,Feb,2,Q1,2020,Sat,7,22,2020 Q1,2020 Feb,202002,2019-2020,8,2020-w8
23-Feb-2020,20200223,Feb,2,Q1,2020,Sun,1,23,2020 Q1,2020 Feb,202002,2019-2020,9,2020-w9
24-Feb-2020,20200224,Feb,2,Q1,2020,Mon,2,24,2020 Q1,2020 Feb,202002,2019-2020,9,2020-w9
25-Feb-2020,20200225,Feb,2,Q1,2020,Tue,3,25,2020 Q1,2020 Feb,202002,2019-2020,9,2020-w9
26-Feb-2020,20200226,Feb,2,Q1,2020,Wed,4,26,2020 Q1,2020 Feb,202002,2019-2020,9,2020-w9
27-Feb-2020,20200227,Feb,2,Q1,2020,Thu,5,27,2020 Q1,2020 Feb,202002,2019-2020,9,2020-w9
28-Feb-2020,20200228,Feb,2,Q1,2020,Fri,6,28,2020 Q1,2020 Feb,202002,2019-2020,9,2020-w9
29-Feb-2020,20200229,Feb,2,Q1,2020,Sat,7,29,2020 Q1,2020 Feb,202002,2019-2020,9,2020-w9
01-Mar-2020,20200301,Mar,3,Q1,2020,Sun,1,1,2020 Q1,2020 Mar,202003,2019-2020,10,2020-w10
02-Mar-2020,20200302,Mar,3,Q1,2020,Mon,2,2,2020 Q1,2020 Mar,202003,2019-2020,10,2020-w10
03-Mar-2020,20200303,Mar,3,Q1,2020,Tue,3,3,2020 Q1,2020 Mar,202003,2019-2020,10,2020-w10
04-Mar-2020,20200304,Mar,3,Q1,2020,Wed,4,4,2020 Q1,2020 Mar,202003,2019-2020,10,2020-w10
05-Mar-2020,20200305,Mar,3,Q1,2020,Thu,5,5,2020 Q1,2020 Mar,202003,2019-2020,10,2020-w10
06-Mar-2020,20200306,Mar,3,Q1,2020,Fri,6,6,2020 Q1,2020 Mar,202003,2019-2020,10,2020-w10
07-Mar-2020,20200307,Mar,3,Q1,2020,Sat,7,7,2020 Q1,2020 Mar,202003,2019-2020,10,2020-w10
08-Mar-2020,20200308,Mar,3,Q1,2020,Sun,1,8,2020 Q1,2020 Mar,202003,2019-2020,11,2020-w11
09-Mar-2020,20200309,Mar,3,Q1,2020,Mon,2,9,2020 Q1,2020 Mar,202003,2019-2020,11,2020-w11
10-Mar-2020,20200310,Mar,3,Q1,2020,Tue,3,10,2020 Q1,2020 Mar,202003,2019-2020,11,2020-w11
11-Mar-2020,20200311,Mar,3,Q1,2020,Wed,4,11,2020 Q1,2020 Mar,202003,2019-2020,11,2020-w11
12-Mar-2020,20200312,Mar,3,Q1,2020,Thu,5,12,2020 Q1,2020 Mar,202003,2019-2020,11,2020-w11
13-Mar-2020,20200313,Mar,3,Q1,2020,Fri,6,13,2020 Q1,2020 Mar,202003,2019-2020,11,2020-w11
14-Mar-2020,20200314,Mar,3,Q1,2020,Sat,7,14,2020 Q1,2020 Mar,202003,2019-2020,11,2020-w11
15-Mar-2020,20200315,Mar,3,Q1,2020,Sun,1,15,2020 Q1,2020 Mar,202003,2019-2020,12,2020-w12
16-Mar-2020,20200316,Mar,3,Q1,2020,Mon,2,16,2020 Q1,2020 Mar,202003,2019-2020,12,2020-w12
17-Mar-2020,20200317,Mar,3,Q1,2020,Tue,3,17,2020 Q1,2020 Mar,202003,2019-2020,12,2020-w12
18-Mar-2020,20200318,Mar,3,Q1,2020,Wed,4,18,2020 Q1,2020 Mar,202003,2019-2020,12,2020-w12
19-Mar-2020,20200319,Mar,3,Q1,2020,Thu,5,19,2020 Q1,2020 Mar,202003,2019-2020,12,2020-w12
20-Mar-2020,20200320,Mar,3,Q1,2020,Fri,6,20,2020 Q1,2020 Mar,202003,2019-2020,12,2020-w12
21-Mar-2020,20200321,Mar,3,Q1,2020,Sat,7,21,2020 Q1,2020 Mar,202003,2019-2020,12,2020-w12
22-Mar-2020,20200322,Mar,3,Q1,2020,Sun,1,22,2020 Q1,2020 Mar,202003,2019-2020,13,2020-w13
23-Mar-2020,20200323,Mar,3,Q1,2020,Mon,2,23,2020 Q1,2020 Mar,202003,2019-2020,13,2020-w13
24-Mar-2020,20200324,Mar,3,Q1,2020,Tue,3,24,2020 Q1,2020 Mar,202003,2019-2020,13,2020-w13
25-Mar-2020,20200325,Mar,3,Q1,2020,Wed,4,25,2020 Q1,2020 Mar,202003,2019-2020,13,2020-w13
26-Mar-2020,20200326,Mar,3,Q1,2020,Thu,5,26,2020 Q1,2020 Mar,202003,2019-2020,13,2020-w13
27-Mar-2020,20200327,Mar,3,Q1,2020,Fri,6,27,2020 Q1,2020 Mar,202003,2019-2020,13,2020-w13
28-Mar-2020,20200328,Mar,3,Q1,2020,Sat,7,28,2020 Q1,2020 Mar,202003,2019-2020,13,2020-w13
29-Mar-2020,20200329,Mar,3,Q1,2020,Sun,1,29,2020 Q1,2020 Mar,202003,2019-2020,14,2020-w14
30-Mar-2020,20200330,Mar,3,Q1,2020,Mon,2,30,2020 Q1,2020 Mar,202003,2019-2020,14,2020-w14
31-Mar-2020,20200331,Mar,3,Q1,2020,Tue,3,31,2020 Q1,2020 Mar,202003,2019-2020,14,2020-w14
01-Apr-2020,20200401,Apr,4,Q2,2020,Wed,4,1,2020 Q2,2020 Apr,202004,2020-2021,14,2020-w14
02-Apr-2020,20200402,Apr,4,Q2,2020,Thu,5,2,2020 Q2,2020 Apr,202004,2020-2021,14,2020-w14
03-Apr-2020,20200403,Apr,4,Q2,2020,Fri,6,3,2020 Q2,2020 Apr,202004,2020-2021,14,2020-w14
04-Apr-2020,20200404,Apr,4,Q2,2020,Sat,7,4,2020 Q2,2020 Apr,202004,2020-2021,14,2020-w14
05-Apr-2020,20200405,Apr,4,Q2,2020,Sun,1,5,2020 Q2,2020 Apr,202004,2020-2021,15,2020-w15
06-Apr-2020,20200406,Apr,4,Q2,2020,Mon,2,6,2020 Q2,2020 Apr,202004,2020-2021,15,2020-w15
07-Apr-2020,20200407,Apr,4,Q2,2020,Tue,3,7,2020 Q2,2020 Apr,202004,2020-2021,15,2020-w15
08-Apr-2020,20200408,Apr,4,Q2,2020,Wed,4,8,2020 Q2,2020 Apr,202004,2020-2021,15,2020-w15
09-Apr-2020,20200409,Apr,4,Q2,2020,Thu,5,9,2020 Q2,2020 Apr,202004,2020-2021,15,2020-w15
10-Apr-2020,20200410,Apr,4,Q2,2020,Fri,6,10,2020 Q2,2020 Apr,202004,2020-2021,15,2020-w15
11-Apr-2020,20200411,Apr,4,Q2,2020,Sat,7,11,2020 Q2,2020 Apr,202004,2020-2021,15,2020-w15
12-Apr-2020,20200412,Apr,4,Q2,2020,Sun,1,12,2020 Q2,2020 Apr,202004,2020-2021,16,2020-w16
13-Apr-2020,20200413,Apr,4,Q2,2020,Mon,2,13,2020 Q2,2020 Apr,202004,2020-2021,16,2020-w16
14-Apr-2020,20200414,Apr,4,Q2,2020,Tue,3,14,2020 Q2,2020 Apr,202004,2020-2021,16,2020-w16
15-Apr-2020,20200415,Apr,4,Q2,2020,Wed,4,15,2020 Q2,2020 Apr,202004,2020-2021,16,2020-w16
16-Apr-2020,20200416,Apr,4,Q2,2020,Thu,5,16,2020 Q2,2020 Apr,202004,2020-2021,16,2020-w16
17-Apr-2020,20200417,Apr,4,Q2,2020,Fri,6,17,2020 Q2,2020 Apr,202004,2020-2021,16,2020-w16
18-Apr-2020,20200418,Apr,4,Q2,2020,Sat,7,18,2020 Q2,2020 Apr,202004,2020-2021,16,2020-w16
19-Apr-2020,20200419,Apr,4,Q2,2020,Sun,1,19,2020 Q2,2020 Apr,202004,2020-2021,17,2020-w17
20-Apr-2020,20200420,Apr,4,Q2,2020,Mon,2,20,2020 Q2,2020 Apr,202004,2020-2021,17,2020-w17
21-Apr-2020,20200421,Apr,4,Q2,2020,Tue,3,21,2020 Q2,2020 Apr,202004,2020-2021,17,2020-w17
22-Apr-2020,20200422,Apr,4,Q2,2020,Wed,4,22,2020 Q2,2020 Apr,202004,2020-2021,17,2020-w17
23-Apr-2020,20200423,Apr,4,Q2,2020,Thu,5,23,2020 Q2,2020 Apr,202004,2020-2021,17,2020-w17
24-Apr-2020,20200424,Apr,4,Q2,2020,Fri,6,24,2020 Q2,2020 Apr,202004,2020-2021,17,2020-w17
25-Apr-2020,20200425,Apr,4,Q2,2020,Sat,7,25,2020 Q2,2020 Apr,202004,2020-2021,17,2020-w17
26-Apr-2020,20200426,Apr,4,Q2,2020,Sun,1,26,2020 Q2,2020 Apr,202004,2020-2021,18,2020-w18
27-Apr-2020,20200427,Apr,4,Q2,2020,Mon,2,27,2020 Q2,2020 Apr,202004,2020-2021,18,2020-w18
28-Apr-2020,20200428,Apr,4,Q2,2020,Tue,3,28,2020 Q2,2020 Apr,202004,2020-2021,18,2020-w18
29-Apr-2020,20200429,Apr,4,Q2,2020,Wed,4,29,2020 Q2,2020 Apr,202004,2020-2021,18,2020-w18
30-Apr-2020,20200430,Apr,4,Q2,2020,Thu,5,30,2020 Q2,2020 Apr,202004,2020-2021,18,2020-w18
01-May-2020,20200501,May,5,Q2,2020,Fri,6,1,2020 Q2,2020 May,202005,2020-2021,18,2020-w18
02-May-2020,20200502,May,5,Q2,2020,Sat,7,2,2020 Q2,2020 May,202005,2020-2021,18,2020-w18
03-May-2020,20200503,May,5,Q2,2020,Sun,1,3,2020 Q2,2020 May,202005,2020-2021,19,2020-w19
04-May-2020,20200504,May,5,Q2,2020,Mon,2,4,2020 Q2,2020 May,202005,2020-2021,19,2020-w19
05-May-2020,20200505,May,5,Q2,2020,Tue,3,5,2020 Q2,2020 May,202005,2020-2021,19,2020-w19
06-May-2020,20200506,May,5,Q2,2020,Wed,4,6,2020 Q2,2020 May,202005,2020-2021,19,2020-w19
07-May-2020,20200507,May,5,Q2,2020,Thu,5,7,2020 Q2,2020 May,202005,2020-2021,19,2020-w19
08-May-2020,20200508,May,5,Q2,2020,Fri,6,8,2020 Q2,2020 May,202005,2020-2021,19,2020-w19
09-May-2020,20200509,May,5,Q2,2020,Sat,7,9,2020 Q2,2020 May,202005,2020-2021,19,2020-w19
10-May-2020,20200510,May,5,Q2,2020,Sun,1,10,2020 Q2,2020 May,202005,2020-2021,20,2020-w20
11-May-2020,20200511,May,5,Q2,2020,Mon,2,11,2020 Q2,2020 May,202005,2020-2021,20,2020-w20
12-May-2020,20200512,May,5,Q2,2020,Tue,3,12,2020 Q2,2020 May,202005,2020-2021,20,2020-w20
13-May-2020,20200513,May,5,Q2,2020,Wed,4,13,2020 Q2,2020 May,202005,2020-2021,20,2020-w20
14-May-2020,20200514,May,5,Q2,2020,Thu,5,14,2020 Q2,2020 May,202005,2020-2021,20,2020-w20
15-May-2020,20200515,May,5,Q2,2020,Fri,6,15,2020 Q2,2020 May,202005,2020-2021,20,2020-w20
16-May-2020,20200516,May,5,Q2,2020,Sat,7,16,2020 Q2,2020 May,202005,2020-2021,20,2020-w20
17-May-2020,20200517,May,5,Q2,2020,Sun,1,17,2020 Q2,2020 May,202005,2020-2021,21,2020-w21
18-May-2020,20200518,May,5,Q2,2020,Mon,2,18,2020 Q2,2020 May,202005,2020-2021,21,2020-w21
19-May-2020,20200519,May,5,Q2,2020,Tue,3,19,2020 Q2,2020 May,202005,2020-2021,21,2020-w21
20-May-2020,20200520,May,5,Q2,2020,Wed,4,20,2020 Q2,2020 May,202005,2020-2021,21,2020-w21
21-May-2020,20200521,May,5,Q2,2020,Thu,5,21,2020 Q2,2020 May,202005,2020-2021,21,2020-w21
22-May-2020,20200522,May,5,Q2,2020,Fri,6,22,2020 Q2,2020 May,202005,2020-2021,21,2020-w21
23-May-2020,20200523,May,5,Q2,2020,Sat,7,23,2020 Q2,2020 May,202005,2020-2021,21,2020-w21
24-May-2020,20200524,May,5,Q2,2020,Sun,1,24,2020 Q2,2020 May,202005,2020-2021,22,2020-w22
25-May-2020,20200525,May,5,Q2,2020,Mon,2,25,2020 Q2,2020 May,202005,2020-2021,22,2020-w22
26-May-2020,20200526,May,5,Q2,2020,Tue,3,26,2020 Q2,2020 May,202005,2020-2021,22,2020-w22
27-May-2020,20200527,May,5,Q2,2020,Wed,4,27,2020 Q2,2020 May,202005,2020-2021,22,2020-w22
28-May-2020,20200528,May,5,Q2,2020,Thu,5,28,2020 Q2,2020 May,202005,2020-2021,22,2020-w22
29-May-2020,20200529,May,5,Q2,2020,Fri,6,29,2020 Q2,2020 May,202005,2020-2021,22,2020-w22
30-May-2020,20200530,May,5,Q2,2020,Sat,7,30,2020 Q2,2020 May,202005,2020-2021,22,2020-w22
31-May-2020,20200531,May,5,Q2,2020,Sun,1,31,2020 Q2,2020 May,202005,2020-2021,23,2020-w23
01-Jun-2020,20200601,Jun,6,Q2,2020,Mon,2,1,2020 Q2,2020 Jun,202006,2020-2021,23,2020-w23
02-Jun-2020,20200602,Jun,6,Q2,2020,Tue,3,2,2020 Q2,2020 Jun,202006,2020-2021,23,2020-w23
03-Jun-2020,20200603,Jun,6,Q2,2020,Wed,4,3,2020 Q2,2020 Jun,202006,2020-2021,23,2020-w23
04-Jun-2020,20200604,Jun,6,Q2,2020,Thu,5,4,2020 Q2,2020 Jun,202006,2020-2021,23,2020-w23
05-Jun-2020,20200605,Jun,6,Q2,2020,Fri,6,5,2020 Q2,2020 Jun,202006,2020-2021,23,2020-w23
06-Jun-2020,20200606,Jun,6,Q2,2020,Sat,7,6,2020 Q2,2020 Jun,202006,2020-2021,23,2020-w23
07-Jun-2020,20200607,Jun,6,Q2,2020,Sun,1,7,2020 Q2,2020 Jun,202006,2020-2021,24,2020-w24
08-Jun-2020,20200608,Jun,6,Q2,2020,Mon,2,8,2020 Q2,2020 Jun,202006,2020-2021,24,2020-w24
09-Jun-2020,20200609,Jun,6,Q2,2020,Tue,3,9,2020 Q2,2020 Jun,202006,2020-2021,24,2020-w24
10-Jun-2020,20200610,Jun,6,Q2,2020,Wed,4,10,2020 Q2,2020 Jun,202006,2020-2021,24,2020-w24
11-Jun-2020,20200611,Jun,6,Q2,2020,Thu,5,11,2020 Q2,2020 Jun,202006,2020-2021,24,2020-w24
12-Jun-2020,20200612,Jun,6,Q2,2020,Fri,6,12,2020 Q2,2020 Jun,202006,2020-2021,24,2020-w24
13-Jun-2020,20200613,Jun,6,Q2,2020,Sat,7,13,2020 Q2,2020 Jun,202006,2020-2021,24,2020-w24
14-Jun-2020,20200614,Jun,6,Q2,2020,Sun,1,14,2020 Q2,2020 Jun,202006,2020-2021,25,2020-w25
15-Jun-2020,20200615,Jun,6,Q2,2020,Mon,2,15,2020 Q2,2020 Jun,202006,2020-2021,25,2020-w25
16-Jun-2020,20200616,Jun,6,Q2,2020,Tue,3,16,2020 Q2,2020 Jun,202006,2020-2021,25,2020-w25
17-Jun-2020,20200617,Jun,6,Q2,2020,Wed,4,17,2020 Q2,2020 Jun,202006,2020-2021,25,2020-w25
18-Jun-2020,20200618,Jun,6,Q2,2020,Thu,5,18,2020 Q2,2020 Jun,202006,2020-2021,25,2020-w25
19-Jun-2020,20200619,Jun,6,Q2,2020,Fri,6,19,2020 Q2,2020 Jun,202006,2020-2021,25,2020-w25
20-Jun-2020,20200620,Jun,6,Q2,2020,Sat,7,20,2020 Q2,2020 Jun,202006,2020-2021,25,2020-w25
21-Jun-2020,20200621,Jun,6,Q2,2020,Sun,1,21,2020 Q2,2020 Jun,202006,2020-2021,26,2020-w26
22-Jun-2020,20200622,Jun,6,Q2,2020,Mon,2,22,2020 Q2,2020 Jun,202006,2020-2021,26,2020-w26
23-Jun-2020,20200623,Jun,6,Q2,2020,Tue,3,23,2020 Q2,2020 Jun,202006,2020-2021,26,2020-w26
24-Jun-2020,20200624,Jun,6,Q2,2020,Wed,4,24,2020 Q2,2020 Jun,202006,2020-2021,26,2020-w26
25-Jun-2020,20200625,Jun,6,Q2,2020,Thu,5,25,2020 Q2,2020 Jun,202006,2020-2021,26,2020-w26
26-Jun-2020,20200626,Jun,6,Q2,2020,Fri,6,26,2020 Q2,2020 Jun,202006,2020-2021,26,2020-w26
27-Jun-2020,20200627,Jun,6,Q2,2020,Sat,7,27,2020 Q2,2020 Jun,202006,2020-2021,26,2020-w26
28-Jun-2020,20200628,Jun,6,Q2,2020,Sun,1,28,2020 Q2,2020 Jun,202006,2020-2021,27,2020-w27
29-Jun-2020,20200629,Jun,6,Q2,2020,Mon,2,29,2020 Q2,2020 Jun,202006,2020-2021,27,2020-w27
30-Jun-2020,20200630,Jun,6,Q2,2020,Tue,3,30,2020 Q2,2020 Jun,202006,2020-2021,27,2020-w27
01-Jul-2020,20200701,Jul,7,Q3,2020,Wed,4,1,2020 Q3,2020 Jul,202007,2020-2021,27,2020-w27
02-Jul-2020,20200702,Jul,7,Q3,2020,Thu,5,2,2020 Q3,2020 Jul,202007,2020-2021,27,2020-w27
03-Jul-2020,20200703,Jul,7,Q3,2020,Fri,6,3,2020 Q3,2020 Jul,202007,2020-2021,27,2020-w27
04-Jul-2020,20200704,Jul,7,Q3,2020,Sat,7,4,2020 Q3,2020 Jul,202007,2020-2021,27,2020-w27
05-Jul-2020,20200705,Jul,7,Q3,2020,Sun,1,5,2020 Q3,2020 Jul,202007,2020-2021,28,2020-w28
06-Jul-2020,20200706,Jul,7,Q3,2020,Mon,2,6,2020 Q3,2020 Jul,202007,2020-2021,28,2020-w28
07-Jul-2020,20200707,Jul,7,Q3,2020,Tue,3,7,2020 Q3,2020 Jul,202007,2020-2021,28,2020-w28
08-Jul-2020,20200708,Jul,7,Q3,2020,Wed,4,8,2020 Q3,2020 Jul,202007,2020-2021,28,2020-w28
09-Jul-2020,20200709,Jul,7,Q3,2020,Thu,5,9,2020 Q3,2020 Jul,202007,2020-2021,28,2020-w28
10-Jul-2020,20200710,Jul,7,Q3,2020,Fri,6,10,2020 Q3,2020 Jul,202007,2020-2021,28,2020-w28
11-Jul-2020,20200711,Jul,7,Q3,2020,Sat,7,11,2020 Q3,2020 Jul,202007,2020-2021,28,2020-w28
12-Jul-2020,20200712,Jul,7,Q3,2020,Sun,1,12,2020 Q3,2020 Jul,202007,2020-2021,29,2020-w29
13-Jul-2020,20200713,Jul,7,Q3,2020,Mon,2,13,2020 Q3,2020 Jul,202007,2020-2021,29,2020-w29
14-Jul-2020,20200714,Jul,7,Q3,2020,Tue,3,14,2020 Q3,2020 Jul,202007,2020-2021,29,2020-w29
15-Jul-2020,20200715,Jul,7,Q3,2020,Wed,4,15,2020 Q3,2020 Jul,202007,2020-2021,29,2020-w29
16-Jul-2020,20200716,Jul,7,Q3,2020,Thu,5,16,2020 Q3,2020 Jul,202007,2020-2021,29,2020-w29
17-Jul-2020,20200717,Jul,7,Q3,2020,Fri,6,17,2020 Q3,2020 Jul,202007,2020-2021,29,2020-w29
18-Jul-2020,20200718,Jul,7,Q3,2020,Sat,7,18,2020 Q3,2020 Jul,202007,2020-2021,29,2020-w29
19-Jul-2020,20200719,Jul,7,Q3,2020,Sun,1,19,2020 Q3,2020 Jul,202007,2020-2021,30,2020-w30
20-Jul-2020,20200720,Jul,7,Q3,2020,Mon,2,20,2020 Q3,2020 Jul,202007,2020-2021,30,2020-w30
21-Jul-2020,20200721,Jul,7,Q3,2020,Tue,3,21,2020 Q3,2020 Jul,202007,2020-2021,30,2020-w30
22-Jul-2020,20200722,Jul,7,Q3,2020,Wed,4,22,2020 Q3,2020 Jul,202007,2020-2021,30,2020-w30
23-Jul-2020,20200723,Jul,7,Q3,2020,Thu,5,23,2020 Q3,2020 Jul,202007,2020-2021,30,2020-w30
24-Jul-2020,20200724,Jul,7,Q3,2020,Fri,6,24,2020 Q3,2020 Jul,202007,2020-2021,30,2020-w30
25-Jul-2020,20200725,Jul,7,Q3,2020,Sat,7,25,2020 Q3,2020 Jul,202007,2020-2021,30,2020-w30
26-Jul-2020,20200726,Jul,7,Q3,2020,Sun,1,26,2020 Q3,2020 Jul,202007,2020-2021,31,2020-w31
27-Jul-2020,20200727,Jul,7,Q3,2020,Mon,2,27,2020 Q3,2020 Jul,202007,2020-2021,31,2020-w31
28-Jul-2020,20200728,Jul,7,Q3,2020,Tue,3,28,2020 Q3,2020 Jul,202007,2020-2021,31,2020-w31
29-Jul-2020,20200729,Jul,7,Q3,2020,Wed,4,29,2020 Q3,2020 Jul,202007,2020-2021,31,2020-w31
30-Jul-2020,20200730,Jul,7,Q3,2020,Thu,5,30,2020 Q3,2020 Jul,202007,2020-2021,31,2020-w31
31-Jul-2020,20200731,Jul,7,Q3,2020,Fri,6,31,2020 Q3,2020 Jul,202007,2020-2021,31,2020-w31
01-Aug-2020,20200801,Aug,8,Q3,2020,Sat,7,1,2020 Q3,2020 Aug,202008,2020-2021,31,2020-w31
02-Aug-2020,20200802,Aug,8,Q3,2020,Sun,1,2,2020 Q3,2020 Aug,202008,2020-2021,32,2020-w32
03-Aug-2020,20200803,Aug,8,Q3,2020,Mon,2,3,2020 Q3,2020 Aug,202008,2020-2021,32,2020-w32
04-Aug-2020,20200804,Aug,8,Q3,2020,Tue,3,4,2020 Q3,2020 Aug,202008,2020-2021,32,2020-w32
05-Aug-2020,20200805,Aug,8,Q3,2020,Wed,4,5,2020 Q3,2020 Aug,202008,2020-2021,32,2020-w32
06-Aug-2020,20200806,Aug,8,Q3,2020,Thu,5,6,2020 Q3,2020 Aug,202008,2020-2021,32,2020-w32
07-Aug-2020,20200807,Aug,8,Q3,2020,Fri,6,7,2020 Q3,2020 Aug,202008,2020-2021,32,2020-w32
08-Aug-2020,20200808,Aug,8,Q3,2020,Sat,7,8,2020 Q3,2020 Aug,202008,2020-2021,32,2020-w32
09-Aug-2020,20200809,Aug,8,Q3,2020,Sun,1,9,2020 Q3,2020 Aug,202008,2020-2021,33,2020-w33
10-Aug-2020,20200810,Aug,8,Q3,2020,Mon,2,10,2020 Q3,2020 Aug,202008,2020-2021,33,2020-w33
11-Aug-2020,20200811,Aug,8,Q3,2020,Tue,3,11,2020 Q3,2020 Aug,202008,2020-2021,33,2020-w33
12-Aug-2020,20200812,Aug,8,Q3,2020,Wed,4,12,2020 Q3,2020 Aug,202008,2020-2021,33,2020-w33
13-Aug-2020,20200813,Aug,8,Q3,2020,Thu,5,13,2020 Q3,2020 Aug,202008,2020-2021,33,2020-w33
14-Aug-2020,20200814,Aug,8,Q3,2020,Fri,6,14,2020 Q3,2020 Aug,202008,2020-2021,33,2020-w33
15-Aug-2020,20200815,Aug,8,Q3,2020,Sat,7,15,2020 Q3,2020 Aug,202008,2020-2021,33,2020-w33
16-Aug-2020,20200816,Aug,8,Q3,2020,Sun,1,16,2020 Q3,2020 Aug,202008,2020-2021,34,2020-w34
17-Aug-2020,20200817,Aug,8,Q3,2020,Mon,2,17,2020 Q3,2020 Aug,202008,2020-2021,34,2020-w34
18-Aug-2020,20200818,Aug,8,Q3,2020,Tue,3,18,2020 Q3,2020 Aug,202008,2020-2021,34,2020-w34
19-Aug-2020,20200819,Aug,8,Q3,2020,Wed,4,19,2020 Q3,2020 Aug,202008,2020-2021,34,2020-w34
20-Aug-2020,20200820,Aug,8,Q3,2020,Thu,5,20,2020 Q3,2020 Aug,202008,2020-2021,34,2020-w34
21-Aug-2020,20200821,Aug,8,Q3,2020,Fri,6,21,2020 Q3,2020 Aug,202008,2020-2021,34,2020-w34
22-Aug-2020,20200822,Aug,8,Q3,2020,Sat,7,22,2020 Q3,2020 Aug,202008,2020-2021,34,2020-w34
23-Aug-2020,20200823,Aug,8,Q3,2020,Sun,1,23,2020 Q3,2020 Aug,202008,2020-2021,35,2020-w35
24-Aug-2020,20200824,Aug,8,Q3,2020,Mon,2,24,2020 Q3,2020 Aug,202008,2020-2021,35,2020-w35
25-Aug-2020,20200825,Aug,8,Q3,2020,Tue,3,25,2020 Q3,2020 Aug,202008,2020-2021,35,2020-w35
26-Aug-2020,20200826,Aug,8,Q3,2020,Wed,4,26,2020 Q3,2020 Aug,202008,2020-2021,35,2020-w35
27-Aug-2020,20200827,Aug,8,Q3,2020,Thu,5,27,2020 Q3,2020 Aug,202008,2020-2021,35,2020-w35
28-Aug-2020,20200828,Aug,8,Q3,2020,Fri,6,28,2020 Q3,2020 Aug,202008,2020-2021,35,2020-w35
29-Aug-2020,20200829,Aug,8,Q3,2020,Sat,7,29,2020 Q3,2020 Aug,202008,2020-2021,35,2020-w35
30-Aug-2020,20200830,Aug,8,Q3,2020,Sun,1,30,2020 Q3,2020 Aug,202008,2020-2021,36,2020-w36
31-Aug-2020,20200831,Aug,8,Q3,2020,Mon,2,31,2020 Q3,2020 Aug,202008,2020-2021,36,2020-w36
01-Sep-2020,20200901,Sep,9,Q3,2020,Tue,3,1,2020 Q3,2020 Sep,202009,2020-2021,36,2020-w36
02-Sep-2020,20200902,Sep,9,Q3,2020,Wed,4,2,2020 Q3,2020 Sep,202009,2020-2021,36,2020-w36
03-Sep-2020,20200903,Sep,9,Q3,2020,Thu,5,3,2020 Q3,2020 Sep,202009,2020-2021,36,2020-w36
04-Sep-2020,20200904,Sep,9,Q3,2020,Fri,6,4,2020 Q3,2020 Sep,202009,2020-2021,36,2020-w36
05-Sep-2020,20200905,Sep,9,Q3,2020,Sat,7,5,2020 Q3,2020 Sep,202009,2020-2021,36,2020-w36
06-Sep-2020,20200906,Sep,9,Q3,2020,Sun,1,6,2020 Q3,2020 Sep,202009,2020-2021,37,2020-w37
07-Sep-2020,20200907,Sep,9,Q3,2020,Mon,2,7,2020 Q3,2020 Sep,202009,2020-2021,37,2020-w37
08-Sep-2020,20200908,Sep,9,Q3,2020,Tue,3,8,2020 Q3,2020 Sep,202009,2020-2021,37,2020-w37
09-Sep-2020,20200909,Sep,9,Q3,2020,Wed,4,9,2020 Q3,2020 Sep,202009,2020-2021,37,2020-w37
10-Sep-2020,20200910,Sep,9,Q3,2020,Thu,5,10,2020 Q3,2020 Sep,202009,2020-2021,37,2020-w37
11-Sep-2020,20200911,Sep,9,Q3,2020,Fri,6,11,2020 Q3,2020 Sep,202009,2020-2021,37,2020-w37
12-Sep-2020,20200912,Sep,9,Q3,2020,Sat,7,12,2020 Q3,2020 Sep,202009,2020-2021,37,2020-w37
13-Sep-2020,20200913,Sep,9,Q3,2020,Sun,1,13,2020 Q3,2020 Sep,202009,2020-2021,38,2020-w38
14-Sep-2020,20200914,Sep,9,Q3,2020,Mon,2,14,2020 Q3,2020 Sep,202009,2020-2021,38,2020-w38
15-Sep-2020,20200915,Sep,9,Q3,2020,Tue,3,15,2020 Q3,2020 Sep,202009,2020-2021,38,2020-w38
16-Sep-2020,20200916,Sep,9,Q3,2020,Wed,4,16,2020 Q3,2020 Sep,202009,2020-2021,38,2020-w38
17-Sep-2020,20200917,Sep,9,Q3,2020,Thu,5,17,2020 Q3,2020 Sep,202009,2020-2021,38,2020-w38
18-Sep-2020,20200918,Sep,9,Q3,2020,Fri,6,18,2020 Q3,2020 Sep,202009,2020-2021,38,2020-w38
19-Sep-2020,20200919,Sep,9,Q3,2020,Sat,7,19,2020 Q3,2020 Sep,202009,2020-2021,38,2020-w38
20-Sep-2020,20200920,Sep,9,Q3,2020,Sun,1,20,2020 Q3,2020 Sep,202009,2020-2021,39,2020-w39
21-Sep-2020,20200921,Sep,9,Q3,2020,Mon,2,21,2020 Q3,2020 Sep,202009,2020-2021,39,2020-w39
22-Sep-2020,20200922,Sep,9,Q3,2020,Tue,3,22,2020 Q3,2020 Sep,202009,2020-2021,39,2020-w39
23-Sep-2020,20200923,Sep,9,Q3,2020,Wed,4,23,2020 Q3,2020 Sep,202009,2020-2021,39,2020-w39
24-Sep-2020,20200924,Sep,9,Q3,2020,Thu,5,24,2020 Q3,2020 Sep,202009,2020-2021,39,2020-w39
25-Sep-2020,20200925,Sep,9,Q3,2020,Fri,6,25,2020 Q3,2020 Sep,202009,2020-2021,39,2020-w39
26-Sep-2020,20200926,Sep,9,Q3,2020,Sat,7,26,2020 Q3,2020 Sep,202009,2020-2021,39,2020-w39
27-Sep-2020,20200927,Sep,9,Q3,2020,Sun,1,27,2020 Q3,2020 Sep,202009,2020-2021,40,2020-w40
28-Sep-2020,20200928,Sep,9,Q3,2020,Mon,2,28,2020 Q3,2020 Sep,202009,2020-2021,40,2020-w40
29-Sep-2020,20200929,Sep,9,Q3,2020,Tue,3,29,2020 Q3,2020 Sep,202009,2020-2021,40,2020-w40
30-Sep-2020,20200930,Sep,9,Q3,2020,Wed,4,30,2020 Q3,2020 Sep,202009,2020-2021,40,2020-w40
01-Oct-2020,20201001,Oct,10,Q4,2020,Thu,5,1,2020 Q4,2020 Oct,202010,2020-2021,40,2020-w40
02-Oct-2020,20201002,Oct,10,Q4,2020,Fri,6,2,2020 Q4,2020 Oct,202010,2020-2021,40,2020-w40
03-Oct-2020,20201003,Oct,10,Q4,2020,Sat,7,3,2020 Q4,2020 Oct,202010,2020-2021,40,2020-w40
04-Oct-2020,20201004,Oct,10,Q4,2020,Sun,1,4,2020 Q4,2020 Oct,202010,2020-2021,41,2020-w41
05-Oct-2020,20201005,Oct,10,Q4,2020,Mon,2,5,2020 Q4,2020 Oct,202010,2020-2021,41,2020-w41
06-Oct-2020,20201006,Oct,10,Q4,2020,Tue,3,6,2020 Q4,2020 Oct,202010,2020-2021,41,2020-w41
07-Oct-2020,20201007,Oct,10,Q4,2020,Wed,4,7,2020 Q4,2020 Oct,202010,2020-2021,41,2020-w41
08-Oct-2020,20201008,Oct,10,Q4,2020,Thu,5,8,2020 Q4,2020 Oct,202010,2020-2021,41,2020-w41
09-Oct-2020,20201009,Oct,10,Q4,2020,Fri,6,9,2020 Q4,2020 Oct,202010,2020-2021,41,2020-w41
10-Oct-2020,20201010,Oct,10,Q4,2020,Sat,7,10,2020 Q4,2020 Oct,202010,2020-2021,41,2020-w41
11-Oct-2020,20201011,Oct,10,Q4,2020,Sun,1,11,2020 Q4,2020 Oct,202010,2020-2021,42,2020-w42
12-Oct-2020,20201012,Oct,10,Q4,2020,Mon,2,12,2020 Q4,2020 Oct,202010,2020-2021,42,2020-w42
13-Oct-2020,20201013,Oct,10,Q4,2020,Tue,3,13,2020 Q4,2020 Oct,202010,2020-2021,42,2020-w42
14-Oct-2020,20201014,Oct,10,Q4,2020,Wed,4,14,2020 Q4,2020 Oct,202010,2020-2021,42,2020-w42
15-Oct-2020,20201015,Oct,10,Q4,2020,Thu,5,15,2020 Q4,2020 Oct,202010,2020-2021,42,2020-w42
16-Oct-2020,20201016,Oct,10,Q4,2020,Fri,6,16,2020 Q4,2020 Oct,202010,2020-2021,42,2020-w42
17-Oct-2020,20201017,Oct,10,Q4,2020,Sat,7,17,2020 Q4,2020 Oct,202010,2020-2021,42,2020-w42
18-Oct-2020,20201018,Oct,10,Q4,2020,Sun,1,18,2020 Q4,2020 Oct,202010,2020-2021,43,2020-w43
19-Oct-2020,20201019,Oct,10,Q4,2020,Mon,2,19,2020 Q4,2020 Oct,202010,2020-2021,43,2020-w43
20-Oct-2020,20201020,Oct,10,Q4,2020,Tue,3,20,2020 Q4,2020 Oct,202010,2020-2021,43,2020-w43
21-Oct-2020,20201021,Oct,10,Q4,2020,Wed,4,21,2020 Q4,2020 Oct,202010,2020-2021,43,2020-w43
22-Oct-2020,20201022,Oct,10,Q4,2020,Thu,5,22,2020 Q4,2020 Oct,202010,2020-2021,43,2020-w43
23-Oct-2020,20201023,Oct,10,Q4,2020,Fri,6,23,2020 Q4,2020 Oct,202010,2020-2021,43,2020-w43
24-Oct-2020,20201024,Oct,10,Q4,2020,Sat,7,24,2020 Q4,2020 Oct,202010,2020-2021,43,2020-w43
25-Oct-2020,20201025,Oct,10,Q4,2020,Sun,1,25,2020 Q4,2020 Oct,202010,2020-2021,44,2020-w44
26-Oct-2020,20201026,Oct,10,Q4,2020,Mon,2,26,2020 Q4,2020 Oct,202010,2020-2021,44,2020-w44
27-Oct-2020,20201027,Oct,10,Q4,2020,Tue,3,27,2020 Q4,2020 Oct,202010,2020-2021,44,2020-w44
28-Oct-2020,20201028,Oct,10,Q4,2020,Wed,4,28,2020 Q4,2020 Oct,202010,2020-2021,44,2020-w44
29-Oct-2020,20201029,Oct,10,Q4,2020,Thu,5,29,2020 Q4,2020 Oct,202010,2020-2021,44,2020-w44
30-Oct-2020,20201030,Oct,10,Q4,2020,Fri,6,30,2020 Q4,2020 Oct,202010,2020-2021,44,2020-w44
31-Oct-2020,20201031,Oct,10,Q4,2020,Sat,7,31,2020 Q4,2020 Oct,202010,2020-2021,44,2020-w44
01-Nov-2020,20201101,Nov,11,Q4,2020,Sun,1,1,2020 Q4,2020 Nov,202011,2020-2021,45,2020-w45
02-Nov-2020,20201102,Nov,11,Q4,2020,Mon,2,2,2020 Q4,2020 Nov,202011,2020-2021,45,2020-w45
03-Nov-2020,20201103,Nov,11,Q4,2020,Tue,3,3,2020 Q4,2020 Nov,202011,2020-2021,45,2020-w45
04-Nov-2020,20201104,Nov,11,Q4,2020,Wed,4,4,2020 Q4,2020 Nov,202011,2020-2021,45,2020-w45
05-Nov-2020,20201105,Nov,11,Q4,2020,Thu,5,5,2020 Q4,2020 Nov,202011,2020-2021,45,2020-w45
06-Nov-2020,20201106,Nov,11,Q4,2020,Fri,6,6,2020 Q4,2020 Nov,202011,2020-2021,45,2020-w45
07-Nov-2020,20201107,Nov,11,Q4,2020,Sat,7,7,2020 Q4,2020 Nov,202011,2020-2021,45,2020-w45
08-Nov-2020,20201108,Nov,11,Q4,2020,Sun,1,8,2020 Q4,2020 Nov,202011,2020-2021,46,2020-w46
09-Nov-2020,20201109,Nov,11,Q4,2020,Mon,2,9,2020 Q4,2020 Nov,202011,2020-2021,46,2020-w46
10-Nov-2020,20201110,Nov,11,Q4,2020,Tue,3,10,2020 Q4,2020 Nov,202011,2020-2021,46,2020-w46
11-Nov-2020,20201111,Nov,11,Q4,2020,Wed,4,11,2020 Q4,2020 Nov,202011,2020-2021,46,2020-w46
12-Nov-2020,20201112,Nov,11,Q4,2020,Thu,5,12,2020 Q4,2020 Nov,202011,2020-2021,46,2020-w46
13-Nov-2020,20201113,Nov,11,Q4,2020,Fri,6,13,2020 Q4,2020 Nov,202011,2020-2021,46,2020-w46
14-Nov-2020,20201114,Nov,11,Q4,2020,Sat,7,14,2020 Q4,2020 Nov,202011,2020-2021,46,2020-w46
15-Nov-2020,20201115,Nov,11,Q4,2020,Sun,1,15,2020 Q4,2020 Nov,202011,2020-2021,47,2020-w47
16-Nov-2020,20201116,Nov,11,Q4,2020,Mon,2,16,2020 Q4,2020 Nov,202011,2020-2021,47,2020-w47
17-Nov-2020,20201117,Nov,11,Q4,2020,Tue,3,17,2020 Q4,2020 Nov,202011,2020-2021,47,2020-w47
18-Nov-2020,20201118,Nov,11,Q4,2020,Wed,4,18,2020 Q4,2020 Nov,202011,2020-2021,47,2020-w47
19-Nov-2020,20201119,Nov,11,Q4,2020,Thu,5,19,2020 Q4,2020 Nov,202011,2020-2021,47,2020-w47
20-Nov-2020,20201120,Nov,11,Q4,2020,Fri,6,20,2020 Q4,2020 Nov,202011,2020-2021,47,2020-w47
21-Nov-2020,20201121,Nov,11,Q4,2020,Sat,7,21,2020 Q4,2020 Nov,202011,2020-2021,47,2020-w47
22-Nov-2020,20201122,Nov,11,Q4,2020,Sun,1,22,2020 Q4,2020 Nov,202011,2020-2021,48,2020-w48
23-Nov-2020,20201123,Nov,11,Q4,2020,Mon,2,23,2020 Q4,2020 Nov,202011,2020-2021,48,2020-w48
24-Nov-2020,20201124,Nov,11,Q4,2020,Tue,3,24,2020 Q4,2020 Nov,202011,2020-2021,48,2020-w48
25-Nov-2020,20201125,Nov,11,Q4,2020,Wed,4,25,2020 Q4,2020 Nov,202011,2020-2021,48,2020-w48
26-Nov-2020,20201126,Nov,11,Q4,2020,Thu,5,26,2020 Q4,2020 Nov,202011,2020-2021,48,2020-w48
27-Nov-2020,20201127,Nov,11,Q4,2020,Fri,6,27,2020 Q4,2020 Nov,202011,2020-2021,48,2020-w48
28-Nov-2020,20201128,Nov,11,Q4,2020,Sat,7,28,2020 Q4,2020 Nov,202011,2020-2021,48,2020-w48
29-Nov-2020,20201129,Nov,11,Q4,2020,Sun,1,29,2020 Q4,2020 Nov,202011,2020-2021,49,2020-w49
30-Nov-2020,20201130,Nov,11,Q4,2020,Mon,2,30,2020 Q4,2020 Nov,202011,2020-2021,49,2020-w49
01-Dec-2020,20201201,Dec,12,Q4,2020,Tue,3,1,2020 Q4,2020 Dec,202012,2020-2021,49,2020-w49
02-Dec-2020,20201202,Dec,12,Q4,2020,Wed,4,2,2020 Q4,2020 Dec,202012,2020-2021,49,2020-w49
03-Dec-2020,20201203,Dec,12,Q4,2020,Thu,5,3,2020 Q4,2020 Dec,202012,2020-2021,49,2020-w49
04-Dec-2020,20201204,Dec,12,Q4,2020,Fri,6,4,2020 Q4,2020 Dec,202012,2020-2021,49,2020-w49
05-Dec-2020,20201205,Dec,12,Q4,2020,Sat,7,5,2020 Q4,2020 Dec,202012,2020-2021,49,2020-w49
06-Dec-2020,20201206,Dec,12,Q4,2020,Sun,1,6,2020 Q4,2020 Dec,202012,2020-2021,50,2020-w50
07-Dec-2020,20201207,Dec,12,Q4,2020,Mon,2,7,2020 Q4,2020 Dec,202012,2020-2021,50,2020-w50
08-Dec-2020,20201208,Dec,12,Q4,2020,Tue,3,8,2020 Q4,2020 Dec,202012,2020-2021,50,2020-w50
09-Dec-2020,20201209,Dec,12,Q4,2020,Wed,4,9,2020 Q4,2020 Dec,202012,2020-2021,50,2020-w50
10-Dec-2020,20201210,Dec,12,Q4,2020,Thu,5,10,2020 Q4,2020 Dec,202012,2020-2021,50,2020-w50
11-Dec-2020,20201211,Dec,12,Q4,2020,Fri,6,11,2020 Q4,2020 Dec,202012,2020-2021,50,2020-w50
12-Dec-2020,20201212,Dec,12,Q4,2020,Sat,7,12,2020 Q4,2020 Dec,202012,2020-2021,50,2020-w50
13-Dec-2020,20201213,Dec,12,Q4,2020,Sun,1,13,2020 Q4,2020 Dec,202012,2020-2021,51,2020-w51
14-Dec-2020,20201214,Dec,12,Q4,2020,Mon,2,14,2020 Q4,2020 Dec,202012,2020-2021,51,2020-w51
15-Dec-2020,20201215,Dec,12,Q4,2020,Tue,3,15,2020 Q4,2020 Dec,202012,2020-2021,51,2020-w51
16-Dec-2020,20201216,Dec,12,Q4,2020,Wed,4,16,2020 Q4,2020 Dec,202012,2020-2021,51,2020-w51
17-Dec-2020,20201217,Dec,12,Q4,2020,Thu,5,17,2020 Q4,2020 Dec,202012,2020-2021,51,2020-w51
18-Dec-2020,20201218,Dec,12,Q4,2020,Fri,6,18,2020 Q4,2020 Dec,202012,2020-2021,51,2020-w51
19-Dec-2020,20201219,Dec,12,Q4,2020,Sat,7,19,2020 Q4,2020 Dec,202012,2020-2021,51,2020-w51
20-Dec-2020,20201220,Dec,12,Q4,2020,Sun,1,20,2020 Q4,2020 Dec,202012,2020-2021,52,2020-w52
21-Dec-2020,20201221,Dec,12,Q4,2020,Mon,2,21,2020 Q4,2020 Dec,202012,2020-2021,52,2020-w52
22-Dec-2020,20201222,Dec,12,Q4,2020,Tue,3,22,2020 Q4,2020 Dec,202012,2020-2021,52,2020-w52
23-Dec-2020,20201223,Dec,12,Q4,2020,Wed,4,23,2020 Q4,2020 Dec,202012,2020-2021,52,2020-w52
24-Dec-2020,20201224,Dec,12,Q4,2020,Thu,5,24,2020 Q4,2020 Dec,202012,2020-2021,52,2020-w52
25-Dec-2020,20201225,Dec,12,Q4,2020,Fri,6,25,2020 Q4,2020 Dec,202012,2020-2021,52,2020-w52
26-Dec-2020,20201226,Dec,12,Q4,2020,Sat,7,26,2020 Q4,2020 Dec,202012,2020-2021,52,2020-w52
27-Dec-2020,20201227,Dec,12,Q4,2020,Sun,1,27,2020 Q4,2020 Dec,202012,2020-2021,53,2020-w53
28-Dec-2020,20201228,Dec,12,Q4,2020,Mon,2,28,2020 Q4,2020 Dec,202012,2020-2021,53,2020-w53
29-Dec-2020,20201229,Dec,12,Q4,2020,Tue,3,29,2020 Q4,2020 Dec,202012,2020-2021,53,2020-w53
30-Dec-2020,20201230,Dec,12,Q4,2020,Wed,4,30,2020 Q4,2020 Dec,202012,2020-2021,53,2020-w53
31-Dec-2020,20201231,Dec,12,Q4,2020,Thu,5,31,2020 Q4,2020 Dec,202012,2020-2021,53,2020-w53
01-Jan-2021,20210101,Jan,1,Q1,2021,Fri,6,1,2021 Q1,2021 Jan,202101,2020-2021,1,2021-w1
02-Jan-2021,20210102,Jan,1,Q1,2021,Sat,7,2,2021 Q1,2021 Jan,202101,2020-2021,1,2021-w1
03-Jan-2021,20210103,Jan,1,Q1,2021,Sun,1,3,2021 Q1,2021 Jan,202101,2020-2021,2,2021-w2
04-Jan-2021,20210104,Jan,1,Q1,2021,Mon,2,4,2021 Q1,2021 Jan,202101,2020-2021,2,2021-w2
05-Jan-2021,20210105,Jan,1,Q1,2021,Tue,3,5,2021 Q1,2021 Jan,202101,2020-2021,2,2021-w2
06-Jan-2021,20210106,Jan,1,Q1,2021,Wed,4,6,2021 Q1,2021 Jan,202101,2020-2021,2,2021-w2
07-Jan-2021,20210107,Jan,1,Q1,2021,Thu,5,7,2021 Q1,2021 Jan,202101,2020-2021,2,2021-w2
08-Jan-2021,20210108,Jan,1,Q1,2021,Fri,6,8,2021 Q1,2021 Jan,202101,2020-2021,2,2021-w2
09-Jan-2021,20210109,Jan,1,Q1,2021,Sat,7,9,2021 Q1,2021 Jan,202101,2020-2021,2,2021-w2
10-Jan-2021,20210110,Jan,1,Q1,2021,Sun,1,10,2021 Q1,2021 Jan,202101,2020-2021,3,2021-w3
11-Jan-2021,20210111,Jan,1,Q1,2021,Mon,2,11,2021 Q1,2021 Jan,202101,2020-2021,3,2021-w3
12-Jan-2021,20210112,Jan,1,Q1,2021,Tue,3,12,2021 Q1,2021 Jan,202101,2020-2021,3,2021-w3
13-Jan-2021,20210113,Jan,1,Q1,2021,Wed,4,13,2021 Q1,2021 Jan,202101,2020-2021,3,2021-w3
14-Jan-2021,20210114,Jan,1,Q1,2021,Thu,5,14,2021 Q1,2021 Jan,202101,2020-2021,3,2021-w3
15-Jan-2021,20210115,Jan,1,Q1,2021,Fri,6,15,2021 Q1,2021 Jan,202101,2020-2021,3,2021-w3
16-Jan-2021,20210116,Jan,1,Q1,2021,Sat,7,16,2021 Q1,2021 Jan,202101,2020-2021,3,2021-w3
17-Jan-2021,20210117,Jan,1,Q1,2021,Sun,1,17,2021 Q1,2021 Jan,202101,2020-2021,4,2021-w4
18-Jan-2021,20210118,Jan,1,Q1,2021,Mon,2,18,2021 Q1,2021 Jan,202101,2020-2021,4,2021-w4
19-Jan-2021,20210119,Jan,1,Q1,2021,Tue,3,19,2021 Q1,2021 Jan,202101,2020-2021,4,2021-w4
20-Jan-2021,20210120,Jan,1,Q1,2021,Wed,4,20,2021 Q1,2021 Jan,202101,2020-2021,4,2021-w4
21-Jan-2021,20210121,Jan,1,Q1,2021,Thu,5,21,2021 Q1,2021 Jan,202101,2020-2021,4,2021-w4
22-Jan-2021,20210122,Jan,1,Q1,2021,Fri,6,22,2021 Q1,2021 Jan,202101,2020-2021,4,2021-w4
23-Jan-2021,20210123,Jan,1,Q1,2021,Sat,7,23,2021 Q1,2021 Jan,202101,2020-2021,4,2021-w4
24-Jan-2021,20210124,Jan,1,Q1,2021,Sun,1,24,2021 Q1,2021 Jan,202101,2020-2021,5,2021-w5
25-Jan-2021,20210125,Jan,1,Q1,2021,Mon,2,25,2021 Q1,2021 Jan,202101,2020-2021,5,2021-w5
26-Jan-2021,20210126,Jan,1,Q1,2021,Tue,3,26,2021 Q1,2021 Jan,202101,2020-2021,5,2021-w5
27-Jan-2021,20210127,Jan,1,Q1,2021,Wed,4,27,2021 Q1,2021 Jan,202101,2020-2021,5,2021-w5
28-Jan-2021,20210128,Jan,1,Q1,2021,Thu,5,28,2021 Q1,2021 Jan,202101,2020-2021,5,2021-w5
29-Jan-2021,20210129,Jan,1,Q1,2021,Fri,6,29,2021 Q1,2021 Jan,202101,2020-2021,5,2021-w5
30-Jan-2021,20210130,Jan,1,Q1,2021,Sat,7,30,2021 Q1,2021 Jan,202101,2020-2021,5,2021-w5
31-Jan-2021,20210131,Jan,1,Q1,2021,Sun,1,31,2021 Q1,2021 Jan,202101,2020-2021,6,2021-w6
01-Feb-2021,20210201,Feb,2,Q1,2021,Mon,2,1,2021 Q1,2021 Feb,202102,2020-2021,6,2021-w6
02-Feb-2021,20210202,Feb,2,Q1,2021,Tue,3,2,2021 Q1,2021 Feb,202102,2020-2021,6,2021-w6
03-Feb-2021,20210203,Feb,2,Q1,2021,Wed,4,3,2021 Q1,2021 Feb,202102,2020-2021,6,2021-w6
04-Feb-2021,20210204,Feb,2,Q1,2021,Thu,5,4,2021 Q1,2021 Feb,202102,2020-2021,6,2021-w6
05-Feb-2021,20210205,Feb,2,Q1,2021,Fri,6,5,2021 Q1,2021 Feb,202102,2020-2021,6,2021-w6
06-Feb-2021,20210206,Feb,2,Q1,2021,Sat,7,6,2021 Q1,2021 Feb,202102,2020-2021,6,2021-w6
07-Feb-2021,20210207,Feb,2,Q1,2021,Sun,1,7,2021 Q1,2021 Feb,202102,2020-2021,7,2021-w7
08-Feb-2021,20210208,Feb,2,Q1,2021,Mon,2,8,2021 Q1,2021 Feb,202102,2020-2021,7,2021-w7
09-Feb-2021,20210209,Feb,2,Q1,2021,Tue,3,9,2021 Q1,2021 Feb,202102,2020-2021,7,2021-w7
10-Feb-2021,20210210,Feb,2,Q1,2021,Wed,4,10,2021 Q1,2021 Feb,202102,2020-2021,7,2021-w7
11-Feb-2021,20210211,Feb,2,Q1,2021,Thu,5,11,2021 Q1,2021 Feb,202102,2020-2021,7,2021-w7
12-Feb-2021,20210212,Feb,2,Q1,2021,Fri,6,12,2021 Q1,2021 Feb,202102,2020-2021,7,2021-w7
13-Feb-2021,20210213,Feb,2,Q1,2021,Sat,7,13,2021 Q1,2021 Feb,202102,2020-2021,7,2021-w7
14-Feb-2021,20210214,Feb,2,Q1,2021,Sun,1,14,2021 Q1,2021 Feb,202102,2020-2021,8,2021-w8
15-Feb-2021,20210215,Feb,2,Q1,2021,Mon,2,15,2021 Q1,2021 Feb,202102,2020-2021,8,2021-w8
16-Feb-2021,20210216,Feb,2,Q1,2021,Tue,3,16,2021 Q1,2021 Feb,202102,2020-2021,8,2021-w8
17-Feb-2021,20210217,Feb,2,Q1,2021,Wed,4,17,2021 Q1,2021 Feb,202102,2020-2021,8,2021-w8
18-Feb-2021,20210218,Feb,2,Q1,2021,Thu,5,18,2021 Q1,2021 Feb,202102,2020-2021,8,2021-w8
19-Feb-2021,20210219,Feb,2,Q1,2021,Fri,6,19,2021 Q1,2021 Feb,202102,2020-2021,8,2021-w8
20-Feb-2021,20210220,Feb,2,Q1,2021,Sat,7,20,2021 Q1,2021 Feb,202102,2020-2021,8,2021-w8
21-Feb-2021,20210221,Feb,2,Q1,2021,Sun,1,21,2021 Q1,2021 Feb,202102,2020-2021,9,2021-w9
22-Feb-2021,20210222,Feb,2,Q1,2021,Mon,2,22,2021 Q1,2021 Feb,202102,2020-2021,9,2021-w9
23-Feb-2021,20210223,Feb,2,Q1,2021,Tue,3,23,2021 Q1,2021 Feb,202102,2020-2021,9,2021-w9
24-Feb-2021,20210224,Feb,2,Q1,2021,Wed,4,24,2021 Q1,2021 Feb,202102,2020-2021,9,2021-w9
25-Feb-2021,20210225,Feb,2,Q1,2021,Thu,5,25,2021 Q1,2021 Feb,202102,2020-2021,9,2021-w9
26-Feb-2021,20210226,Feb,2,Q1,2021,Fri,6,26,2021 Q1,2021 Feb,202102,2020-2021,9,2021-w9
27-Feb-2021,20210227,Feb,2,Q1,2021,Sat,7,27,2021 Q1,2021 Feb,202102,2020-2021,9,2021-w9
28-Feb-2021,20210228,Feb,2,Q1,2021,Sun,1,28,2021 Q1,2021 Feb,202102,2020-2021,10,2021-w10
01-Mar-2021,20210301,Mar,3,Q1,2021,Mon,2,1,2021 Q1,2021 Mar,202103,2020-2021,10,2021-w10
02-Mar-2021,20210302,Mar,3,Q1,2021,Tue,3,2,2021 Q1,2021 Mar,202103,2020-2021,10,2021-w10
03-Mar-2021,20210303,Mar,3,Q1,2021,Wed,4,3,2021 Q1,2021 Mar,202103,2020-2021,10,2021-w10
04-Mar-2021,20210304,Mar,3,Q1,2021,Thu,5,4,2021 Q1,2021 Mar,202103,2020-2021,10,2021-w10
05-Mar-2021,20210305,Mar,3,Q1,2021,Fri,6,5,2021 Q1,2021 Mar,202103,2020-2021,10,2021-w10
06-Mar-2021,20210306,Mar,3,Q1,2021,Sat,7,6,2021 Q1,2021 Mar,202103,2020-2021,10,2021-w10
07-Mar-2021,20210307,Mar,3,Q1,2021,Sun,1,7,2021 Q1,2021 Mar,202103,2020-2021,11,2021-w11
08-Mar-2021,20210308,Mar,3,Q1,2021,Mon,2,8,2021 Q1,2021 Mar,202103,2020-2021,11,2021-w11
09-Mar-2021,20210309,Mar,3,Q1,2021,Tue,3,9,2021 Q1,2021 Mar,202103,2020-2021,11,2021-w11
10-Mar-2021,20210310,Mar,3,Q1,2021,Wed,4,10,2021 Q1,2021 Mar,202103,2020-2021,11,2021-w11
11-Mar-2021,20210311,Mar,3,Q1,2021,Thu,5,11,2021 Q1,2021 Mar,202103,2020-2021,11,2021-w11
12-Mar-2021,20210312,Mar,3,Q1,2021,Fri,6,12,2021 Q1,2021 Mar,202103,2020-2021,11,2021-w11
13-Mar-2021,20210313,Mar,3,Q1,2021,Sat,7,13,2021 Q1,2021 Mar,202103,2020-2021,11,2021-w11
14-Mar-2021,20210314,Mar,3,Q1,2021,Sun,1,14,2021 Q1,2021 Mar,202103,2020-2021,12,2021-w12
15-Mar-2021,20210315,Mar,3,Q1,2021,Mon,2,15,2021 Q1,2021 Mar,202103,2020-2021,12,2021-w12
16-Mar-2021,20210316,Mar,3,Q1,2021,Tue,3,16,2021 Q1,2021 Mar,202103,2020-2021,12,2021-w12
17-Mar-2021,20210317,Mar,3,Q1,2021,Wed,4,17,2021 Q1,2021 Mar,202103,2020-2021,12,2021-w12
18-Mar-2021,20210318,Mar,3,Q1,2021,Thu,5,18,2021 Q1,2021 Mar,202103,2020-2021,12,2021-w12
19-Mar-2021,20210319,Mar,3,Q1,2021,Fri,6,19,2021 Q1,2021 Mar,202103,2020-2021,12,2021-w12
20-Mar-2021,20210320,Mar,3,Q1,2021,Sat,7,20,2021 Q1,2021 Mar,202103,2020-2021,12,2021-w12
21-Mar-2021,20210321,Mar,3,Q1,2021,Sun,1,21,2021 Q1,2021 Mar,202103,2020-2021,13,2021-w13
22-Mar-2021,20210322,Mar,3,Q1,2021,Mon,2,22,2021 Q1,2021 Mar,202103,2020-2021,13,2021-w13
23-Mar-2021,20210323,Mar,3,Q1,2021,Tue,3,23,2021 Q1,2021 Mar,202103,2020-2021,13,2021-w13
24-Mar-2021,20210324,Mar,3,Q1,2021,Wed,4,24,2021 Q1,2021 Mar,202103,2020-2021,13,2021-w13
25-Mar-2021,20210325,Mar,3,Q1,2021,Thu,5,25,2021 Q1,2021 Mar,202103,2020-2021,13,2021-w13
26-Mar-2021,20210326,Mar,3,Q1,2021,Fri,6,26,2021 Q1,2021 Mar,202103,2020-2021,13,2021-w13
27-Mar-2021,20210327,Mar,3,Q1,2021,Sat,7,27,2021 Q1,2021 Mar,202103,2020-2021,13,2021-w13
28-Mar-2021,20210328,Mar,3,Q1,2021,Sun,1,28,2021 Q1,2021 Mar,202103,2020-2021,14,2021-w14
29-Mar-2021,20210329,Mar,3,Q1,2021,Mon,2,29,2021 Q1,2021 Mar,202103,2020-2021,14,2021-w14
30-Mar-2021,20210330,Mar,3,Q1,2021,Tue,3,30,2021 Q1,2021 Mar,202103,2020-2021,14,2021-w14
31-Mar-2021,20210331,Mar,3,Q1,2021,Wed,4,31,2021 Q1,2021 Mar,202103,2020-2021,14,2021-w14
01-Apr-2021,20210401,Apr,4,Q2,2021,Thu,5,1,2021 Q2,2021 Apr,202104,2021-2022,14,2021-w14
02-Apr-2021,20210402,Apr,4,Q2,2021,Fri,6,2,2021 Q2,2021 Apr,202104,2021-2022,14,2021-w14
03-Apr-2021,20210403,Apr,4,Q2,2021,Sat,7,3,2021 Q2,2021 Apr,202104,2021-2022,14,2021-w14
04-Apr-2021,20210404,Apr,4,Q2,2021,Sun,1,4,2021 Q2,2021 Apr,202104,2021-2022,15,2021-w15
05-Apr-2021,20210405,Apr,4,Q2,2021,Mon,2,5,2021 Q2,2021 Apr,202104,2021-2022,15,2021-w15
06-Apr-2021,20210406,Apr,4,Q2,2021,Tue,3,6,2021 Q2,2021 Apr,202104,2021-2022,15,2021-w15
07-Apr-2021,20210407,Apr,4,Q2,2021,Wed,4,7,2021 Q2,2021 Apr,202104,2021-2022,15,2021-w15
08-Apr-2021,20210408,Apr,4,Q2,2021,Thu,5,8,2021 Q2,2021 Apr,202104,2021-2022,15,2021-w15
09-Apr-2021,20210409,Apr,4,Q2,2021,Fri,6,9,2021 Q2,2021 Apr,202104,2021-2022,15,2021-w15
10-Apr-2021,20210410,Apr,4,Q2,2021,Sat,7,10,2021 Q2,2021 Apr,202104,2021-2022,15,2021-w15
11-Apr-2021,20210411,Apr,4,Q2,2021,Sun,1,11,2021 Q2,2021 Apr,202104,2021-2022,16,2021-w16
12-Apr-2021,20210412,Apr,4,Q2,2021,Mon,2,12,2021 Q2,2021 Apr,202104,2021-2022,16,2021-w16
13-Apr-2021,20210413,Apr,4,Q2,2021,Tue,3,13,2021 Q2,2021 Apr,202104,2021-2022,16,2021-w16
14-Apr-2021,20210414,Apr,4,Q2,2021,Wed,4,14,2021 Q2,2021 Apr,202104,2021-2022,16,2021-w16
15-Apr-2021,20210415,Apr,4,Q2,2021,Thu,5,15,2021 Q2,2021 Apr,202104,2021-2022,16,2021-w16
16-Apr-2021,20210416,Apr,4,Q2,2021,Fri,6,16,2021 Q2,2021 Apr,202104,2021-2022,16,2021-w16
17-Apr-2021,20210417,Apr,4,Q2,2021,Sat,7,17,2021 Q2,2021 Apr,202104,2021-2022,16,2021-w16
18-Apr-2021,20210418,Apr,4,Q2,2021,Sun,1,18,2021 Q2,2021 Apr,202104,2021-2022,17,2021-w17
19-Apr-2021,20210419,Apr,4,Q2,2021,Mon,2,19,2021 Q2,2021 Apr,202104,2021-2022,17,2021-w17
20-Apr-2021,20210420,Apr,4,Q2,2021,Tue,3,20,2021 Q2,2021 Apr,202104,2021-2022,17,2021-w17
21-Apr-2021,20210421,Apr,4,Q2,2021,Wed,4,21,2021 Q2,2021 Apr,202104,2021-2022,17,2021-w17
22-Apr-2021,20210422,Apr,4,Q2,2021,Thu,5,22,2021 Q2,2021 Apr,202104,2021-2022,17,2021-w17
23-Apr-2021,20210423,Apr,4,Q2,2021,Fri,6,23,2021 Q2,2021 Apr,202104,2021-2022,17,2021-w17
24-Apr-2021,20210424,Apr,4,Q2,2021,Sat,7,24,2021 Q2,2021 Apr,202104,2021-2022,17,2021-w17
25-Apr-2021,20210425,Apr,4,Q2,2021,Sun,1,25,2021 Q2,2021 Apr,202104,2021-2022,18,2021-w18
26-Apr-2021,20210426,Apr,4,Q2,2021,Mon,2,26,2021 Q2,2021 Apr,202104,2021-2022,18,2021-w18
27-Apr-2021,20210427,Apr,4,Q2,2021,Tue,3,27,2021 Q2,2021 Apr,202104,2021-2022,18,2021-w18
28-Apr-2021,20210428,Apr,4,Q2,2021,Wed,4,28,2021 Q2,2021 Apr,202104,2021-2022,18,2021-w18
29-Apr-2021,20210429,Apr,4,Q2,2021,Thu,5,29,2021 Q2,2021 Apr,202104,2021-2022,18,2021-w18
30-Apr-2021,20210430,Apr,4,Q2,2021,Fri,6,30,2021 Q2,2021 Apr,202104,2021-2022,18,2021-w18
01-May-2021,20210501,May,5,Q2,2021,Sat,7,1,2021 Q2,2021 May,202105,2021-2022,18,2021-w18
02-May-2021,20210502,May,5,Q2,2021,Sun,1,2,2021 Q2,2021 May,202105,2021-2022,19,2021-w19
03-May-2021,20210503,May,5,Q2,2021,Mon,2,3,2021 Q2,2021 May,202105,2021-2022,19,2021-w19
04-May-2021,20210504,May,5,Q2,2021,Tue,3,4,2021 Q2,2021 May,202105,2021-2022,19,2021-w19
05-May-2021,20210505,May,5,Q2,2021,Wed,4,5,2021 Q2,2021 May,202105,2021-2022,19,2021-w19
06-May-2021,20210506,May,5,Q2,2021,Thu,5,6,2021 Q2,2021 May,202105,2021-2022,19,2021-w19
07-May-2021,20210507,May,5,Q2,2021,Fri,6,7,2021 Q2,2021 May,202105,2021-2022,19,2021-w19
08-May-2021,20210508,May,5,Q2,2021,Sat,7,8,2021 Q2,2021 May,202105,2021-2022,19,2021-w19
09-May-2021,20210509,May,5,Q2,2021,Sun,1,9,2021 Q2,2021 May,202105,2021-2022,20,2021-w20
10-May-2021,20210510,May,5,Q2,2021,Mon,2,10,2021 Q2,2021 May,202105,2021-2022,20,2021-w20
11-May-2021,20210511,May,5,Q2,2021,Tue,3,11,2021 Q2,2021 May,202105,2021-2022,20,2021-w20
12-May-2021,20210512,May,5,Q2,2021,Wed,4,12,2021 Q2,2021 May,202105,2021-2022,20,2021-w20
13-May-2021,20210513,May,5,Q2,2021,Thu,5,13,2021 Q2,2021 May,202105,2021-2022,20,2021-w20
14-May-2021,20210514,May,5,Q2,2021,Fri,6,14,2021 Q2,2021 May,202105,2021-2022,20,2021-w20
15-May-2021,20210515,May,5,Q2,2021,Sat,7,15,2021 Q2,2021 May,202105,2021-2022,20,2021-w20
16-May-2021,20210516,May,5,Q2,2021,Sun,1,16,2021 Q2,2021 May,202105,2021-2022,21,2021-w21
17-May-2021,20210517,May,5,Q2,2021,Mon,2,17,2021 Q2,2021 May,202105,2021-2022,21,2021-w21
18-May-2021,20210518,May,5,Q2,2021,Tue,3,18,2021 Q2,2021 May,202105,2021-2022,21,2021-w21
19-May-2021,20210519,May,5,Q2,2021,Wed,4,19,2021 Q2,2021 May,202105,2021-2022,21,2021-w21
20-May-2021,20210520,May,5,Q2,2021,Thu,5,20,2021 Q2,2021 May,202105,2021-2022,21,2021-w21
21-May-2021,20210521,May,5,Q2,2021,Fri,6,21,2021 Q2,2021 May,202105,2021-2022,21,2021-w21
22-May-2021,20210522,May,5,Q2,2021,Sat,7,22,2021 Q2,2021 May,202105,2021-2022,21,2021-w21
23-May-2021,20210523,May,5,Q2,2021,Sun,1,23,2021 Q2,2021 May,202105,2021-2022,22,2021-w22
24-May-2021,20210524,May,5,Q2,2021,Mon,2,24,2021 Q2,2021 May,202105,2021-2022,22,2021-w22
25-May-2021,20210525,May,5,Q2,2021,Tue,3,25,2021 Q2,2021 May,202105,2021-2022,22,2021-w22
26-May-2021,20210526,May,5,Q2,2021,Wed,4,26,2021 Q2,2021 May,202105,2021-2022,22,2021-w22
27-May-2021,20210527,May,5,Q2,2021,Thu,5,27,2021 Q2,2021 May,202105,2021-2022,22,2021-w22
28-May-2021,20210528,May,5,Q2,2021,Fri,6,28,2021 Q2,2021 May,202105,2021-2022,22,2021-w22
29-May-2021,20210529,May,5,Q2,2021,Sat,7,29,2021 Q2,2021 May,202105,2021-2022,22,2021-w22
30-May-2021,20210530,May,5,Q2,2021,Sun,1,30,2021 Q2,2021 May,202105,2021-2022,23,2021-w23
31-May-2021,20210531,May,5,Q2,2021,Mon,2,31,2021 Q2,2021 May,202105,2021-2022,23,2021-w23
01-Jun-2021,20210601,Jun,6,Q2,2021,Tue,3,1,2021 Q2,2021 Jun,202106,2021-2022,23,2021-w23
02-Jun-2021,20210602,Jun,6,Q2,2021,Wed,4,2,2021 Q2,2021 Jun,202106,2021-2022,23,2021-w23
03-Jun-2021,20210603,Jun,6,Q2,2021,Thu,5,3,2021 Q2,2021 Jun,202106,2021-2022,23,2021-w23
04-Jun-2021,20210604,Jun,6,Q2,2021,Fri,6,4,2021 Q2,2021 Jun,202106,2021-2022,23,2021-w23
05-Jun-2021,20210605,Jun,6,Q2,2021,Sat,7,5,2021 Q2,2021 Jun,202106,2021-2022,23,2021-w23
06-Jun-2021,20210606,Jun,6,Q2,2021,Sun,1,6,2021 Q2,2021 Jun,202106,2021-2022,24,2021-w24
07-Jun-2021,20210607,Jun,6,Q2,2021,Mon,2,7,2021 Q2,2021 Jun,202106,2021-2022,24,2021-w24
08-Jun-2021,20210608,Jun,6,Q2,2021,Tue,3,8,2021 Q2,2021 Jun,202106,2021-2022,24,2021-w24
09-Jun-2021,20210609,Jun,6,Q2,2021,Wed,4,9,2021 Q2,2021 Jun,202106,2021-2022,24,2021-w24
10-Jun-2021,20210610,Jun,6,Q2,2021,Thu,5,10,2021 Q2,2021 Jun,202106,2021-2022,24,2021-w24
11-Jun-2021,20210611,Jun,6,Q2,2021,Fri,6,11,2021 Q2,2021 Jun,202106,2021-2022,24,2021-w24
12-Jun-2021,20210612,Jun,6,Q2,2021,Sat,7,12,2021 Q2,2021 Jun,202106,2021-2022,24,2021-w24
13-Jun-2021,20210613,Jun,6,Q2,2021,Sun,1,13,2021 Q2,2021 Jun,202106,2021-2022,25,2021-w25
14-Jun-2021,20210614,Jun,6,Q2,2021,Mon,2,14,2021 Q2,2021 Jun,202106,2021-2022,25,2021-w25
15-Jun-2021,20210615,Jun,6,Q2,2021,Tue,3,15,2021 Q2,2021 Jun,202106,2021-2022,25,2021-w25
16-Jun-2021,20210616,Jun,6,Q2,2021,Wed,4,16,2021 Q2,2021 Jun,202106,2021-2022,25,2021-w25
17-Jun-2021,20210617,Jun,6,Q2,2021,Thu,5,17,2021 Q2,2021 Jun,202106,2021-2022,25,2021-w25
18-Jun-2021,20210618,Jun,6,Q2,2021,Fri,6,18,2021 Q2,2021 Jun,202106,2021-2022,25,2021-w25
19-Jun-2021,20210619,Jun,6,Q2,2021,Sat,7,19,2021 Q2,2021 Jun,202106,2021-2022,25,2021-w25
20-Jun-2021,20210620,Jun,6,Q2,2021,Sun,1,20,2021 Q2,2021 Jun,202106,2021-2022,26,2021-w26
21-Jun-2021,20210621,Jun,6,Q2,2021,Mon,2,21,2021 Q2,2021 Jun,202106,2021-2022,26,2021-w26
22-Jun-2021,20210622,Jun,6,Q2,2021,Tue,3,22,2021 Q2,2021 Jun,202106,2021-2022,26,2021-w26
23-Jun-2021,20210623,Jun,6,Q2,2021,Wed,4,23,2021 Q2,2021 Jun,202106,2021-2022,26,2021-w26
24-Jun-2021,20210624,Jun,6,Q2,2021,Thu,5,24,2021 Q2,2021 Jun,202106,2021-2022,26,2021-w26
25-Jun-2021,20210625,Jun,6,Q2,2021,Fri,6,25,2021 Q2,2021 Jun,202106,2021-2022,26,2021-w26
26-Jun-2021,20210626,Jun,6,Q2,2021,Sat,7,26,2021 Q2,2021 Jun,202106,2021-2022,26,2021-w26
27-Jun-2021,20210627,Jun,6,Q2,2021,Sun,1,27,2021 Q2,2021 Jun,202106,2021-2022,27,2021-w27
28-Jun-2021,20210628,Jun,6,Q2,2021,Mon,2,28,2021 Q2,2021 Jun,202106,2021-2022,27,2021-w27
29-Jun-2021,20210629,Jun,6,Q2,2021,Tue,3,29,2021 Q2,2021 Jun,202106,2021-2022,27,2021-w27
30-Jun-2021,20210630,Jun,6,Q2,2021,Wed,4,30,2021 Q2,2021 Jun,202106,2021-2022,27,2021-w27
01-Jul-2021,20210701,Jul,7,Q3,2021,Thu,5,1,2021 Q3,2021 Jul,202107,2021-2022,27,2021-w27
02-Jul-2021,20210702,Jul,7,Q3,2021,Fri,6,2,2021 Q3,2021 Jul,202107,2021-2022,27,2021-w27
03-Jul-2021,20210703,Jul,7,Q3,2021,Sat,7,3,2021 Q3,2021 Jul,202107,2021-2022,27,2021-w27
04-Jul-2021,20210704,Jul,7,Q3,2021,Sun,1,4,2021 Q3,2021 Jul,202107,2021-2022,28,2021-w28
05-Jul-2021,20210705,Jul,7,Q3,2021,Mon,2,5,2021 Q3,2021 Jul,202107,2021-2022,28,2021-w28
06-Jul-2021,20210706,Jul,7,Q3,2021,Tue,3,6,2021 Q3,2021 Jul,202107,2021-2022,28,2021-w28
07-Jul-2021,20210707,Jul,7,Q3,2021,Wed,4,7,2021 Q3,2021 Jul,202107,2021-2022,28,2021-w28
08-Jul-2021,20210708,Jul,7,Q3,2021,Thu,5,8,2021 Q3,2021 Jul,202107,2021-2022,28,2021-w28
09-Jul-2021,20210709,Jul,7,Q3,2021,Fri,6,9,2021 Q3,2021 Jul,202107,2021-2022,28,2021-w28
10-Jul-2021,20210710,Jul,7,Q3,2021,Sat,7,10,2021 Q3,2021 Jul,202107,2021-2022,28,2021-w28
11-Jul-2021,20210711,Jul,7,Q3,2021,Sun,1,11,2021 Q3,2021 Jul,202107,2021-2022,29,2021-w29
12-Jul-2021,20210712,Jul,7,Q3,2021,Mon,2,12,2021 Q3,2021 Jul,202107,2021-2022,29,2021-w29
13-Jul-2021,20210713,Jul,7,Q3,2021,Tue,3,13,2021 Q3,2021 Jul,202107,2021-2022,29,2021-w29
14-Jul-2021,20210714,Jul,7,Q3,2021,Wed,4,14,2021 Q3,2021 Jul,202107,2021-2022,29,2021-w29
15-Jul-2021,20210715,Jul,7,Q3,2021,Thu,5,15,2021 Q3,2021 Jul,202107,2021-2022,29,2021-w29
16-Jul-2021,20210716,Jul,7,Q3,2021,Fri,6,16,2021 Q3,2021 Jul,202107,2021-2022,29,2021-w29
17-Jul-2021,20210717,Jul,7,Q3,2021,Sat,7,17,2021 Q3,2021 Jul,202107,2021-2022,29,2021-w29
18-Jul-2021,20210718,Jul,7,Q3,2021,Sun,1,18,2021 Q3,2021 Jul,202107,2021-2022,30,2021-w30
19-Jul-2021,20210719,Jul,7,Q3,2021,Mon,2,19,2021 Q3,2021 Jul,202107,2021-2022,30,2021-w30
20-Jul-2021,20210720,Jul,7,Q3,2021,Tue,3,20,2021 Q3,2021 Jul,202107,2021-2022,30,2021-w30
21-Jul-2021,20210721,Jul,7,Q3,2021,Wed,4,21,2021 Q3,2021 Jul,202107,2021-2022,30,2021-w30
22-Jul-2021,20210722,Jul,7,Q3,2021,Thu,5,22,2021 Q3,2021 Jul,202107,2021-2022,30,2021-w30
23-Jul-2021,20210723,Jul,7,Q3,2021,Fri,6,23,2021 Q3,2021 Jul,202107,2021-2022,30,2021-w30
24-Jul-2021,20210724,Jul,7,Q3,2021,Sat,7,24,2021 Q3,2021 Jul,202107,2021-2022,30,2021-w30
25-Jul-2021,20210725,Jul,7,Q3,2021,Sun,1,25,2021 Q3,2021 Jul,202107,2021-2022,31,2021-w31
26-Jul-2021,20210726,Jul,7,Q3,2021,Mon,2,26,2021 Q3,2021 Jul,202107,2021-2022,31,2021-w31
27-Jul-2021,20210727,Jul,7,Q3,2021,Tue,3,27,2021 Q3,2021 Jul,202107,2021-2022,31,2021-w31
28-Jul-2021,20210728,Jul,7,Q3,2021,Wed,4,28,2021 Q3,2021 Jul,202107,2021-2022,31,2021-w31
29-Jul-2021,20210729,Jul,7,Q3,2021,Thu,5,29,2021 Q3,2021 Jul,202107,2021-2022,31,2021-w31
30-Jul-2021,20210730,Jul,7,Q3,2021,Fri,6,30,2021 Q3,2021 Jul,202107,2021-2022,31,2021-w31
31-Jul-2021,20210731,Jul,7,Q3,2021,Sat,7,31,2021 Q3,2021 Jul,202107,2021-2022,31,2021-w31
01-Aug-2021,20210801,Aug,8,Q3,2021,Sun,1,1,2021 Q3,2021 Aug,202108,2021-2022,32,2021-w32
02-Aug-2021,20210802,Aug,8,Q3,2021,Mon,2,2,2021 Q3,2021 Aug,202108,2021-2022,32,2021-w32
03-Aug-2021,20210803,Aug,8,Q3,2021,Tue,3,3,2021 Q3,2021 Aug,202108,2021-2022,32,2021-w32
04-Aug-2021,20210804,Aug,8,Q3,2021,Wed,4,4,2021 Q3,2021 Aug,202108,2021-2022,32,2021-w32
05-Aug-2021,20210805,Aug,8,Q3,2021,Thu,5,5,2021 Q3,2021 Aug,202108,2021-2022,32,2021-w32
06-Aug-2021,20210806,Aug,8,Q3,2021,Fri,6,6,2021 Q3,2021 Aug,202108,2021-2022,32,2021-w32
07-Aug-2021,20210807,Aug,8,Q3,2021,Sat,7,7,2021 Q3,2021 Aug,202108,2021-2022,32,2021-w32
08-Aug-2021,20210808,Aug,8,Q3,2021,Sun,1,8,2021 Q3,2021 Aug,202108,2021-2022,33,2021-w33
09-Aug-2021,20210809,Aug,8,Q3,2021,Mon,2,9,2021 Q3,2021 Aug,202108,2021-2022,33,2021-w33
10-Aug-2021,20210810,Aug,8,Q3,2021,Tue,3,10,2021 Q3,2021 Aug,202108,2021-2022,33,2021-w33
11-Aug-2021,20210811,Aug,8,Q3,2021,Wed,4,11,2021 Q3,2021 Aug,202108,2021-2022,33,2021-w33
12-Aug-2021,20210812,Aug,8,Q3,2021,Thu,5,12,2021 Q3,2021 Aug,202108,2021-2022,33,2021-w33
13-Aug-2021,20210813,Aug,8,Q3,2021,Fri,6,13,2021 Q3,2021 Aug,202108,2021-2022,33,2021-w33
14-Aug-2021,20210814,Aug,8,Q3,2021,Sat,7,14,2021 Q3,2021 Aug,202108,2021-2022,33,2021-w33
15-Aug-2021,20210815,Aug,8,Q3,2021,Sun,1,15,2021 Q3,2021 Aug,202108,2021-2022,34,2021-w34
16-Aug-2021,20210816,Aug,8,Q3,2021,Mon,2,16,2021 Q3,2021 Aug,202108,2021-2022,34,2021-w34
17-Aug-2021,20210817,Aug,8,Q3,2021,Tue,3,17,2021 Q3,2021 Aug,202108,2021-2022,34,2021-w34
18-Aug-2021,20210818,Aug,8,Q3,2021,Wed,4,18,2021 Q3,2021 Aug,202108,2021-2022,34,2021-w34
19-Aug-2021,20210819,Aug,8,Q3,2021,Thu,5,19,2021 Q3,2021 Aug,202108,2021-2022,34,2021-w34
20-Aug-2021,20210820,Aug,8,Q3,2021,Fri,6,20,2021 Q3,2021 Aug,202108,2021-2022,34,2021-w34
21-Aug-2021,20210821,Aug,8,Q3,2021,Sat,7,21,2021 Q3,2021 Aug,202108,2021-2022,34,2021-w34
22-Aug-2021,20210822,Aug,8,Q3,2021,Sun,1,22,2021 Q3,2021 Aug,202108,2021-2022,35,2021-w35
23-Aug-2021,20210823,Aug,8,Q3,2021,Mon,2,23,2021 Q3,2021 Aug,202108,2021-2022,35,2021-w35
24-Aug-2021,20210824,Aug,8,Q3,2021,Tue,3,24,2021 Q3,2021 Aug,202108,2021-2022,35,2021-w35
25-Aug-2021,20210825,Aug,8,Q3,2021,Wed,4,25,2021 Q3,2021 Aug,202108,2021-2022,35,2021-w35
26-Aug-2021,20210826,Aug,8,Q3,2021,Thu,5,26,2021 Q3,2021 Aug,202108,2021-2022,35,2021-w35
27-Aug-2021,20210827,Aug,8,Q3,2021,Fri,6,27,2021 Q3,2021 Aug,202108,2021-2022,35,2021-w35
28-Aug-2021,20210828,Aug,8,Q3,2021,Sat,7,28,2021 Q3,2021 Aug,202108,2021-2022,35,2021-w35
29-Aug-2021,20210829,Aug,8,Q3,2021,Sun,1,29,2021 Q3,2021 Aug,202108,2021-2022,36,2021-w36
30-Aug-2021,20210830,Aug,8,Q3,2021,Mon,2,30,2021 Q3,2021 Aug,202108,2021-2022,36,2021-w36
31-Aug-2021,20210831,Aug,8,Q3,2021,Tue,3,31,2021 Q3,2021 Aug,202108,2021-2022,36,2021-w36
01-Sep-2021,20210901,Sep,9,Q3,2021,Wed,4,1,2021 Q3,2021 Sep,202109,2021-2022,36,2021-w36
02-Sep-2021,20210902,Sep,9,Q3,2021,Thu,5,2,2021 Q3,2021 Sep,202109,2021-2022,36,2021-w36
03-Sep-2021,20210903,Sep,9,Q3,2021,Fri,6,3,2021 Q3,2021 Sep,202109,2021-2022,36,2021-w36
04-Sep-2021,20210904,Sep,9,Q3,2021,Sat,7,4,2021 Q3,2021 Sep,202109,2021-2022,36,2021-w36
05-Sep-2021,20210905,Sep,9,Q3,2021,Sun,1,5,2021 Q3,2021 Sep,202109,2021-2022,37,2021-w37
06-Sep-2021,20210906,Sep,9,Q3,2021,Mon,2,6,2021 Q3,2021 Sep,202109,2021-2022,37,2021-w37
07-Sep-2021,20210907,Sep,9,Q3,2021,Tue,3,7,2021 Q3,2021 Sep,202109,2021-2022,37,2021-w37
08-Sep-2021,20210908,Sep,9,Q3,2021,Wed,4,8,2021 Q3,2021 Sep,202109,2021-2022,37,2021-w37
09-Sep-2021,20210909,Sep,9,Q3,2021,Thu,5,9,2021 Q3,2021 Sep,202109,2021-2022,37,2021-w37
10-Sep-2021,20210910,Sep,9,Q3,2021,Fri,6,10,2021 Q3,2021 Sep,202109,2021-2022,37,2021-w37
11-Sep-2021,20210911,Sep,9,Q3,2021,Sat,7,11,2021 Q3,2021 Sep,202109,2021-2022,37,2021-w37
12-Sep-2021,20210912,Sep,9,Q3,2021,Sun,1,12,2021 Q3,2021 Sep,202109,2021-2022,38,2021-w38
13-Sep-2021,20210913,Sep,9,Q3,2021,Mon,2,13,2021 Q3,2021 Sep,202109,2021-2022,38,2021-w38
14-Sep-2021,20210914,Sep,9,Q3,2021,Tue,3,14,2021 Q3,2021 Sep,202109,2021-2022,38,2021-w38
15-Sep-2021,20210915,Sep,9,Q3,2021,Wed,4,15,2021 Q3,2021 Sep,202109,2021-2022,38,2021-w38
16-Sep-2021,20210916,Sep,9,Q3,2021,Thu,5,16,2021 Q3,2021 Sep,202109,2021-2022,38,2021-w38
17-Sep-2021,20210917,Sep,9,Q3,2021,Fri,6,17,2021 Q3,2021 Sep,202109,2021-2022,38,2021-w38
18-Sep-2021,20210918,Sep,9,Q3,2021,Sat,7,18,2021 Q3,2021 Sep,202109,2021-2022,38,2021-w38
19-Sep-2021,20210919,Sep,9,Q3,2021,Sun,1,19,2021 Q3,2021 Sep,202109,2021-2022,39,2021-w39
20-Sep-2021,20210920,Sep,9,Q3,2021,Mon,2,20,2021 Q3,2021 Sep,202109,2021-2022,39,2021-w39
21-Sep-2021,20210921,Sep,9,Q3,2021,Tue,3,21,2021 Q3,2021 Sep,202109,2021-2022,39,2021-w39
22-Sep-2021,20210922,Sep,9,Q3,2021,Wed,4,22,2021 Q3,2021 Sep,202109,2021-2022,39,2021-w39
23-Sep-2021,20210923,Sep,9,Q3,2021,Thu,5,23,2021 Q3,2021 Sep,202109,2021-2022,39,2021-w39
24-Sep-2021,20210924,Sep,9,Q3,2021,Fri,6,24,2021 Q3,2021 Sep,202109,2021-2022,39,2021-w39
25-Sep-2021,20210925,Sep,9,Q3,2021,Sat,7,25,2021 Q3,2021 Sep,202109,2021-2022,39,2021-w39
26-Sep-2021,20210926,Sep,9,Q3,2021,Sun,1,26,2021 Q3,2021 Sep,202109,2021-2022,40,2021-w40
27-Sep-2021,20210927,Sep,9,Q3,2021,Mon,2,27,2021 Q3,2021 Sep,202109,2021-2022,40,2021-w40
28-Sep-2021,20210928,Sep,9,Q3,2021,Tue,3,28,2021 Q3,2021 Sep,202109,2021-2022,40,2021-w40
29-Sep-2021,20210929,Sep,9,Q3,2021,Wed,4,29,2021 Q3,2021 Sep,202109,2021-2022,40,2021-w40
30-Sep-2021,20210930,Sep,9,Q3,2021,Thu,5,30,2021 Q3,2021 Sep,202109,2021-2022,40,2021-w40
01-Oct-2021,20211001,Oct,10,Q4,2021,Fri,6,1,2021 Q4,2021 Oct,202110,2021-2022,40,2021-w40
02-Oct-2021,20211002,Oct,10,Q4,2021,Sat,7,2,2021 Q4,2021 Oct,202110,2021-2022,40,2021-w40
03-Oct-2021,20211003,Oct,10,Q4,2021,Sun,1,3,2021 Q4,2021 Oct,202110,2021-2022,41,2021-w41
04-Oct-2021,20211004,Oct,10,Q4,2021,Mon,2,4,2021 Q4,2021 Oct,202110,2021-2022,41,2021-w41
05-Oct-2021,20211005,Oct,10,Q4,2021,Tue,3,5,2021 Q4,2021 Oct,202110,2021-2022,41,2021-w41
06-Oct-2021,20211006,Oct,10,Q4,2021,Wed,4,6,2021 Q4,2021 Oct,202110,2021-2022,41,2021-w41
07-Oct-2021,20211007,Oct,10,Q4,2021,Thu,5,7,2021 Q4,2021 Oct,202110,2021-2022,41,2021-w41
08-Oct-2021,20211008,Oct,10,Q4,2021,Fri,6,8,2021 Q4,2021 Oct,202110,2021-2022,41,2021-w41
09-Oct-2021,20211009,Oct,10,Q4,2021,Sat,7,9,2021 Q4,2021 Oct,202110,2021-2022,41,2021-w41
10-Oct-2021,20211010,Oct,10,Q4,2021,Sun,1,10,2021 Q4,2021 Oct,202110,2021-2022,42,2021-w42
11-Oct-2021,20211011,Oct,10,Q4,2021,Mon,2,11,2021 Q4,2021 Oct,202110,2021-2022,42,2021-w42
12-Oct-2021,20211012,Oct,10,Q4,2021,Tue,3,12,2021 Q4,2021 Oct,202110,2021-2022,42,2021-w42
13-Oct-2021,20211013,Oct,10,Q4,2021,Wed,4,13,2021 Q4,2021 Oct,202110,2021-2022,42,2021-w42
14-Oct-2021,20211014,Oct,10,Q4,2021,Thu,5,14,2021 Q4,2021 Oct,202110,2021-2022,42,2021-w42
15-Oct-2021,20211015,Oct,10,Q4,2021,Fri,6,15,2021 Q4,2021 Oct,202110,2021-2022,42,2021-w42
16-Oct-2021,20211016,Oct,10,Q4,2021,Sat,7,16,2021 Q4,2021 Oct,202110,2021-2022,42,2021-w42
17-Oct-2021,20211017,Oct,10,Q4,2021,Sun,1,17,2021 Q4,2021 Oct,202110,2021-2022,43,2021-w43
18-Oct-2021,20211018,Oct,10,Q4,2021,Mon,2,18,2021 Q4,2021 Oct,202110,2021-2022,43,2021-w43
19-Oct-2021,20211019,Oct,10,Q4,2021,Tue,3,19,2021 Q4,2021 Oct,202110,2021-2022,43,2021-w43
20-Oct-2021,20211020,Oct,10,Q4,2021,Wed,4,20,2021 Q4,2021 Oct,202110,2021-2022,43,2021-w43
21-Oct-2021,20211021,Oct,10,Q4,2021,Thu,5,21,2021 Q4,2021 Oct,202110,2021-2022,43,2021-w43
22-Oct-2021,20211022,Oct,10,Q4,2021,Fri,6,22,2021 Q4,2021 Oct,202110,2021-2022,43,2021-w43
23-Oct-2021,20211023,Oct,10,Q4,2021,Sat,7,23,2021 Q4,2021 Oct,202110,2021-2022,43,2021-w43
24-Oct-2021,20211024,Oct,10,Q4,2021,Sun,1,24,2021 Q4,2021 Oct,202110,2021-2022,44,2021-w44
25-Oct-2021,20211025,Oct,10,Q4,2021,Mon,2,25,2021 Q4,2021 Oct,202110,2021-2022,44,2021-w44
26-Oct-2021,20211026,Oct,10,Q4,2021,Tue,3,26,2021 Q4,2021 Oct,202110,2021-2022,44,2021-w44
27-Oct-2021,20211027,Oct,10,Q4,2021,Wed,4,27,2021 Q4,2021 Oct,202110,2021-2022,44,2021-w44
28-Oct-2021,20211028,Oct,10,Q4,2021,Thu,5,28,2021 Q4,2021 Oct,202110,2021-2022,44,2021-w44
29-Oct-2021,20211029,Oct,10,Q4,2021,Fri,6,29,2021 Q4,2021 Oct,202110,2021-2022,44,2021-w44
30-Oct-2021,20211030,Oct,10,Q4,2021,Sat,7,30,2021 Q4,2021 Oct,202110,2021-2022,44,2021-w44
31-Oct-2021,20211031,Oct,10,Q4,2021,Sun,1,31,2021 Q4,2021 Oct,202110,2021-2022,45,2021-w45
01-Nov-2021,20211101,Nov,11,Q4,2021,Mon,2,1,2021 Q4,2021 Nov,202111,2021-2022,45,2021-w45
02-Nov-2021,20211102,Nov,11,Q4,2021,Tue,3,2,2021 Q4,2021 Nov,202111,2021-2022,45,2021-w45
03-Nov-2021,20211103,Nov,11,Q4,2021,Wed,4,3,2021 Q4,2021 Nov,202111,2021-2022,45,2021-w45
04-Nov-2021,20211104,Nov,11,Q4,2021,Thu,5,4,2021 Q4,2021 Nov,202111,2021-2022,45,2021-w45
05-Nov-2021,20211105,Nov,11,Q4,2021,Fri,6,5,2021 Q4,2021 Nov,202111,2021-2022,45,2021-w45
06-Nov-2021,20211106,Nov,11,Q4,2021,Sat,7,6,2021 Q4,2021 Nov,202111,2021-2022,45,2021-w45
07-Nov-2021,20211107,Nov,11,Q4,2021,Sun,1,7,2021 Q4,2021 Nov,202111,2021-2022,46,2021-w46
08-Nov-2021,20211108,Nov,11,Q4,2021,Mon,2,8,2021 Q4,2021 Nov,202111,2021-2022,46,2021-w46
09-Nov-2021,20211109,Nov,11,Q4,2021,Tue,3,9,2021 Q4,2021 Nov,202111,2021-2022,46,2021-w46
10-Nov-2021,20211110,Nov,11,Q4,2021,Wed,4,10,2021 Q4,2021 Nov,202111,2021-2022,46,2021-w46
11-Nov-2021,20211111,Nov,11,Q4,2021,Thu,5,11,2021 Q4,2021 Nov,202111,2021-2022,46,2021-w46
12-Nov-2021,20211112,Nov,11,Q4,2021,Fri,6,12,2021 Q4,2021 Nov,202111,2021-2022,46,2021-w46
13-Nov-2021,20211113,Nov,11,Q4,2021,Sat,7,13,2021 Q4,2021 Nov,202111,2021-2022,46,2021-w46
14-Nov-2021,20211114,Nov,11,Q4,2021,Sun,1,14,2021 Q4,2021 Nov,202111,2021-2022,47,2021-w47
15-Nov-2021,20211115,Nov,11,Q4,2021,Mon,2,15,2021 Q4,2021 Nov,202111,2021-2022,47,2021-w47
16-Nov-2021,20211116,Nov,11,Q4,2021,Tue,3,16,2021 Q4,2021 Nov,202111,2021-2022,47,2021-w47
17-Nov-2021,20211117,Nov,11,Q4,2021,Wed,4,17,2021 Q4,2021 Nov,202111,2021-2022,47,2021-w47
18-Nov-2021,20211118,Nov,11,Q4,2021,Thu,5,18,2021 Q4,2021 Nov,202111,2021-2022,47,2021-w47
19-Nov-2021,20211119,Nov,11,Q4,2021,Fri,6,19,2021 Q4,2021 Nov,202111,2021-2022,47,2021-w47
20-Nov-2021,20211120,Nov,11,Q4,2021,Sat,7,20,2021 Q4,2021 Nov,202111,2021-2022,47,2021-w47
21-Nov-2021,20211121,Nov,11,Q4,2021,Sun,1,21,2021 Q4,2021 Nov,202111,2021-2022,48,2021-w48
22-Nov-2021,20211122,Nov,11,Q4,2021,Mon,2,22,2021 Q4,2021 Nov,202111,2021-2022,48,2021-w48
23-Nov-2021,20211123,Nov,11,Q4,2021,Tue,3,23,2021 Q4,2021 Nov,202111,2021-2022,48,2021-w48
24-Nov-2021,20211124,Nov,11,Q4,2021,Wed,4,24,2021 Q4,2021 Nov,202111,2021-2022,48,2021-w48
25-Nov-2021,20211125,Nov,11,Q4,2021,Thu,5,25,2021 Q4,2021 Nov,202111,2021-2022,48,2021-w48
26-Nov-2021,20211126,Nov,11,Q4,2021,Fri,6,26,2021 Q4,2021 Nov,202111,2021-2022,48,2021-w48
27-Nov-2021,20211127,Nov,11,Q4,2021,Sat,7,27,2021 Q4,2021 Nov,202111,2021-2022,48,2021-w48
28-Nov-2021,20211128,Nov,11,Q4,2021,Sun,1,28,2021 Q4,2021 Nov,202111,2021-2022,49,2021-w49
29-Nov-2021,20211129,Nov,11,Q4,2021,Mon,2,29,2021 Q4,2021 Nov,202111,2021-2022,49,2021-w49
30-Nov-2021,20211130,Nov,11,Q4,2021,Tue,3,30,2021 Q4,2021 Nov,202111,2021-2022,49,2021-w49
01-Dec-2021,20211201,Dec,12,Q4,2021,Wed,4,1,2021 Q4,2021 Dec,202112,2021-2022,49,2021-w49
02-Dec-2021,20211202,Dec,12,Q4,2021,Thu,5,2,2021 Q4,2021 Dec,202112,2021-2022,49,2021-w49
03-Dec-2021,20211203,Dec,12,Q4,2021,Fri,6,3,2021 Q4,2021 Dec,202112,2021-2022,49,2021-w49
04-Dec-2021,20211204,Dec,12,Q4,2021,Sat,7,4,2021 Q4,2021 Dec,202112,2021-2022,49,2021-w49
05-Dec-2021,20211205,Dec,12,Q4,2021,Sun,1,5,2021 Q4,2021 Dec,202112,2021-2022,50,2021-w50
06-Dec-2021,20211206,Dec,12,Q4,2021,Mon,2,6,2021 Q4,2021 Dec,202112,2021-2022,50,2021-w50
07-Dec-2021,20211207,Dec,12,Q4,2021,Tue,3,7,2021 Q4,2021 Dec,202112,2021-2022,50,2021-w50
08-Dec-2021,20211208,Dec,12,Q4,2021,Wed,4,8,2021 Q4,2021 Dec,202112,2021-2022,50,2021-w50
09-Dec-2021,20211209,Dec,12,Q4,2021,Thu,5,9,2021 Q4,2021 Dec,202112,2021-2022,50,2021-w50
10-Dec-2021,20211210,Dec,12,Q4,2021,Fri,6,10,2021 Q4,2021 Dec,202112,2021-2022,50,2021-w50
11-Dec-2021,20211211,Dec,12,Q4,2021,Sat,7,11,2021 Q4,2021 Dec,202112,2021-2022,50,2021-w50
12-Dec-2021,20211212,Dec,12,Q4,2021,Sun,1,12,2021 Q4,2021 Dec,202112,2021-2022,51,2021-w51
13-Dec-2021,20211213,Dec,12,Q4,2021,Mon,2,13,2021 Q4,2021 Dec,202112,2021-2022,51,2021-w51
14-Dec-2021,20211214,Dec,12,Q4,2021,Tue,3,14,2021 Q4,2021 Dec,202112,2021-2022,51,2021-w51
15-Dec-2021,20211215,Dec,12,Q4,2021,Wed,4,15,2021 Q4,2021 Dec,202112,2021-2022,51,2021-w51
16-Dec-2021,20211216,Dec,12,Q4,2021,Thu,5,16,2021 Q4,2021 Dec,202112,2021-2022,51,2021-w51
17-Dec-2021,20211217,Dec,12,Q4,2021,Fri,6,17,2021 Q4,2021 Dec,202112,2021-2022,51,2021-w51
18-Dec-2021,20211218,Dec,12,Q4,2021,Sat,7,18,2021 Q4,2021 Dec,202112,2021-2022,51,2021-w51
19-Dec-2021,20211219,Dec,12,Q4,2021,Sun,1,19,2021 Q4,2021 Dec,202112,2021-2022,52,2021-w52
20-Dec-2021,20211220,Dec,12,Q4,2021,Mon,2,20,2021 Q4,2021 Dec,202112,2021-2022,52,2021-w52
21-Dec-2021,20211221,Dec,12,Q4,2021,Tue,3,21,2021 Q4,2021 Dec,202112,2021-2022,52,2021-w52
22-Dec-2021,20211222,Dec,12,Q4,2021,Wed,4,22,2021 Q4,2021 Dec,202112,2021-2022,52,2021-w52
23-Dec-2021,20211223,Dec,12,Q4,2021,Thu,5,23,2021 Q4,2021 Dec,202112,2021-2022,52,2021-w52
24-Dec-2021,20211224,Dec,12,Q4,2021,Fri,6,24,2021 Q4,2021 Dec,202112,2021-2022,52,2021-w52
25-Dec-2021,20211225,Dec,12,Q4,2021,Sat,7,25,2021 Q4,2021 Dec,202112,2021-2022,52,2021-w52
26-Dec-2021,20211226,Dec,12,Q4,2021,Sun,1,26,2021 Q4,2021 Dec,202112,2021-2022,53,2021-w53
27-Dec-2021,20211227,Dec,12,Q4,2021,Mon,2,27,2021 Q4,2021 Dec,202112,2021-2022,53,2021-w53
28-Dec-2021,20211228,Dec,12,Q4,2021,Tue,3,28,2021 Q4,2021 Dec,202112,2021-2022,53,2021-w53
29-Dec-2021,20211229,Dec,12,Q4,2021,Wed,4,29,2021 Q4,2021 Dec,202112,2021-2022,53,2021-w53
30-Dec-2021,20211230,Dec,12,Q4,2021,Thu,5,30,2021 Q4,2021 Dec,202112,2021-2022,53,2021-w53
31-Dec-2021,20211231,Dec,12,Q4,2021,Fri,6,31,2021 Q4,2021 Dec,202112,2021-2022,53,2021-w53
01-Jan-2022,20220101,Jan,1,Q1,2022,Sat,7,1,2022 Q1,2022 Jan,202201,2021-2022,1,2022-w1
02-Jan-2022,20220102,Jan,1,Q1,2022,Sun,1,2,2022 Q1,2022 Jan,202201,2021-2022,2,2022-w2
03-Jan-2022,20220103,Jan,1,Q1,2022,Mon,2,3,2022 Q1,2022 Jan,202201,2021-2022,2,2022-w2
04-Jan-2022,20220104,Jan,1,Q1,2022,Tue,3,4,2022 Q1,2022 Jan,202201,2021-2022,2,2022-w2
05-Jan-2022,20220105,Jan,1,Q1,2022,Wed,4,5,2022 Q1,2022 Jan,202201,2021-2022,2,2022-w2
06-Jan-2022,20220106,Jan,1,Q1,2022,Thu,5,6,2022 Q1,2022 Jan,202201,2021-2022,2,2022-w2
07-Jan-2022,20220107,Jan,1,Q1,2022,Fri,6,7,2022 Q1,2022 Jan,202201,2021-2022,2,2022-w2
08-Jan-2022,20220108,Jan,1,Q1,2022,Sat,7,8,2022 Q1,2022 Jan,202201,2021-2022,2,2022-w2
09-Jan-2022,20220109,Jan,1,Q1,2022,Sun,1,9,2022 Q1,2022 Jan,202201,2021-2022,3,2022-w3
10-Jan-2022,20220110,Jan,1,Q1,2022,Mon,2,10,2022 Q1,2022 Jan,202201,2021-2022,3,2022-w3
11-Jan-2022,20220111,Jan,1,Q1,2022,Tue,3,11,2022 Q1,2022 Jan,202201,2021-2022,3,2022-w3
12-Jan-2022,20220112,Jan,1,Q1,2022,Wed,4,12,2022 Q1,2022 Jan,202201,2021-2022,3,2022-w3
13-Jan-2022,20220113,Jan,1,Q1,2022,Thu,5,13,2022 Q1,2022 Jan,202201,2021-2022,3,2022-w3
14-Jan-2022,20220114,Jan,1,Q1,2022,Fri,6,14,2022 Q1,2022 Jan,202201,2021-2022,3,2022-w3
15-Jan-2022,20220115,Jan,1,Q1,2022,Sat,7,15,2022 Q1,2022 Jan,202201,2021-2022,3,2022-w3
16-Jan-2022,20220116,Jan,1,Q1,2022,Sun,1,16,2022 Q1,2022 Jan,202201,2021-2022,4,2022-w4
17-Jan-2022,20220117,Jan,1,Q1,2022,Mon,2,17,2022 Q1,2022 Jan,202201,2021-2022,4,2022-w4
18-Jan-2022,20220118,Jan,1,Q1,2022,Tue,3,18,2022 Q1,2022 Jan,202201,2021-2022,4,2022-w4
19-Jan-2022,20220119,Jan,1,Q1,2022,Wed,4,19,2022 Q1,2022 Jan,202201,2021-2022,4,2022-w4
20-Jan-2022,20220120,Jan,1,Q1,2022,Thu,5,20,2022 Q1,2022 Jan,202201,2021-2022,4,2022-w4
21-Jan-2022,20220121,Jan,1,Q1,2022,Fri,6,21,2022 Q1,2022 Jan,202201,2021-2022,4,2022-w4
22-Jan-2022,20220122,Jan,1,Q1,2022,Sat,7,22,2022 Q1,2022 Jan,202201,2021-2022,4,2022-w4
23-Jan-2022,20220123,Jan,1,Q1,2022,Sun,1,23,2022 Q1,2022 Jan,202201,2021-2022,5,2022-w5
24-Jan-2022,20220124,Jan,1,Q1,2022,Mon,2,24,2022 Q1,2022 Jan,202201,2021-2022,5,2022-w5
25-Jan-2022,20220125,Jan,1,Q1,2022,Tue,3,25,2022 Q1,2022 Jan,202201,2021-2022,5,2022-w5
26-Jan-2022,20220126,Jan,1,Q1,2022,Wed,4,26,2022 Q1,2022 Jan,202201,2021-2022,5,2022-w5
27-Jan-2022,20220127,Jan,1,Q1,2022,Thu,5,27,2022 Q1,2022 Jan,202201,2021-2022,5,2022-w5
28-Jan-2022,20220128,Jan,1,Q1,2022,Fri,6,28,2022 Q1,2022 Jan,202201,2021-2022,5,2022-w5
29-Jan-2022,20220129,Jan,1,Q1,2022,Sat,7,29,2022 Q1,2022 Jan,202201,2021-2022,5,2022-w5
30-Jan-2022,20220130,Jan,1,Q1,2022,Sun,1,30,2022 Q1,2022 Jan,202201,2021-2022,6,2022-w6
31-Jan-2022,20220131,Jan,1,Q1,2022,Mon,2,31,2022 Q1,2022 Jan,202201,2021-2022,6,2022-w6
01-Feb-2022,20220201,Feb,2,Q1,2022,Tue,3,1,2022 Q1,2022 Feb,202202,2021-2022,6,2022-w6
02-Feb-2022,20220202,Feb,2,Q1,2022,Wed,4,2,2022 Q1,2022 Feb,202202,2021-2022,6,2022-w6
03-Feb-2022,20220203,Feb,2,Q1,2022,Thu,5,3,2022 Q1,2022 Feb,202202,2021-2022,6,2022-w6
04-Feb-2022,20220204,Feb,2,Q1,2022,Fri,6,4,2022 Q1,2022 Feb,202202,2021-2022,6,2022-w6
05-Feb-2022,20220205,Feb,2,Q1,2022,Sat,7,5,2022 Q1,2022 Feb,202202,2021-2022,6,2022-w6
06-Feb-2022,20220206,Feb,2,Q1,2022,Sun,1,6,2022 Q1,2022 Feb,202202,2021-2022,7,2022-w7
07-Feb-2022,20220207,Feb,2,Q1,2022,Mon,2,7,2022 Q1,2022 Feb,202202,2021-2022,7,2022-w7
08-Feb-2022,20220208,Feb,2,Q1,2022,Tue,3,8,2022 Q1,2022 Feb,202202,2021-2022,7,2022-w7
09-Feb-2022,20220209,Feb,2,Q1,2022,Wed,4,9,2022 Q1,2022 Feb,202202,2021-2022,7,2022-w7
10-Feb-2022,20220210,Feb,2,Q1,2022,Thu,5,10,2022 Q1,2022 Feb,202202,2021-2022,7,2022-w7
11-Feb-2022,20220211,Feb,2,Q1,2022,Fri,6,11,2022 Q1,2022 Feb,202202,2021-2022,7,2022-w7
12-Feb-2022,20220212,Feb,2,Q1,2022,Sat,7,12,2022 Q1,2022 Feb,202202,2021-2022,7,2022-w7
13-Feb-2022,20220213,Feb,2,Q1,2022,Sun,1,13,2022 Q1,2022 Feb,202202,2021-2022,8,2022-w8
14-Feb-2022,20220214,Feb,2,Q1,2022,Mon,2,14,2022 Q1,2022 Feb,202202,2021-2022,8,2022-w8
15-Feb-2022,20220215,Feb,2,Q1,2022,Tue,3,15,2022 Q1,2022 Feb,202202,2021-2022,8,2022-w8
16-Feb-2022,20220216,Feb,2,Q1,2022,Wed,4,16,2022 Q1,2022 Feb,202202,2021-2022,8,2022-w8
17-Feb-2022,20220217,Feb,2,Q1,2022,Thu,5,17,2022 Q1,2022 Feb,202202,2021-2022,8,2022-w8
18-Feb-2022,20220218,Feb,2,Q1,2022,Fri,6,18,2022 Q1,2022 Feb,202202,2021-2022,8,2022-w8
19-Feb-2022,20220219,Feb,2,Q1,2022,Sat,7,19,2022 Q1,2022 Feb,202202,2021-2022,8,2022-w8
20-Feb-2022,20220220,Feb,2,Q1,2022,Sun,1,20,2022 Q1,2022 Feb,202202,2021-2022,9,2022-w9
21-Feb-2022,20220221,Feb,2,Q1,2022,Mon,2,21,2022 Q1,2022 Feb,202202,2021-2022,9,2022-w9
22-Feb-2022,20220222,Feb,2,Q1,2022,Tue,3,22,2022 Q1,2022 Feb,202202,2021-2022,9,2022-w9
23-Feb-2022,20220223,Feb,2,Q1,2022,Wed,4,23,2022 Q1,2022 Feb,202202,2021-2022,9,2022-w9
24-Feb-2022,20220224,Feb,2,Q1,2022,Thu,5,24,2022 Q1,2022 Feb,202202,2021-2022,9,2022-w9
25-Feb-2022,20220225,Feb,2,Q1,2022,Fri,6,25,2022 Q1,2022 Feb,202202,2021-2022,9,2022-w9
26-Feb-2022,20220226,Feb,2,Q1,2022,Sat,7,26,2022 Q1,2022 Feb,202202,2021-2022,9,2022-w9
27-Feb-2022,20220227,Feb,2,Q1,2022,Sun,1,27,2022 Q1,2022 Feb,202202,2021-2022,10,2022-w10
28-Feb-2022,20220228,Feb,2,Q1,2022,Mon,2,28,2022 Q1,2022 Feb,202202,2021-2022,10,2022-w10
01-Mar-2022,20220301,Mar,3,Q1,2022,Tue,3,1,2022 Q1,2022 Mar,202203,2021-2022,10,2022-w10
02-Mar-2022,20220302,Mar,3,Q1,2022,Wed,4,2,2022 Q1,2022 Mar,202203,2021-2022,10,2022-w10
03-Mar-2022,20220303,Mar,3,Q1,2022,Thu,5,3,2022 Q1,2022 Mar,202203,2021-2022,10,2022-w10
04-Mar-2022,20220304,Mar,3,Q1,2022,Fri,6,4,2022 Q1,2022 Mar,202203,2021-2022,10,2022-w10
05-Mar-2022,20220305,Mar,3,Q1,2022,Sat,7,5,2022 Q1,2022 Mar,202203,2021-2022,10,2022-w10
06-Mar-2022,20220306,Mar,3,Q1,2022,Sun,1,6,2022 Q1,2022 Mar,202203,2021-2022,11,2022-w11
07-Mar-2022,20220307,Mar,3,Q1,2022,Mon,2,7,2022 Q1,2022 Mar,202203,2021-2022,11,2022-w11
08-Mar-2022,20220308,Mar,3,Q1,2022,Tue,3,8,2022 Q1,2022 Mar,202203,2021-2022,11,2022-w11
09-Mar-2022,20220309,Mar,3,Q1,2022,Wed,4,9,2022 Q1,2022 Mar,202203,2021-2022,11,2022-w11
10-Mar-2022,20220310,Mar,3,Q1,2022,Thu,5,10,2022 Q1,2022 Mar,202203,2021-2022,11,2022-w11
11-Mar-2022,20220311,Mar,3,Q1,2022,Fri,6,11,2022 Q1,2022 Mar,202203,2021-2022,11,2022-w11
12-Mar-2022,20220312,Mar,3,Q1,2022,Sat,7,12,2022 Q1,2022 Mar,202203,2021-2022,11,2022-w11
13-Mar-2022,20220313,Mar,3,Q1,2022,Sun,1,13,2022 Q1,2022 Mar,202203,2021-2022,12,2022-w12
14-Mar-2022,20220314,Mar,3,Q1,2022,Mon,2,14,2022 Q1,2022 Mar,202203,2021-2022,12,2022-w12
15-Mar-2022,20220315,Mar,3,Q1,2022,Tue,3,15,2022 Q1,2022 Mar,202203,2021-2022,12,2022-w12
16-Mar-2022,20220316,Mar,3,Q1,2022,Wed,4,16,2022 Q1,2022 Mar,202203,2021-2022,12,2022-w12
17-Mar-2022,20220317,Mar,3,Q1,2022,Thu,5,17,2022 Q1,2022 Mar,202203,2021-2022,12,2022-w12
18-Mar-2022,20220318,Mar,3,Q1,2022,Fri,6,18,2022 Q1,2022 Mar,202203,2021-2022,12,2022-w12
19-Mar-2022,20220319,Mar,3,Q1,2022,Sat,7,19,2022 Q1,2022 Mar,202203,2021-2022,12,2022-w12
20-Mar-2022,20220320,Mar,3,Q1,2022,Sun,1,20,2022 Q1,2022 Mar,202203,2021-2022,13,2022-w13
21-Mar-2022,20220321,Mar,3,Q1,2022,Mon,2,21,2022 Q1,2022 Mar,202203,2021-2022,13,2022-w13
22-Mar-2022,20220322,Mar,3,Q1,2022,Tue,3,22,2022 Q1,2022 Mar,202203,2021-2022,13,2022-w13
23-Mar-2022,20220323,Mar,3,Q1,2022,Wed,4,23,2022 Q1,2022 Mar,202203,2021-2022,13,2022-w13
24-Mar-2022,20220324,Mar,3,Q1,2022,Thu,5,24,2022 Q1,2022 Mar,202203,2021-2022,13,2022-w13
25-Mar-2022,20220325,Mar,3,Q1,2022,Fri,6,25,2022 Q1,2022 Mar,202203,2021-2022,13,2022-w13
26-Mar-2022,20220326,Mar,3,Q1,2022,Sat,7,26,2022 Q1,2022 Mar,202203,2021-2022,13,2022-w13
27-Mar-2022,20220327,Mar,3,Q1,2022,Sun,1,27,2022 Q1,2022 Mar,202203,2021-2022,14,2022-w14
28-Mar-2022,20220328,Mar,3,Q1,2022,Mon,2,28,2022 Q1,2022 Mar,202203,2021-2022,14,2022-w14
29-Mar-2022,20220329,Mar,3,Q1,2022,Tue,3,29,2022 Q1,2022 Mar,202203,2021-2022,14,2022-w14
30-Mar-2022,20220330,Mar,3,Q1,2022,Wed,4,30,2022 Q1,2022 Mar,202203,2021-2022,14,2022-w14
31-Mar-2022,20220331,Mar,3,Q1,2022,Thu,5,31,2022 Q1,2022 Mar,202203,2021-2022,14,2022-w14
01-Apr-2022,20220401,Apr,4,Q2,2022,Fri,6,1,2022 Q2,2022 Apr,202204,2022-2023,14,2022-w14
02-Apr-2022,20220402,Apr,4,Q2,2022,Sat,7,2,2022 Q2,2022 Apr,202204,2022-2023,14,2022-w14
03-Apr-2022,20220403,Apr,4,Q2,2022,Sun,1,3,2022 Q2,2022 Apr,202204,2022-2023,15,2022-w15
04-Apr-2022,20220404,Apr,4,Q2,2022,Mon,2,4,2022 Q2,2022 Apr,202204,2022-2023,15,2022-w15
05-Apr-2022,20220405,Apr,4,Q2,2022,Tue,3,5,2022 Q2,2022 Apr,202204,2022-2023,15,2022-w15
06-Apr-2022,20220406,Apr,4,Q2,2022,Wed,4,6,2022 Q2,2022 Apr,202204,2022-2023,15,2022-w15
07-Apr-2022,20220407,Apr,4,Q2,2022,Thu,5,7,2022 Q2,2022 Apr,202204,2022-2023,15,2022-w15
08-Apr-2022,20220408,Apr,4,Q2,2022,Fri,6,8,2022 Q2,2022 Apr,202204,2022-2023,15,2022-w15
09-Apr-2022,20220409,Apr,4,Q2,2022,Sat,7,9,2022 Q2,2022 Apr,202204,2022-2023,15,2022-w15
10-Apr-2022,20220410,Apr,4,Q2,2022,Sun,1,10,2022 Q2,2022 Apr,202204,2022-2023,16,2022-w16
11-Apr-2022,20220411,Apr,4,Q2,2022,Mon,2,11,2022 Q2,2022 Apr,202204,2022-2023,16,2022-w16
12-Apr-2022,20220412,Apr,4,Q2,2022,Tue,3,12,2022 Q2,2022 Apr,202204,2022-2023,16,2022-w16
13-Apr-2022,20220413,Apr,4,Q2,2022,Wed,4,13,2022 Q2,2022 Apr,202204,2022-2023,16,2022-w16
14-Apr-2022,20220414,Apr,4,Q2,2022,Thu,5,14,2022 Q2,2022 Apr,202204,2022-2023,16,2022-w16
15-Apr-2022,20220415,Apr,4,Q2,2022,Fri,6,15,2022 Q2,2022 Apr,202204,2022-2023,16,2022-w16
16-Apr-2022,20220416,Apr,4,Q2,2022,Sat,7,16,2022 Q2,2022 Apr,202204,2022-2023,16,2022-w16
17-Apr-2022,20220417,Apr,4,Q2,2022,Sun,1,17,2022 Q2,2022 Apr,202204,2022-2023,17,2022-w17
18-Apr-2022,20220418,Apr,4,Q2,2022,Mon,2,18,2022 Q2,2022 Apr,202204,2022-2023,17,2022-w17
19-Apr-2022,20220419,Apr,4,Q2,2022,Tue,3,19,2022 Q2,2022 Apr,202204,2022-2023,17,2022-w17
20-Apr-2022,20220420,Apr,4,Q2,2022,Wed,4,20,2022 Q2,2022 Apr,202204,2022-2023,17,2022-w17
21-Apr-2022,20220421,Apr,4,Q2,2022,Thu,5,21,2022 Q2,2022 Apr,202204,2022-2023,17,2022-w17
22-Apr-2022,20220422,Apr,4,Q2,2022,Fri,6,22,2022 Q2,2022 Apr,202204,2022-2023,17,2022-w17
23-Apr-2022,20220423,Apr,4,Q2,2022,Sat,7,23,2022 Q2,2022 Apr,202204,2022-2023,17,2022-w17
24-Apr-2022,20220424,Apr,4,Q2,2022,Sun,1,24,2022 Q2,2022 Apr,202204,2022-2023,18,2022-w18
25-Apr-2022,20220425,Apr,4,Q2,2022,Mon,2,25,2022 Q2,2022 Apr,202204,2022-2023,18,2022-w18
26-Apr-2022,20220426,Apr,4,Q2,2022,Tue,3,26,2022 Q2,2022 Apr,202204,2022-2023,18,2022-w18
27-Apr-2022,20220427,Apr,4,Q2,2022,Wed,4,27,2022 Q2,2022 Apr,202204,2022-2023,18,2022-w18
28-Apr-2022,20220428,Apr,4,Q2,2022,Thu,5,28,2022 Q2,2022 Apr,202204,2022-2023,18,2022-w18
29-Apr-2022,20220429,Apr,4,Q2,2022,Fri,6,29,2022 Q2,2022 Apr,202204,2022-2023,18,2022-w18
30-Apr-2022,20220430,Apr,4,Q2,2022,Sat,7,30,2022 Q2,2022 Apr,202204,2022-2023,18,2022-w18
01-May-2022,20220501,May,5,Q2,2022,Sun,1,1,2022 Q2,2022 May,202205,2022-2023,19,2022-w19
02-May-2022,20220502,May,5,Q2,2022,Mon,2,2,2022 Q2,2022 May,202205,2022-2023,19,2022-w19
03-May-2022,20220503,May,5,Q2,2022,Tue,3,3,2022 Q2,2022 May,202205,2022-2023,19,2022-w19
04-May-2022,20220504,May,5,Q2,2022,Wed,4,4,2022 Q2,2022 May,202205,2022-2023,19,2022-w19
05-May-2022,20220505,May,5,Q2,2022,Thu,5,5,2022 Q2,2022 May,202205,2022-2023,19,2022-w19
06-May-2022,20220506,May,5,Q2,2022,Fri,6,6,2022 Q2,2022 May,202205,2022-2023,19,2022-w19
07-May-2022,20220507,May,5,Q2,2022,Sat,7,7,2022 Q2,2022 May,202205,2022-2023,19,2022-w19
08-May-2022,20220508,May,5,Q2,2022,Sun,1,8,2022 Q2,2022 May,202205,2022-2023,20,2022-w20
09-May-2022,20220509,May,5,Q2,2022,Mon,2,9,2022 Q2,2022 May,202205,2022-2023,20,2022-w20
10-May-2022,20220510,May,5,Q2,2022,Tue,3,10,2022 Q2,2022 May,202205,2022-2023,20,2022-w20
11-May-2022,20220511,May,5,Q2,2022,Wed,4,11,2022 Q2,2022 May,202205,2022-2023,20,2022-w20
12-May-2022,20220512,May,5,Q2,2022,Thu,5,12,2022 Q2,2022 May,202205,2022-2023,20,2022-w20
13-May-2022,20220513,May,5,Q2,2022,Fri,6,13,2022 Q2,2022 May,202205,2022-2023,20,2022-w20
14-May-2022,20220514,May,5,Q2,2022,Sat,7,14,2022 Q2,2022 May,202205,2022-2023,20,2022-w20
15-May-2022,20220515,May,5,Q2,2022,Sun,1,15,2022 Q2,2022 May,202205,2022-2023,21,2022-w21
16-May-2022,20220516,May,5,Q2,2022,Mon,2,16,2022 Q2,2022 May,202205,2022-2023,21,2022-w21
17-May-2022,20220517,May,5,Q2,2022,Tue,3,17,2022 Q2,2022 May,202205,2022-2023,21,2022-w21
18-May-2022,20220518,May,5,Q2,2022,Wed,4,18,2022 Q2,2022 May,202205,2022-2023,21,2022-w21
19-May-2022,20220519,May,5,Q2,2022,Thu,5,19,2022 Q2,2022 May,202205,2022-2023,21,2022-w21
20-May-2022,20220520,May,5,Q2,2022,Fri,6,20,2022 Q2,2022 May,202205,2022-2023,21,2022-w21
21-May-2022,20220521,May,5,Q2,2022,Sat,7,21,2022 Q2,2022 May,202205,2022-2023,21,2022-w21
22-May-2022,20220522,May,5,Q2,2022,Sun,1,22,2022 Q2,2022 May,202205,2022-2023,22,2022-w22
23-May-2022,20220523,May,5,Q2,2022,Mon,2,23,2022 Q2,2022 May,202205,2022-2023,22,2022-w22
24-May-2022,20220524,May,5,Q2,2022,Tue,3,24,2022 Q2,2022 May,202205,2022-2023,22,2022-w22
25-May-2022,20220525,May,5,Q2,2022,Wed,4,25,2022 Q2,2022 May,202205,2022-2023,22,2022-w22
26-May-2022,20220526,May,5,Q2,2022,Thu,5,26,2022 Q2,2022 May,202205,2022-2023,22,2022-w22
27-May-2022,20220527,May,5,Q2,2022,Fri,6,27,2022 Q2,2022 May,202205,2022-2023,22,2022-w22
28-May-2022,20220528,May,5,Q2,2022,Sat,7,28,2022 Q2,2022 May,202205,2022-2023,22,2022-w22
29-May-2022,20220529,May,5,Q2,2022,Sun,1,29,2022 Q2,2022 May,202205,2022-2023,23,2022-w23
30-May-2022,20220530,May,5,Q2,2022,Mon,2,30,2022 Q2,2022 May,202205,2022-2023,23,2022-w23
31-May-2022,20220531,May,5,Q2,2022,Tue,3,31,2022 Q2,2022 May,202205,2022-2023,23,2022-w23
01-Jun-2022,20220601,Jun,6,Q2,2022,Wed,4,1,2022 Q2,2022 Jun,202206,2022-2023,23,2022-w23
02-Jun-2022,20220602,Jun,6,Q2,2022,Thu,5,2,2022 Q2,2022 Jun,202206,2022-2023,23,2022-w23
03-Jun-2022,20220603,Jun,6,Q2,2022,Fri,6,3,2022 Q2,2022 Jun,202206,2022-2023,23,2022-w23
04-Jun-2022,20220604,Jun,6,Q2,2022,Sat,7,4,2022 Q2,2022 Jun,202206,2022-2023,23,2022-w23
05-Jun-2022,20220605,Jun,6,Q2,2022,Sun,1,5,2022 Q2,2022 Jun,202206,2022-2023,24,2022-w24
06-Jun-2022,20220606,Jun,6,Q2,2022,Mon,2,6,2022 Q2,2022 Jun,202206,2022-2023,24,2022-w24
07-Jun-2022,20220607,Jun,6,Q2,2022,Tue,3,7,2022 Q2,2022 Jun,202206,2022-2023,24,2022-w24
08-Jun-2022,20220608,Jun,6,Q2,2022,Wed,4,8,2022 Q2,2022 Jun,202206,2022-2023,24,2022-w24
09-Jun-2022,20220609,Jun,6,Q2,2022,Thu,5,9,2022 Q2,2022 Jun,202206,2022-2023,24,2022-w24
10-Jun-2022,20220610,Jun,6,Q2,2022,Fri,6,10,2022 Q2,2022 Jun,202206,2022-2023,24,2022-w24
11-Jun-2022,20220611,Jun,6,Q2,2022,Sat,7,11,2022 Q2,2022 Jun,202206,2022-2023,24,2022-w24
12-Jun-2022,20220612,Jun,6,Q2,2022,Sun,1,12,2022 Q2,2022 Jun,202206,2022-2023,25,2022-w25
13-Jun-2022,20220613,Jun,6,Q2,2022,Mon,2,13,2022 Q2,2022 Jun,202206,2022-2023,25,2022-w25
14-Jun-2022,20220614,Jun,6,Q2,2022,Tue,3,14,2022 Q2,2022 Jun,202206,2022-2023,25,2022-w25
15-Jun-2022,20220615,Jun,6,Q2,2022,Wed,4,15,2022 Q2,2022 Jun,202206,2022-2023,25,2022-w25
16-Jun-2022,20220616,Jun,6,Q2,2022,Thu,5,16,2022 Q2,2022 Jun,202206,2022-2023,25,2022-w25
17-Jun-2022,20220617,Jun,6,Q2,2022,Fri,6,17,2022 Q2,2022 Jun,202206,2022-2023,25,2022-w25
18-Jun-2022,20220618,Jun,6,Q2,2022,Sat,7,18,2022 Q2,2022 Jun,202206,2022-2023,25,2022-w25
19-Jun-2022,20220619,Jun,6,Q2,2022,Sun,1,19,2022 Q2,2022 Jun,202206,2022-2023,26,2022-w26
20-Jun-2022,20220620,Jun,6,Q2,2022,Mon,2,20,2022 Q2,2022 Jun,202206,2022-2023,26,2022-w26
21-Jun-2022,20220621,Jun,6,Q2,2022,Tue,3,21,2022 Q2,2022 Jun,202206,2022-2023,26,2022-w26
22-Jun-2022,20220622,Jun,6,Q2,2022,Wed,4,22,2022 Q2,2022 Jun,202206,2022-2023,26,2022-w26
23-Jun-2022,20220623,Jun,6,Q2,2022,Thu,5,23,2022 Q2,2022 Jun,202206,2022-2023,26,2022-w26
24-Jun-2022,20220624,Jun,6,Q2,2022,Fri,6,24,2022 Q2,2022 Jun,202206,2022-2023,26,2022-w26
25-Jun-2022,20220625,Jun,6,Q2,2022,Sat,7,25,2022 Q2,2022 Jun,202206,2022-2023,26,2022-w26
26-Jun-2022,20220626,Jun,6,Q2,2022,Sun,1,26,2022 Q2,2022 Jun,202206,2022-2023,27,2022-w27
27-Jun-2022,20220627,Jun,6,Q2,2022,Mon,2,27,2022 Q2,2022 Jun,202206,2022-2023,27,2022-w27
28-Jun-2022,20220628,Jun,6,Q2,2022,Tue,3,28,2022 Q2,2022 Jun,202206,2022-2023,27,2022-w27
29-Jun-2022,20220629,Jun,6,Q2,2022,Wed,4,29,2022 Q2,2022 Jun,202206,2022-2023,27,2022-w27
30-Jun-2022,20220630,Jun,6,Q2,2022,Thu,5,30,2022 Q2,2022 Jun,202206,2022-2023,27,2022-w27
01-Jul-2022,20220701,Jul,7,Q3,2022,Fri,6,1,2022 Q3,2022 Jul,202207,2022-2023,27,2022-w27
02-Jul-2022,20220702,Jul,7,Q3,2022,Sat,7,2,2022 Q3,2022 Jul,202207,2022-2023,27,2022-w27
03-Jul-2022,20220703,Jul,7,Q3,2022,Sun,1,3,2022 Q3,2022 Jul,202207,2022-2023,28,2022-w28
04-Jul-2022,20220704,Jul,7,Q3,2022,Mon,2,4,2022 Q3,2022 Jul,202207,2022-2023,28,2022-w28
05-Jul-2022,20220705,Jul,7,Q3,2022,Tue,3,5,2022 Q3,2022 Jul,202207,2022-2023,28,2022-w28
06-Jul-2022,20220706,Jul,7,Q3,2022,Wed,4,6,2022 Q3,2022 Jul,202207,2022-2023,28,2022-w28
07-Jul-2022,20220707,Jul,7,Q3,2022,Thu,5,7,2022 Q3,2022 Jul,202207,2022-2023,28,2022-w28
08-Jul-2022,20220708,Jul,7,Q3,2022,Fri,6,8,2022 Q3,2022 Jul,202207,2022-2023,28,2022-w28
09-Jul-2022,20220709,Jul,7,Q3,2022,Sat,7,9,2022 Q3,2022 Jul,202207,2022-2023,28,2022-w28
10-Jul-2022,20220710,Jul,7,Q3,2022,Sun,1,10,2022 Q3,2022 Jul,202207,2022-2023,29,2022-w29
11-Jul-2022,20220711,Jul,7,Q3,2022,Mon,2,11,2022 Q3,2022 Jul,202207,2022-2023,29,2022-w29
12-Jul-2022,20220712,Jul,7,Q3,2022,Tue,3,12,2022 Q3,2022 Jul,202207,2022-2023,29,2022-w29
13-Jul-2022,20220713,Jul,7,Q3,2022,Wed,4,13,2022 Q3,2022 Jul,202207,2022-2023,29,2022-w29
14-Jul-2022,20220714,Jul,7,Q3,2022,Thu,5,14,2022 Q3,2022 Jul,202207,2022-2023,29,2022-w29
15-Jul-2022,20220715,Jul,7,Q3,2022,Fri,6,15,2022 Q3,2022 Jul,202207,2022-2023,29,2022-w29
16-Jul-2022,20220716,Jul,7,Q3,2022,Sat,7,16,2022 Q3,2022 Jul,202207,2022-2023,29,2022-w29
17-Jul-2022,20220717,Jul,7,Q3,2022,Sun,1,17,2022 Q3,2022 Jul,202207,2022-2023,30,2022-w30
18-Jul-2022,20220718,Jul,7,Q3,2022,Mon,2,18,2022 Q3,2022 Jul,202207,2022-2023,30,2022-w30
19-Jul-2022,20220719,Jul,7,Q3,2022,Tue,3,19,2022 Q3,2022 Jul,202207,2022-2023,30,2022-w30
20-Jul-2022,20220720,Jul,7,Q3,2022,Wed,4,20,2022 Q3,2022 Jul,202207,2022-2023,30,2022-w30
21-Jul-2022,20220721,Jul,7,Q3,2022,Thu,5,21,2022 Q3,2022 Jul,202207,2022-2023,30,2022-w30
22-Jul-2022,20220722,Jul,7,Q3,2022,Fri,6,22,2022 Q3,2022 Jul,202207,2022-2023,30,2022-w30
23-Jul-2022,20220723,Jul,7,Q3,2022,Sat,7,23,2022 Q3,2022 Jul,202207,2022-2023,30,2022-w30
24-Jul-2022,20220724,Jul,7,Q3,2022,Sun,1,24,2022 Q3,2022 Jul,202207,2022-2023,31,2022-w31
25-Jul-2022,20220725,Jul,7,Q3,2022,Mon,2,25,2022 Q3,2022 Jul,202207,2022-2023,31,2022-w31
26-Jul-2022,20220726,Jul,7,Q3,2022,Tue,3,26,2022 Q3,2022 Jul,202207,2022-2023,31,2022-w31
27-Jul-2022,20220727,Jul,7,Q3,2022,Wed,4,27,2022 Q3,2022 Jul,202207,2022-2023,31,2022-w31
28-Jul-2022,20220728,Jul,7,Q3,2022,Thu,5,28,2022 Q3,2022 Jul,202207,2022-2023,31,2022-w31
29-Jul-2022,20220729,Jul,7,Q3,2022,Fri,6,29,2022 Q3,2022 Jul,202207,2022-2023,31,2022-w31
30-Jul-2022,20220730,Jul,7,Q3,2022,Sat,7,30,2022 Q3,2022 Jul,202207,2022-2023,31,2022-w31
31-Jul-2022,20220731,Jul,7,Q3,2022,Sun,1,31,2022 Q3,2022 Jul,202207,2022-2023,32,2022-w32
01-Aug-2022,20220801,Aug,8,Q3,2022,Mon,2,1,2022 Q3,2022 Aug,202208,2022-2023,32,2022-w32
02-Aug-2022,20220802,Aug,8,Q3,2022,Tue,3,2,2022 Q3,2022 Aug,202208,2022-2023,32,2022-w32
03-Aug-2022,20220803,Aug,8,Q3,2022,Wed,4,3,2022 Q3,2022 Aug,202208,2022-2023,32,2022-w32
04-Aug-2022,20220804,Aug,8,Q3,2022,Thu,5,4,2022 Q3,2022 Aug,202208,2022-2023,32,2022-w32
05-Aug-2022,20220805,Aug,8,Q3,2022,Fri,6,5,2022 Q3,2022 Aug,202208,2022-2023,32,2022-w32
06-Aug-2022,20220806,Aug,8,Q3,2022,Sat,7,6,2022 Q3,2022 Aug,202208,2022-2023,32,2022-w32
07-Aug-2022,20220807,Aug,8,Q3,2022,Sun,1,7,2022 Q3,2022 Aug,202208,2022-2023,33,2022-w33
08-Aug-2022,20220808,Aug,8,Q3,2022,Mon,2,8,2022 Q3,2022 Aug,202208,2022-2023,33,2022-w33
09-Aug-2022,20220809,Aug,8,Q3,2022,Tue,3,9,2022 Q3,2022 Aug,202208,2022-2023,33,2022-w33
10-Aug-2022,20220810,Aug,8,Q3,2022,Wed,4,10,2022 Q3,2022 Aug,202208,2022-2023,33,2022-w33
11-Aug-2022,20220811,Aug,8,Q3,2022,Thu,5,11,2022 Q3,2022 Aug,202208,2022-2023,33,2022-w33
12-Aug-2022,20220812,Aug,8,Q3,2022,Fri,6,12,2022 Q3,2022 Aug,202208,2022-2023,33,2022-w33
13-Aug-2022,20220813,Aug,8,Q3,2022,Sat,7,13,2022 Q3,2022 Aug,202208,2022-2023,33,2022-w33
14-Aug-2022,20220814,Aug,8,Q3,2022,Sun,1,14,2022 Q3,2022 Aug,202208,2022-2023,34,2022-w34
15-Aug-2022,20220815,Aug,8,Q3,2022,Mon,2,15,2022 Q3,2022 Aug,202208,2022-2023,34,2022-w34
16-Aug-2022,20220816,Aug,8,Q3,2022,Tue,3,16,2022 Q3,2022 Aug,202208,2022-2023,34,2022-w34
17-Aug-2022,20220817,Aug,8,Q3,2022,Wed,4,17,2022 Q3,2022 Aug,202208,2022-2023,34,2022-w34
18-Aug-2022,20220818,Aug,8,Q3,2022,Thu,5,18,2022 Q3,2022 Aug,202208,2022-2023,34,2022-w34
19-Aug-2022,20220819,Aug,8,Q3,2022,Fri,6,19,2022 Q3,2022 Aug,202208,2022-2023,34,2022-w34
20-Aug-2022,20220820,Aug,8,Q3,2022,Sat,7,20,2022 Q3,2022 Aug,202208,2022-2023,34,2022-w34
21-Aug-2022,20220821,Aug,8,Q3,2022,Sun,1,21,2022 Q3,2022 Aug,202208,2022-2023,35,2022-w35
22-Aug-2022,20220822,Aug,8,Q3,2022,Mon,2,22,2022 Q3,2022 Aug,202208,2022-2023,35,2022-w35
23-Aug-2022,20220823,Aug,8,Q3,2022,Tue,3,23,2022 Q3,2022 Aug,202208,2022-2023,35,2022-w35
24-Aug-2022,20220824,Aug,8,Q3,2022,Wed,4,24,2022 Q3,2022 Aug,202208,2022-2023,35,2022-w35
25-Aug-2022,20220825,Aug,8,Q3,2022,Thu,5,25,2022 Q3,2022 Aug,202208,2022-2023,35,2022-w35
26-Aug-2022,20220826,Aug,8,Q3,2022,Fri,6,26,2022 Q3,2022 Aug,202208,2022-2023,35,2022-w35
27-Aug-2022,20220827,Aug,8,Q3,2022,Sat,7,27,2022 Q3,2022 Aug,202208,2022-2023,35,2022-w35
28-Aug-2022,20220828,Aug,8,Q3,2022,Sun,1,28,2022 Q3,2022 Aug,202208,2022-2023,36,2022-w36
29-Aug-2022,20220829,Aug,8,Q3,2022,Mon,2,29,2022 Q3,2022 Aug,202208,2022-2023,36,2022-w36
30-Aug-2022,20220830,Aug,8,Q3,2022,Tue,3,30,2022 Q3,2022 Aug,202208,2022-2023,36,2022-w36
31-Aug-2022,20220831,Aug,8,Q3,2022,Wed,4,31,2022 Q3,2022 Aug,202208,2022-2023,36,2022-w36
01-Sep-2022,20220901,Sep,9,Q3,2022,Thu,5,1,2022 Q3,2022 Sep,202209,2022-2023,36,2022-w36
02-Sep-2022,20220902,Sep,9,Q3,2022,Fri,6,2,2022 Q3,2022 Sep,202209,2022-2023,36,2022-w36
03-Sep-2022,20220903,Sep,9,Q3,2022,Sat,7,3,2022 Q3,2022 Sep,202209,2022-2023,36,2022-w36
04-Sep-2022,20220904,Sep,9,Q3,2022,Sun,1,4,2022 Q3,2022 Sep,202209,2022-2023,37,2022-w37
05-Sep-2022,20220905,Sep,9,Q3,2022,Mon,2,5,2022 Q3,2022 Sep,202209,2022-2023,37,2022-w37
06-Sep-2022,20220906,Sep,9,Q3,2022,Tue,3,6,2022 Q3,2022 Sep,202209,2022-2023,37,2022-w37
07-Sep-2022,20220907,Sep,9,Q3,2022,Wed,4,7,2022 Q3,2022 Sep,202209,2022-2023,37,2022-w37
08-Sep-2022,20220908,Sep,9,Q3,2022,Thu,5,8,2022 Q3,2022 Sep,202209,2022-2023,37,2022-w37
09-Sep-2022,20220909,Sep,9,Q3,2022,Fri,6,9,2022 Q3,2022 Sep,202209,2022-2023,37,2022-w37
10-Sep-2022,20220910,Sep,9,Q3,2022,Sat,7,10,2022 Q3,2022 Sep,202209,2022-2023,37,2022-w37
11-Sep-2022,20220911,Sep,9,Q3,2022,Sun,1,11,2022 Q3,2022 Sep,202209,2022-2023,38,2022-w38
12-Sep-2022,20220912,Sep,9,Q3,2022,Mon,2,12,2022 Q3,2022 Sep,202209,2022-2023,38,2022-w38
13-Sep-2022,20220913,Sep,9,Q3,2022,Tue,3,13,2022 Q3,2022 Sep,202209,2022-2023,38,2022-w38
14-Sep-2022,20220914,Sep,9,Q3,2022,Wed,4,14,2022 Q3,2022 Sep,202209,2022-2023,38,2022-w38
15-Sep-2022,20220915,Sep,9,Q3,2022,Thu,5,15,2022 Q3,2022 Sep,202209,2022-2023,38,2022-w38
16-Sep-2022,20220916,Sep,9,Q3,2022,Fri,6,16,2022 Q3,2022 Sep,202209,2022-2023,38,2022-w38
17-Sep-2022,20220917,Sep,9,Q3,2022,Sat,7,17,2022 Q3,2022 Sep,202209,2022-2023,38,2022-w38
18-Sep-2022,20220918,Sep,9,Q3,2022,Sun,1,18,2022 Q3,2022 Sep,202209,2022-2023,39,2022-w39
19-Sep-2022,20220919,Sep,9,Q3,2022,Mon,2,19,2022 Q3,2022 Sep,202209,2022-2023,39,2022-w39
20-Sep-2022,20220920,Sep,9,Q3,2022,Tue,3,20,2022 Q3,2022 Sep,202209,2022-2023,39,2022-w39
21-Sep-2022,20220921,Sep,9,Q3,2022,Wed,4,21,2022 Q3,2022 Sep,202209,2022-2023,39,2022-w39
22-Sep-2022,20220922,Sep,9,Q3,2022,Thu,5,22,2022 Q3,2022 Sep,202209,2022-2023,39,2022-w39
23-Sep-2022,20220923,Sep,9,Q3,2022,Fri,6,23,2022 Q3,2022 Sep,202209,2022-2023,39,2022-w39
24-Sep-2022,20220924,Sep,9,Q3,2022,Sat,7,24,2022 Q3,2022 Sep,202209,2022-2023,39,2022-w39
25-Sep-2022,20220925,Sep,9,Q3,2022,Sun,1,25,2022 Q3,2022 Sep,202209,2022-2023,40,2022-w40
26-Sep-2022,20220926,Sep,9,Q3,2022,Mon,2,26,2022 Q3,2022 Sep,202209,2022-2023,40,2022-w40
27-Sep-2022,20220927,Sep,9,Q3,2022,Tue,3,27,2022 Q3,2022 Sep,202209,2022-2023,40,2022-w40
28-Sep-2022,20220928,Sep,9,Q3,2022,Wed,4,28,2022 Q3,2022 Sep,202209,2022-2023,40,2022-w40
29-Sep-2022,20220929,Sep,9,Q3,2022,Thu,5,29,2022 Q3,2022 Sep,202209,2022-2023,40,2022-w40
30-Sep-2022,20220930,Sep,9,Q3,2022,Fri,6,30,2022 Q3,2022 Sep,202209,2022-2023,40,2022-w40
01-Oct-2022,20221001,Oct,10,Q4,2022,Sat,7,1,2022 Q4,2022 Oct,202210,2022-2023,40,2022-w40
02-Oct-2022,20221002,Oct,10,Q4,2022,Sun,1,2,2022 Q4,2022 Oct,202210,2022-2023,41,2022-w41
03-Oct-2022,20221003,Oct,10,Q4,2022,Mon,2,3,2022 Q4,2022 Oct,202210,2022-2023,41,2022-w41
04-Oct-2022,20221004,Oct,10,Q4,2022,Tue,3,4,2022 Q4,2022 Oct,202210,2022-2023,41,2022-w41
05-Oct-2022,20221005,Oct,10,Q4,2022,Wed,4,5,2022 Q4,2022 Oct,202210,2022-2023,41,2022-w41
06-Oct-2022,20221006,Oct,10,Q4,2022,Thu,5,6,2022 Q4,2022 Oct,202210,2022-2023,41,2022-w41
07-Oct-2022,20221007,Oct,10,Q4,2022,Fri,6,7,2022 Q4,2022 Oct,202210,2022-2023,41,2022-w41
08-Oct-2022,20221008,Oct,10,Q4,2022,Sat,7,8,2022 Q4,2022 Oct,202210,2022-2023,41,2022-w41
09-Oct-2022,20221009,Oct,10,Q4,2022,Sun,1,9,2022 Q4,2022 Oct,202210,2022-2023,42,2022-w42
10-Oct-2022,20221010,Oct,10,Q4,2022,Mon,2,10,2022 Q4,2022 Oct,202210,2022-2023,42,2022-w42
11-Oct-2022,20221011,Oct,10,Q4,2022,Tue,3,11,2022 Q4,2022 Oct,202210,2022-2023,42,2022-w42
12-Oct-2022,20221012,Oct,10,Q4,2022,Wed,4,12,2022 Q4,2022 Oct,202210,2022-2023,42,2022-w42
13-Oct-2022,20221013,Oct,10,Q4,2022,Thu,5,13,2022 Q4,2022 Oct,202210,2022-2023,42,2022-w42
14-Oct-2022,20221014,Oct,10,Q4,2022,Fri,6,14,2022 Q4,2022 Oct,202210,2022-2023,42,2022-w42
15-Oct-2022,20221015,Oct,10,Q4,2022,Sat,7,15,2022 Q4,2022 Oct,202210,2022-2023,42,2022-w42
16-Oct-2022,20221016,Oct,10,Q4,2022,Sun,1,16,2022 Q4,2022 Oct,202210,2022-2023,43,2022-w43
17-Oct-2022,20221017,Oct,10,Q4,2022,Mon,2,17,2022 Q4,2022 Oct,202210,2022-2023,43,2022-w43
18-Oct-2022,20221018,Oct,10,Q4,2022,Tue,3,18,2022 Q4,2022 Oct,202210,2022-2023,43,2022-w43
19-Oct-2022,20221019,Oct,10,Q4,2022,Wed,4,19,2022 Q4,2022 Oct,202210,2022-2023,43,2022-w43
20-Oct-2022,20221020,Oct,10,Q4,2022,Thu,5,20,2022 Q4,2022 Oct,202210,2022-2023,43,2022-w43
21-Oct-2022,20221021,Oct,10,Q4,2022,Fri,6,21,2022 Q4,2022 Oct,202210,2022-2023,43,2022-w43
22-Oct-2022,20221022,Oct,10,Q4,2022,Sat,7,22,2022 Q4,2022 Oct,202210,2022-2023,43,2022-w43
23-Oct-2022,20221023,Oct,10,Q4,2022,Sun,1,23,2022 Q4,2022 Oct,202210,2022-2023,44,2022-w44
24-Oct-2022,20221024,Oct,10,Q4,2022,Mon,2,24,2022 Q4,2022 Oct,202210,2022-2023,44,2022-w44
25-Oct-2022,20221025,Oct,10,Q4,2022,Tue,3,25,2022 Q4,2022 Oct,202210,2022-2023,44,2022-w44
26-Oct-2022,20221026,Oct,10,Q4,2022,Wed,4,26,2022 Q4,2022 Oct,202210,2022-2023,44,2022-w44
27-Oct-2022,20221027,Oct,10,Q4,2022,Thu,5,27,2022 Q4,2022 Oct,202210,2022-2023,44,2022-w44
28-Oct-2022,20221028,Oct,10,Q4,2022,Fri,6,28,2022 Q4,2022 Oct,202210,2022-2023,44,2022-w44
29-Oct-2022,20221029,Oct,10,Q4,2022,Sat,7,29,2022 Q4,2022 Oct,202210,2022-2023,44,2022-w44
30-Oct-2022,20221030,Oct,10,Q4,2022,Sun,1,30,2022 Q4,2022 Oct,202210,2022-2023,45,2022-w45
31-Oct-2022,20221031,Oct,10,Q4,2022,Mon,2,31,2022 Q4,2022 Oct,202210,2022-2023,45,2022-w45
01-Nov-2022,20221101,Nov,11,Q4,2022,Tue,3,1,2022 Q4,2022 Nov,202211,2022-2023,45,2022-w45
02-Nov-2022,20221102,Nov,11,Q4,2022,Wed,4,2,2022 Q4,2022 Nov,202211,2022-2023,45,2022-w45
03-Nov-2022,20221103,Nov,11,Q4,2022,Thu,5,3,2022 Q4,2022 Nov,202211,2022-2023,45,2022-w45
04-Nov-2022,20221104,Nov,11,Q4,2022,Fri,6,4,2022 Q4,2022 Nov,202211,2022-2023,45,2022-w45
05-Nov-2022,20221105,Nov,11,Q4,2022,Sat,7,5,2022 Q4,2022 Nov,202211,2022-2023,45,2022-w45
06-Nov-2022,20221106,Nov,11,Q4,2022,Sun,1,6,2022 Q4,2022 Nov,202211,2022-2023,46,2022-w46
07-Nov-2022,20221107,Nov,11,Q4,2022,Mon,2,7,2022 Q4,2022 Nov,202211,2022-2023,46,2022-w46
08-Nov-2022,20221108,Nov,11,Q4,2022,Tue,3,8,2022 Q4,2022 Nov,202211,2022-2023,46,2022-w46
09-Nov-2022,20221109,Nov,11,Q4,2022,Wed,4,9,2022 Q4,2022 Nov,202211,2022-2023,46,2022-w46
10-Nov-2022,20221110,Nov,11,Q4,2022,Thu,5,10,2022 Q4,2022 Nov,202211,2022-2023,46,2022-w46
11-Nov-2022,20221111,Nov,11,Q4,2022,Fri,6,11,2022 Q4,2022 Nov,202211,2022-2023,46,2022-w46
12-Nov-2022,20221112,Nov,11,Q4,2022,Sat,7,12,2022 Q4,2022 Nov,202211,2022-2023,46,2022-w46
13-Nov-2022,20221113,Nov,11,Q4,2022,Sun,1,13,2022 Q4,2022 Nov,202211,2022-2023,47,2022-w47
14-Nov-2022,20221114,Nov,11,Q4,2022,Mon,2,14,2022 Q4,2022 Nov,202211,2022-2023,47,2022-w47
15-Nov-2022,20221115,Nov,11,Q4,2022,Tue,3,15,2022 Q4,2022 Nov,202211,2022-2023,47,2022-w47
16-Nov-2022,20221116,Nov,11,Q4,2022,Wed,4,16,2022 Q4,2022 Nov,202211,2022-2023,47,2022-w47
17-Nov-2022,20221117,Nov,11,Q4,2022,Thu,5,17,2022 Q4,2022 Nov,202211,2022-2023,47,2022-w47
18-Nov-2022,20221118,Nov,11,Q4,2022,Fri,6,18,2022 Q4,2022 Nov,202211,2022-2023,47,2022-w47
19-Nov-2022,20221119,Nov,11,Q4,2022,Sat,7,19,2022 Q4,2022 Nov,202211,2022-2023,47,2022-w47
20-Nov-2022,20221120,Nov,11,Q4,2022,Sun,1,20,2022 Q4,2022 Nov,202211,2022-2023,48,2022-w48
21-Nov-2022,20221121,Nov,11,Q4,2022,Mon,2,21,2022 Q4,2022 Nov,202211,2022-2023,48,2022-w48
22-Nov-2022,20221122,Nov,11,Q4,2022,Tue,3,22,2022 Q4,2022 Nov,202211,2022-2023,48,2022-w48
23-Nov-2022,20221123,Nov,11,Q4,2022,Wed,4,23,2022 Q4,2022 Nov,202211,2022-2023,48,2022-w48
24-Nov-2022,20221124,Nov,11,Q4,2022,Thu,5,24,2022 Q4,2022 Nov,202211,2022-2023,48,2022-w48
25-Nov-2022,20221125,Nov,11,Q4,2022,Fri,6,25,2022 Q4,2022 Nov,202211,2022-2023,48,2022-w48
26-Nov-2022,20221126,Nov,11,Q4,2022,Sat,7,26,2022 Q4,2022 Nov,202211,2022-2023,48,2022-w48
27-Nov-2022,20221127,Nov,11,Q4,2022,Sun,1,27,2022 Q4,2022 Nov,202211,2022-2023,49,2022-w49
28-Nov-2022,20221128,Nov,11,Q4,2022,Mon,2,28,2022 Q4,2022 Nov,202211,2022-2023,49,2022-w49
29-Nov-2022,20221129,Nov,11,Q4,2022,Tue,3,29,2022 Q4,2022 Nov,202211,2022-2023,49,2022-w49
30-Nov-2022,20221130,Nov,11,Q4,2022,Wed,4,30,2022 Q4,2022 Nov,202211,2022-2023,49,2022-w49
01-Dec-2022,20221201,Dec,12,Q4,2022,Thu,5,1,2022 Q4,2022 Dec,202212,2022-2023,49,2022-w49
02-Dec-2022,20221202,Dec,12,Q4,2022,Fri,6,2,2022 Q4,2022 Dec,202212,2022-2023,49,2022-w49
03-Dec-2022,20221203,Dec,12,Q4,2022,Sat,7,3,2022 Q4,2022 Dec,202212,2022-2023,49,2022-w49
04-Dec-2022,20221204,Dec,12,Q4,2022,Sun,1,4,2022 Q4,2022 Dec,202212,2022-2023,50,2022-w50
05-Dec-2022,20221205,Dec,12,Q4,2022,Mon,2,5,2022 Q4,2022 Dec,202212,2022-2023,50,2022-w50
06-Dec-2022,20221206,Dec,12,Q4,2022,Tue,3,6,2022 Q4,2022 Dec,202212,2022-2023,50,2022-w50
07-Dec-2022,20221207,Dec,12,Q4,2022,Wed,4,7,2022 Q4,2022 Dec,202212,2022-2023,50,2022-w50
08-Dec-2022,20221208,Dec,12,Q4,2022,Thu,5,8,2022 Q4,2022 Dec,202212,2022-2023,50,2022-w50
09-Dec-2022,20221209,Dec,12,Q4,2022,Fri,6,9,2022 Q4,2022 Dec,202212,2022-2023,50,2022-w50
10-Dec-2022,20221210,Dec,12,Q4,2022,Sat,7,10,2022 Q4,2022 Dec,202212,2022-2023,50,2022-w50
11-Dec-2022,20221211,Dec,12,Q4,2022,Sun,1,11,2022 Q4,2022 Dec,202212,2022-2023,51,2022-w51
12-Dec-2022,20221212,Dec,12,Q4,2022,Mon,2,12,2022 Q4,2022 Dec,202212,2022-2023,51,2022-w51
13-Dec-2022,20221213,Dec,12,Q4,2022,Tue,3,13,2022 Q4,2022 Dec,202212,2022-2023,51,2022-w51
14-Dec-2022,20221214,Dec,12,Q4,2022,Wed,4,14,2022 Q4,2022 Dec,202212,2022-2023,51,2022-w51
15-Dec-2022,20221215,Dec,12,Q4,2022,Thu,5,15,2022 Q4,2022 Dec,202212,2022-2023,51,2022-w51
16-Dec-2022,20221216,Dec,12,Q4,2022,Fri,6,16,2022 Q4,2022 Dec,202212,2022-2023,51,2022-w51
17-Dec-2022,20221217,Dec,12,Q4,2022,Sat,7,17,2022 Q4,2022 Dec,202212,2022-2023,51,2022-w51
18-Dec-2022,20221218,Dec,12,Q4,2022,Sun,1,18,2022 Q4,2022 Dec,202212,2022-2023,52,2022-w52
19-Dec-2022,20221219,Dec,12,Q4,2022,Mon,2,19,2022 Q4,2022 Dec,202212,2022-2023,52,2022-w52
20-Dec-2022,20221220,Dec,12,Q4,2022,Tue,3,20,2022 Q4,2022 Dec,202212,2022-2023,52,2022-w52
21-Dec-2022,20221221,Dec,12,Q4,2022,Wed,4,21,2022 Q4,2022 Dec,202212,2022-2023,52,2022-w52
22-Dec-2022,20221222,Dec,12,Q4,2022,Thu,5,22,2022 Q4,2022 Dec,202212,2022-2023,52,2022-w52
23-Dec-2022,20221223,Dec,12,Q4,2022,Fri,6,23,2022 Q4,2022 Dec,202212,2022-2023,52,2022-w52
24-Dec-2022,20221224,Dec,12,Q4,2022,Sat,7,24,2022 Q4,2022 Dec,202212,2022-2023,52,2022-w52
25-Dec-2022,20221225,Dec,12,Q4,2022,Sun,1,25,2022 Q4,2022 Dec,202212,2022-2023,53,2022-w53
26-Dec-2022,20221226,Dec,12,Q4,2022,Mon,2,26,2022 Q4,2022 Dec,202212,2022-2023,53,2022-w53
27-Dec-2022,20221227,Dec,12,Q4,2022,Tue,3,27,2022 Q4,2022 Dec,202212,2022-2023,53,2022-w53
28-Dec-2022,20221228,Dec,12,Q4,2022,Wed,4,28,2022 Q4,2022 Dec,202212,2022-2023,53,2022-w53
29-Dec-2022,20221229,Dec,12,Q4,2022,Thu,5,29,2022 Q4,2022 Dec,202212,2022-2023,53,2022-w53
30-Dec-2022,20221230,Dec,12,Q4,2022,Fri,6,30,2022 Q4,2022 Dec,202212,2022-2023,53,2022-w53
31-Dec-2022,20221231,Dec,12,Q4,2022,Sat,7,31,2022 Q4,2022 Dec,202212,2022-2023,53,2022-w53
