areaType,areaName,areaCode,date,newCasesByPublishDate,cumCasesByPublishDate
nation,England,E92000001,2021-05-17,1645,3889132
nation,England,E92000001,2021-05-16,1471,3887487
nation,England,E92000001,2021-05-15,1614,3886016
nation,England,E92000001,2021-05-14,1828,3884402
nation,England,E92000001,2021-05-13,2229,3882574
nation,England,E92000001,2021-05-12,1804,3880345
nation,England,E92000001,2021-05-11,2117,3878541
nation,England,E92000001,2021-05-10,2009,3876424
nation,England,E92000001,2021-05-09,1418,3874415
nation,England,E92000001,2021-05-08,1742,3872997
nation,England,E92000001,2021-05-07,2142,3871255
nation,England,E92000001,2021-05-06,2194,3869113
nation,England,E92000001,2021-05-05,1906,3866919
nation,England,E92000001,2021-05-04,1659,3865013
nation,England,E92000001,2021-05-03,1453,3863354
nation,England,E92000001,2021-05-02,1377,3861901
nation,England,E92000001,2021-05-01,1642,3860524
nation,England,E92000001,2021-04-30,2046,3858882
nation,England,E92000001,2021-04-29,2103,3856836
nation,England,E92000001,2021-04-28,1829,3854733
nation,England,E92000001,2021-04-27,2410,3852904
nation,England,E92000001,2021-04-26,1752,3850494
nation,England,E92000001,2021-04-25,1401,3848742
nation,England,E92000001,2021-04-24,1804,3847341
nation,England,E92000001,2021-04-23,2277,3845537
nation,England,E92000001,2021-04-22,2315,3843260
nation,England,E92000001,2021-04-21,1943,3840945
nation,England,E92000001,2021-04-20,2169,3839002
nation,England,E92000001,2021-04-19,2550,3836833
nation,England,E92000001,2021-04-18,1495,3834283
nation,England,E92000001,2021-04-17,1897,3832788
nation,England,E92000001,2021-04-16,2225,3830891
nation,England,E92000001,2021-04-15,2171,3828666
nation,England,E92000001,2021-04-14,2054,3826495
nation,England,E92000001,2021-04-13,2070,3824441
nation,England,E92000001,2021-04-12,3222,3822371
nation,England,E92000001,2021-04-11,1338,3819149
nation,England,E92000001,2021-04-10,2032,3817811
nation,England,E92000001,2021-04-09,2638,3815779
nation,England,E92000001,2021-04-08,2486,3821151
nation,England,E92000001,2021-04-07,2304,3818665
nation,England,E92000001,2021-04-06,1937,3816361
nation,England,E92000001,2021-04-05,2236,3814424
nation,England,E92000001,2021-04-04,1954,3812188
nation,England,E92000001,2021-04-03,2847,3810234
nation,England,E92000001,2021-04-02,2881,3807387
nation,England,E92000001,2021-04-01,3784,3804506
nation,England,E92000001,2021-03-31,3327,3800722
nation,England,E92000001,2021-03-30,3384,3797395
nation,England,E92000001,2021-03-29,4112,3794011
nation,England,E92000001,2021-03-28,3153,3789899
nation,England,E92000001,2021-03-27,3813,3786746
nation,England,E92000001,2021-03-26,5273,3783783
nation,England,E92000001,2021-03-25,5286,3778510
nation,England,E92000001,2021-03-24,4615,3773224
nation,England,E92000001,2021-03-23,4583,3768609
nation,England,E92000001,2021-03-22,4746,3764026
nation,England,E92000001,2021-03-21,4459,3759280
nation,England,E92000001,2021-03-20,4732,3754821
nation,England,E92000001,2021-03-19,3809,3750089
nation,England,E92000001,2021-03-18,5213,3746280
nation,England,E92000001,2021-03-17,4827,3741067
nation,England,E92000001,2021-03-16,4391,3736240
nation,England,E92000001,2021-03-15,4264,3731849
nation,England,E92000001,2021-03-14,3774,3727585
nation,England,E92000001,2021-03-13,4539,3723811
nation,England,E92000001,2021-03-12,5529,3719272
nation,England,E92000001,2021-03-11,5744,3713743
nation,England,E92000001,2021-03-10,4863,3707999
nation,England,E92000001,2021-03-09,4894,3703136
nation,England,E92000001,2021-03-08,3903,3698242
nation,England,E92000001,2021-03-07,4497,3694339
nation,England,E92000001,2021-03-06,5118,3689842
nation,England,E92000001,2021-03-05,5053,3684724
nation,England,E92000001,2021-03-04,5643,3679671
nation,England,E92000001,2021-03-03,5408,3674028
nation,England,E92000001,2021-03-02,5530,3668620
nation,England,E92000001,2021-03-01,4738,3663090
nation,England,E92000001,2021-02-28,5080,3658352
nation,England,E92000001,2021-02-27,6527,3653272
nation,England,E92000001,2021-02-26,7393,3646745
nation,England,E92000001,2021-02-25,8623,3639352
nation,England,E92000001,2021-02-24,8644,3630729
nation,England,E92000001,2021-02-23,7292,3622085
nation,England,E92000001,2021-02-22,9420,3614793
nation,England,E92000001,2021-02-21,8408,3605373
nation,England,E92000001,2021-02-20,8964,3596965
nation,England,E92000001,2021-02-19,10296,3588001
nation,England,E92000001,2021-02-18,10740,3577705
nation,England,E92000001,2021-02-17,10926,3566965
nation,England,E92000001,2021-02-16,9236,3556039
nation,England,E92000001,2021-02-15,8609,3546803
nation,England,E92000001,2021-02-14,9499,3538194
nation,England,E92000001,2021-02-13,11697,3528695
nation,England,E92000001,2021-02-12,13299,3516998
nation,England,E92000001,2021-02-11,12001,3503699
nation,England,E92000001,2021-02-10,11551,3491698
nation,England,E92000001,2021-02-09,10916,3480147
nation,England,E92000001,2021-02-08,12270,3469231
nation,England,E92000001,2021-02-07,14466,3456961
nation,England,E92000001,2021-02-06,16302,3442495
nation,England,E92000001,2021-02-05,17314,3426193
nation,England,E92000001,2021-02-04,18529,3408879
nation,England,E92000001,2021-02-03,17265,3390350
nation,England,E92000001,2021-02-02,15021,3373085
nation,England,E92000001,2021-02-01,16815,3358064
nation,England,E92000001,2021-01-31,19054,3341249
nation,England,E92000001,2021-01-30,21089,3322195
nation,England,E92000001,2021-01-29,26709,3301106
nation,England,E92000001,2021-01-28,26182,3274397
nation,England,E92000001,2021-01-27,22914,3248215
nation,England,E92000001,2021-01-26,17920,3225301
nation,England,E92000001,2021-01-25,20149,3207381
nation,England,E92000001,2021-01-24,27580,3187232
nation,England,E92000001,2021-01-23,30496,3159652
nation,England,E92000001,2021-01-22,37115,3129156
nation,England,E92000001,2021-01-21,34371,3092041
nation,England,E92000001,2021-01-20,35061,3057670
nation,England,E92000001,2021-01-19,30371,3022609
nation,England,E92000001,2021-01-18,34134,2992238
nation,England,E92000001,2021-01-17,35263,2958104
nation,England,E92000001,2021-01-16,37759,2922841
nation,England,E92000001,2021-01-15,50741,2885082
nation,England,E92000001,2021-01-14,44358,2834341
nation,England,E92000001,2021-01-13,42898,2789983
nation,England,E92000001,2021-01-12,41121,2747085
nation,England,E92000001,2021-01-11,41835,2705964
nation,England,E92000001,2021-01-10,50291,2664129
nation,England,E92000001,2021-01-09,54257,2613838
nation,England,E92000001,2021-01-08,61757,2559581
nation,England,E92000001,2021-01-07,46841,2497824
nation,England,E92000001,2021-01-06,56060,2450983
nation,England,E92000001,2021-01-05,54940,2394923
nation,England,E92000001,2021-01-04,53180,2339983
nation,England,E92000001,2021-01-03,46853,2286803
nation,England,E92000001,2021-01-02,49248,2239950
nation,England,E92000001,2021-01-01,50746,2190702
nation,England,E92000001,2020-12-31,49510,2139956
nation,England,E92000001,2020-12-30,43554,2090446
nation,England,E92000001,2020-12-29,47164,2046892
nation,England,E92000001,2020-12-28,36511,1999728
nation,England,E92000001,2020-12-27,25619,1963217
nation,England,E92000001,2020-12-26,31307,1937598
nation,England,E92000001,2020-12-25,31560,1906291
nation,England,E92000001,2020-12-24,35561,1874731
nation,England,E92000001,2020-12-23,34247,1839170
nation,England,E92000001,2020-12-22,32288,1804923
nation,England,E92000001,2020-12-21,28742,1772635
nation,England,E92000001,2020-12-20,32155,1743893
nation,England,E92000001,2020-12-19,22775,1711738
nation,England,E92000001,2020-12-18,24452,1688963
nation,England,E92000001,2020-12-17,22401,1664511
nation,England,E92000001,2020-12-16,23432,1642110
nation,England,E92000001,2020-12-15,16504,1618678
nation,England,E92000001,2020-12-14,17882,1602174
nation,England,E92000001,2020-12-13,17164,1584292
nation,England,E92000001,2020-12-12,17468,1567128
nation,England,E92000001,2020-12-11,17899,1549660
nation,England,E92000001,2020-12-10,17622,1531761
nation,England,E92000001,2020-12-09,12960,1514139
nation,England,E92000001,2020-12-08,10459,1501179
nation,England,E92000001,2020-12-07,11623,1490720
nation,England,E92000001,2020-12-06,14294,1479097
nation,England,E92000001,2020-12-05,12666,1464803
nation,England,E92000001,2020-12-04,13412,1452137
nation,England,E92000001,2020-12-03,11992,1438725
nation,England,E92000001,2020-12-02,13323,1426733
nation,England,E92000001,2020-12-01,11618,1413410
nation,England,E92000001,2020-11-30,10869,1401792
nation,England,E92000001,2020-11-29,10054,1390923
nation,England,E92000001,2020-11-28,13323,1380869
nation,England,E92000001,2020-11-27,13557,1367546
nation,England,E92000001,2020-11-26,14637,1355272
nation,England,E92000001,2020-11-25,15893,1340635
nation,England,E92000001,2020-11-24,9854,1324742
nation,England,E92000001,2020-11-23,13329,1314888
nation,England,E92000001,2020-11-22,16668,1301559
nation,England,E92000001,2020-11-21,17615,1284891
nation,England,E92000001,2020-11-20,17845,1267276
nation,England,E92000001,2020-11-19,20291,1249431
nation,England,E92000001,2020-11-18,17189,1229140
nation,England,E92000001,2020-11-17,17549,1211951
nation,England,E92000001,2020-11-16,19423,1194402
nation,England,E92000001,2020-11-15,21998,1174979
nation,England,E92000001,2020-11-14,24298,1152981
nation,England,E92000001,2020-11-13,24540,1128683
nation,England,E92000001,2020-11-12,30843,1104143
nation,England,E92000001,2020-11-11,19970,1073300
nation,England,E92000001,2020-11-10,18622,1053330
nation,England,E92000001,2020-11-09,19036,1034708
nation,England,E92000001,2020-11-08,18293,1015672
nation,England,E92000001,2020-11-07,21875,997379
nation,England,E92000001,2020-11-06,20268,975504
nation,England,E92000001,2020-11-05,21137,955236
nation,England,E92000001,2020-11-04,21863,934099
nation,England,E92000001,2020-11-03,17330,912236
nation,England,E92000001,2020-11-02,15860,894906
nation,England,E92000001,2020-11-01,20602,879046
nation,England,E92000001,2020-10-31,18864,858444
nation,England,E92000001,2020-10-30,20821,839580
nation,England,E92000001,2020-10-29,19740,818759
nation,England,E92000001,2020-10-28,21245,799019
nation,England,E92000001,2020-10-27,19629,777774
nation,England,E92000001,2020-10-26,17883,758145
nation,England,E92000001,2020-10-25,16487,740262
nation,England,E92000001,2020-10-24,19332,723775
nation,England,E92000001,2020-10-23,17116,704443
nation,England,E92000001,2020-10-22,17354,687327
nation,England,E92000001,2020-10-21,22948,669973
nation,England,E92000001,2020-10-20,17814,647025
nation,England,E92000001,2020-10-19,16365,629211
nation,England,E92000001,2020-10-18,14704,612846
nation,England,E92000001,2020-10-17,13299,598142
nation,England,E92000001,2020-10-16,12176,584843
nation,England,E92000001,2020-10-15,16139,572667
nation,England,E92000001,2020-10-14,16132,556528
nation,England,E92000001,2020-10-13,14310,540396
nation,England,E92000001,2020-10-12,11647,526086
nation,England,E92000001,2020-10-11,10383,514439
nation,England,E92000001,2020-10-10,12628,504056
nation,England,E92000001,2020-10-09,10772,491428
nation,England,E92000001,2020-10-08,14952,480656
nation,England,E92000001,2020-10-07,11528,465704
nation,England,E92000001,2020-10-06,12648,454176
nation,England,E92000001,2020-10-05,10685,441528
nation,England,E92000001,2020-10-04,21309,430843
nation,England,E92000001,2020-10-03,10806,409534
nation,England,E92000001,2020-10-02,4797,398728
nation,England,E92000001,2020-10-01,5589,393931
nation,England,E92000001,2020-09-30,5656,388342
nation,England,E92000001,2020-09-29,5651,382686
nation,England,E92000001,2020-09-28,3316,377035
nation,England,E92000001,2020-09-27,4800,373719
nation,England,E92000001,2020-09-26,4639,368919
nation,England,E92000001,2020-09-25,5723,364280
nation,England,E92000001,2020-09-24,5632,358557
nation,England,E92000001,2020-09-23,5083,352925
nation,England,E92000001,2020-09-22,4187,347842
nation,England,E92000001,2020-09-21,3754,343655
nation,England,E92000001,2020-09-20,3279,339901
nation,England,E92000001,2020-09-19,3638,336622
nation,England,E92000001,2020-09-18,3771,332984
nation,England,E92000001,2020-09-17,2788,329213
nation,England,E92000001,2020-09-16,3396,326425
nation,England,E92000001,2020-09-15,2649,323029
nation,England,E92000001,2020-09-14,2259,320380
nation,England,E92000001,2020-09-13,2837,318121
nation,England,E92000001,2020-09-12,3008,315284
nation,England,E92000001,2020-09-11,3143,312276
nation,England,E92000001,2020-09-10,2578,309133
nation,England,E92000001,2020-09-09,2286,306555
nation,England,E92000001,2020-09-08,2094,304269
nation,England,E92000001,2020-09-07,2528,302175
nation,England,E92000001,2020-09-06,2576,299647
nation,England,E92000001,2020-09-05,1477,297071
nation,England,E92000001,2020-09-04,1669,295594
nation,England,E92000001,2020-09-03,1507,293925
nation,England,E92000001,2020-09-02,1239,292418
nation,England,E92000001,2020-09-01,1041,291179
nation,England,E92000001,2020-08-31,1149,290138
nation,England,E92000001,2020-08-30,1487,288989
nation,England,E92000001,2020-08-29,891,287502
nation,England,E92000001,2020-08-28,1106,286611
nation,England,E92000001,2020-08-27,1350,285505
nation,England,E92000001,2020-08-26,875,284155
nation,England,E92000001,2020-08-25,1065,283280
nation,England,E92000001,2020-08-24,758,282215
nation,England,E92000001,2020-08-23,938,281457
nation,England,E92000001,2020-08-22,1060,280519
nation,England,E92000001,2020-08-21,908,279459
nation,England,E92000001,2020-08-20,1035,278551
nation,England,E92000001,2020-08-19,707,277516
nation,England,E92000001,2020-08-18,975,276809
nation,England,E92000001,2020-08-17,634,275834
nation,England,E92000001,2020-08-16,952,275200
nation,England,E92000001,2020-08-15,934,274248
nation,England,E92000001,2020-08-14,1284,273314
nation,England,E92000001,2020-08-13,1059,272030
nation,England,E92000001,2020-08-12,925,270971
nation,England,E92000001,2020-08-11,1035,270046
nation,England,E92000001,2020-08-10,699,269011
nation,England,E92000001,2020-08-09,988,268312
nation,England,E92000001,2020-08-08,679,267324
nation,England,E92000001,2020-08-07,796,266645
nation,England,E92000001,2020-08-06,826,265849
nation,England,E92000001,2020-08-05,804,265023
nation,England,E92000001,2020-08-04,617,264219
nation,England,E92000001,2020-08-03,856,263602
nation,England,E92000001,2020-08-02,676,262746
nation,England,E92000001,2020-08-01,722,262070
nation,England,E92000001,2020-07-31,814,261348
nation,England,E92000001,2020-07-30,812,260534
nation,England,E92000001,2020-07-29,700,259722
nation,England,E92000001,2020-07-28,547,259022
nation,England,E92000001,2020-07-27,616,258475
nation,England,E92000001,2020-07-26,721,257859
nation,England,E92000001,2020-07-25,710,257138
nation,England,E92000001,2020-07-24,688,256428
nation,England,E92000001,2020-07-23,702,255740
nation,England,E92000001,2020-07-22,519,255038
nation,England,E92000001,2020-07-21,399,254519
nation,England,E92000001,2020-07-20,535,254120
nation,England,E92000001,2020-07-19,672,253585
nation,England,E92000001,2020-07-18,796,252913
nation,England,E92000001,2020-07-17,635,252117
nation,England,E92000001,2020-07-16,597,251482
nation,England,E92000001,2020-07-15,506,250885
nation,England,E92000001,2020-07-14,372,250379
nation,England,E92000001,2020-07-13,497,250007
nation,England,E92000001,2020-07-12,615,249510
nation,England,E92000001,2020-07-11,806,248895
nation,England,E92000001,2020-07-10,480,248089
nation,England,E92000001,2020-07-09,617,247609
nation,England,E92000001,2020-07-08,606,246992
nation,England,E92000001,2020-07-07,572,246386
nation,England,E92000001,2020-07-06,331,245814
nation,England,E92000001,2020-07-05,492,245483
nation,England,E92000001,2020-07-04,579,244991
nation,England,E92000001,2020-07-03,502,244412
nation,England,E92000001,2020-07-02,523,243910
nation,England,E92000001,2020-07-01,177,160764
nation,England,E92000001,2020-06-30,196,160587
nation,England,E92000001,2020-06-29,99,160391
nation,England,E92000001,2020-06-28,142,160292
nation,England,E92000001,2020-06-27,192,160150
nation,England,E92000001,2020-06-26,175,159958
nation,England,E92000001,2020-06-25,261,159696
nation,England,E92000001,2020-06-24,107,159435
nation,England,E92000001,2020-06-23,210,159328
nation,England,E92000001,2020-06-22,178,159118
nation,England,E92000001,2020-06-21,215,158940
nation,England,E92000001,2020-06-20,324,158725
nation,England,E92000001,2020-06-19,323,158401
nation,England,E92000001,2020-06-18,281,158078
nation,England,E92000001,2020-06-17,252,157797
nation,England,E92000001,2020-06-16,252,157545
nation,England,E92000001,2020-06-15,219,157293
nation,England,E92000001,2020-06-14,292,157074
nation,England,E92000001,2020-06-13,372,156782
nation,England,E92000001,2020-06-12,392,156410
nation,England,E92000001,2020-06-11,304,156018
nation,England,E92000001,2020-06-10,63,155714
nation,England,E92000001,2020-06-09,651,155651
nation,England,E92000001,2020-06-08,92,155000
nation,England,E92000001,2020-06-07,228,154908
nation,England,E92000001,2020-06-06,422,154680
nation,England,E92000001,2020-06-05,451,154258
nation,England,E92000001,2020-06-04,431,153807
nation,England,E92000001,2020-06-03,462,153376
nation,England,E92000001,2020-06-02,444,152914
nation,England,E92000001,2020-06-01,294,152470
nation,England,E92000001,2020-05-31,320,152176
nation,England,E92000001,2020-05-30,715,151856
nation,England,E92000001,2020-05-29,560,151982
nation,England,E92000001,2020-05-28,519,151422
nation,England,E92000001,2020-05-27,609,150903
nation,England,E92000001,2020-05-26,492,150294
nation,England,E92000001,2020-05-25,494,149802
nation,England,E92000001,2020-05-24,584,149308
nation,England,E92000001,2020-05-23,979,148724
nation,England,E92000001,2020-05-22,1083,147745
nation,England,E92000001,2020-05-21,854,146662
nation,England,E92000001,2020-05-20,824,145808
nation,England,E92000001,2020-05-19,857,145376
nation,England,E92000001,2020-05-18,816,144519
nation,England,E92000001,2020-05-17,788,143703
nation,England,E92000001,2020-05-16,1136,142915
nation,England,E92000001,2020-05-15,1112,141779
nation,England,E92000001,2020-05-14,1189,140667
nation,England,E92000001,2020-05-13,1146,139478
nation,England,E92000001,2020-05-12,1067,138332
nation,England,E92000001,2020-05-11,891,137265
nation,England,E92000001,2020-05-10,1007,136374
nation,England,E92000001,2020-05-09,1349,135367
nation,England,E92000001,2020-05-08,1694,134018
nation,England,E92000001,2020-05-07,2133,132324
nation,England,E92000001,2020-05-06,1611,130191
nation,England,E92000001,2020-05-05,1842,128580
nation,England,E92000001,2020-05-04,1485,126738
nation,England,E92000001,2020-05-03,2019,125253
nation,England,E92000001,2020-05-02,2228,123234
nation,England,E92000001,2020-05-01,2501,121006
nation,England,E92000001,2020-04-30,2484,118343
nation,England,E92000001,2020-04-29,1403,115859
nation,England,E92000001,2020-04-28,1989,114456
nation,England,E92000001,2020-04-27,2264,112467
nation,England,E92000001,2020-04-26,2152,110203
nation,England,E92000001,2020-04-25,2826,108051
nation,England,E92000001,2020-04-24,3004,105225
nation,England,E92000001,2020-04-23,3084,102221
nation,England,E92000001,2020-04-22,3020,99137
nation,England,E92000001,2020-04-21,3087,96117
nation,England,E92000001,2020-04-20,2401,93030
nation,England,E92000001,2020-04-19,3607,90629
nation,England,E92000001,2020-04-18,3548,87022
nation,England,E92000001,2020-04-17,3985,83474
nation,England,E92000001,2020-04-16,3118,79489
nation,England,E92000001,2020-04-15,3188,76371
nation,England,E92000001,2020-04-14,3854,73183
nation,England,E92000001,2020-04-13,2999,69329
nation,England,E92000001,2020-04-12,3672,66330
nation,England,E92000001,2020-04-11,3841,62658
nation,England,E92000001,2020-04-10,4263,58817
nation,England,E92000001,2020-04-09,3798,54554
nation,England,E92000001,2020-04-08,4788,50756
nation,England,E92000001,2020-04-07,2978,45968
nation,England,E92000001,2020-04-06,3176,42990
nation,England,E92000001,2020-04-05,5107,39814
nation,England,E92000001,2020-04-04,2910,34707
nation,England,E92000001,2020-04-03,3576,31797
nation,England,E92000001,2020-04-02,3583,28221
nation,England,E92000001,2020-04-01,3630,24638
nation,England,E92000001,2020-03-31,2414,21008
nation,England,E92000001,2020-03-30,2107,18594
nation,England,E92000001,2020-03-29,2060,16487
nation,England,E92000001,2020-03-28,2139,14427
nation,England,E92000001,2020-03-27,2506,12288
nation,England,E92000001,2020-03-26,1809,9782
nation,England,E92000001,2020-03-25,1130,7973
nation,England,E92000001,2020-03-24,1258,6843
nation,England,E92000001,2020-03-23,793,5585
nation,England,E92000001,2020-03-22,535,4792
nation,England,E92000001,2020-03-21,873,4257
nation,England,E92000001,2020-03-20,628,3384
nation,England,E92000001,2020-03-19,574,2756
nation,England,E92000001,2020-03-18,625,2182
nation,England,E92000001,2020-03-17,361,1557
nation,England,E92000001,2020-03-16,97,1196
nation,England,E92000001,2020-03-15,253,1099
nation,England,E92000001,2020-03-14,201,846
nation,England,E92000001,2020-03-13,159,645
nation,England,E92000001,2020-03-12,99,486
nation,England,E92000001,2020-03-11,63,387
nation,England,E92000001,2020-03-10,46,324
nation,England,E92000001,2020-03-09,40,282
nation,England,E92000001,2020-03-08,58,241
nation,England,E92000001,2020-03-07,39,183
nation,England,E92000001,2020-03-06,39,144
nation,England,E92000001,2020-03-05,25,105
nation,England,E92000001,2020-03-04,32,80
nation,England,E92000001,2020-03-03,11,48
nation,England,E92000001,2020-03-02,4,37
nation,England,E92000001,2020-03-01,12,33
nation,England,E92000001,2020-02-29,3,21
nation,England,E92000001,2020-02-28,5,18
nation,England,E92000001,2020-02-27,0,13
nation,England,E92000001,2020-02-26,0,13
nation,England,E92000001,2020-02-25,0,13
nation,England,E92000001,2020-02-24,4,13
nation,England,E92000001,2020-02-23,0,9
nation,England,E92000001,2020-02-22,0,9
nation,England,E92000001,2020-02-21,0,9
nation,England,E92000001,2020-02-20,0,9
nation,England,E92000001,2020-02-19,0,9
nation,England,E92000001,2020-02-18,0,9
nation,England,E92000001,2020-02-17,0,9
nation,England,E92000001,2020-02-16,0,9
nation,England,E92000001,2020-02-15,0,9
nation,England,E92000001,2020-02-14,0,9
nation,England,E92000001,2020-02-13,1,9
nation,England,E92000001,2020-02-12,0,8
nation,England,E92000001,2020-02-11,0,8
nation,England,E92000001,2020-02-10,4,8
nation,England,E92000001,2020-02-09,1,4
nation,England,E92000001,2020-02-08,0,3
nation,England,E92000001,2020-02-07,0,3
nation,England,E92000001,2020-02-06,1,3
nation,England,E92000001,2020-02-05,0,2
nation,England,E92000001,2020-02-04,0,2
nation,England,E92000001,2020-02-03,0,2
nation,England,E92000001,2020-02-02,0,2
nation,England,E92000001,2020-02-01,0,2
nation,England,E92000001,2020-01-31,2,2
nation,Northern Ireland,N92000002,2021-05-17,82,121610
nation,Northern Ireland,N92000002,2021-05-16,109,121528
nation,Northern Ireland,N92000002,2021-05-15,0,121419
nation,Northern Ireland,N92000002,2021-05-14,96,121419
nation,Northern Ireland,N92000002,2021-05-13,99,121323
nation,Northern Ireland,N92000002,2021-05-12,113,121224
nation,Northern Ireland,N92000002,2021-05-11,89,121111
nation,Northern Ireland,N92000002,2021-05-10,76,121022
nation,Northern Ireland,N92000002,2021-05-09,98,120946
nation,Northern Ireland,N92000002,2021-05-08,81,120848
nation,Northern Ireland,N92000002,2021-05-07,65,120767
nation,Northern Ireland,N92000002,2021-05-06,102,120702
nation,Northern Ireland,N92000002,2021-05-05,99,120600
nation,Northern Ireland,N92000002,2021-05-04,83,120501
nation,Northern Ireland,N92000002,2021-05-03,64,120418
nation,Northern Ireland,N92000002,2021-05-02,69,120354
nation,Northern Ireland,N92000002,2021-05-01,90,120285
nation,Northern Ireland,N92000002,2021-04-30,108,120195
nation,Northern Ireland,N92000002,2021-04-29,95,120087
nation,Northern Ireland,N92000002,2021-04-28,98,119992
nation,Northern Ireland,N92000002,2021-04-27,109,119894
nation,Northern Ireland,N92000002,2021-04-26,73,119785
nation,Northern Ireland,N92000002,2021-04-25,73,119712
nation,Northern Ireland,N92000002,2021-04-24,80,119639
nation,Northern Ireland,N92000002,2021-04-23,88,119559
nation,Northern Ireland,N92000002,2021-04-22,120,119471
nation,Northern Ireland,N92000002,2021-04-21,116,119351
nation,Northern Ireland,N92000002,2021-04-20,124,119235
nation,Northern Ireland,N92000002,2021-04-19,79,119111
nation,Northern Ireland,N92000002,2021-04-18,82,119032
nation,Northern Ireland,N92000002,2021-04-17,99,118950
nation,Northern Ireland,N92000002,2021-04-16,119,118851
nation,Northern Ireland,N92000002,2021-04-15,159,118732
nation,Northern Ireland,N92000002,2021-04-14,97,118573
nation,Northern Ireland,N92000002,2021-04-13,112,118476
nation,Northern Ireland,N92000002,2021-04-12,97,118364
nation,Northern Ireland,N92000002,2021-04-11,89,118267
nation,Northern Ireland,N92000002,2021-04-10,146,118178
nation,Northern Ireland,N92000002,2021-04-09,113,118032
nation,Northern Ireland,N92000002,2021-04-08,98,117919
nation,Northern Ireland,N92000002,2021-04-07,88,117821
nation,Northern Ireland,N92000002,2021-04-06,57,117733
nation,Northern Ireland,N92000002,2021-04-05,89,117676
nation,Northern Ireland,N92000002,2021-04-04,0,117587
nation,Northern Ireland,N92000002,2021-04-03,84,117587
nation,Northern Ireland,N92000002,2021-04-02,107,117503
nation,Northern Ireland,N92000002,2021-04-01,107,117396
nation,Northern Ireland,N92000002,2021-03-31,123,117289
nation,Northern Ireland,N92000002,2021-03-30,151,117166
nation,Northern Ireland,N92000002,2021-03-29,65,117015
nation,Northern Ireland,N92000002,2021-03-28,116,116950
nation,Northern Ireland,N92000002,2021-03-27,138,116834
nation,Northern Ireland,N92000002,2021-03-26,181,116696
nation,Northern Ireland,N92000002,2021-03-25,183,116515
nation,Northern Ireland,N92000002,2021-03-24,139,116332
nation,Northern Ireland,N92000002,2021-03-23,174,116193
nation,Northern Ireland,N92000002,2021-03-22,87,116019
nation,Northern Ireland,N92000002,2021-03-21,125,115932
nation,Northern Ireland,N92000002,2021-03-20,159,115807
nation,Northern Ireland,N92000002,2021-03-19,137,115648
nation,Northern Ireland,N92000002,2021-03-18,169,115511
nation,Northern Ireland,N92000002,2021-03-17,161,115342
nation,Northern Ireland,N92000002,2021-03-16,164,115181
nation,Northern Ireland,N92000002,2021-03-15,121,115017
nation,Northern Ireland,N92000002,2021-03-14,143,114896
nation,Northern Ireland,N92000002,2021-03-13,146,114753
nation,Northern Ireland,N92000002,2021-03-12,208,114607
nation,Northern Ireland,N92000002,2021-03-11,223,114399
nation,Northern Ireland,N92000002,2021-03-10,147,114176
nation,Northern Ireland,N92000002,2021-03-09,240,114029
nation,Northern Ireland,N92000002,2021-03-08,144,113789
nation,Northern Ireland,N92000002,2021-03-07,138,113645
nation,Northern Ireland,N92000002,2021-03-06,172,113507
nation,Northern Ireland,N92000002,2021-03-05,166,113335
nation,Northern Ireland,N92000002,2021-03-04,163,113169
nation,Northern Ireland,N92000002,2021-03-03,226,113006
nation,Northern Ireland,N92000002,2021-03-02,149,112780
nation,Northern Ireland,N92000002,2021-03-01,138,112631
nation,Northern Ireland,N92000002,2021-02-28,136,112493
nation,Northern Ireland,N92000002,2021-02-27,184,112357
nation,Northern Ireland,N92000002,2021-02-26,241,112173
nation,Northern Ireland,N92000002,2021-02-25,281,111932
nation,Northern Ireland,N92000002,2021-02-24,260,111651
nation,Northern Ireland,N92000002,2021-02-23,225,111391
nation,Northern Ireland,N92000002,2021-02-22,187,111166
nation,Northern Ireland,N92000002,2021-02-21,263,110979
nation,Northern Ireland,N92000002,2021-02-20,276,110716
nation,Northern Ireland,N92000002,2021-02-19,313,110440
nation,Northern Ireland,N92000002,2021-02-18,342,110127
nation,Northern Ireland,N92000002,2021-02-17,297,109785
nation,Northern Ireland,N92000002,2021-02-16,341,109488
nation,Northern Ireland,N92000002,2021-02-15,234,109147
nation,Northern Ireland,N92000002,2021-02-14,176,108913
nation,Northern Ireland,N92000002,2021-02-13,303,108737
nation,Northern Ireland,N92000002,2021-02-12,407,108434
nation,Northern Ireland,N92000002,2021-02-11,253,108027
nation,Northern Ireland,N92000002,2021-02-10,336,107774
nation,Northern Ireland,N92000002,2021-02-09,275,107438
nation,Northern Ireland,N92000002,2021-02-08,296,107163
nation,Northern Ireland,N92000002,2021-02-07,334,106867
nation,Northern Ireland,N92000002,2021-02-06,390,106533
nation,Northern Ireland,N92000002,2021-02-05,506,106143
nation,Northern Ireland,N92000002,2021-02-04,412,105637
nation,Northern Ireland,N92000002,2021-02-03,504,105225
nation,Northern Ireland,N92000002,2021-02-02,447,104721
nation,Northern Ireland,N92000002,2021-02-01,314,104274
nation,Northern Ireland,N92000002,2021-01-31,426,103960
nation,Northern Ireland,N92000002,2021-01-30,455,103534
nation,Northern Ireland,N92000002,2021-01-29,669,103079
nation,Northern Ireland,N92000002,2021-01-28,592,102410
nation,Northern Ireland,N92000002,2021-01-27,527,101818
nation,Northern Ireland,N92000002,2021-01-26,550,101291
nation,Northern Ireland,N92000002,2021-01-25,422,100741
nation,Northern Ireland,N92000002,2021-01-24,433,100319
nation,Northern Ireland,N92000002,2021-01-23,670,99886
nation,Northern Ireland,N92000002,2021-01-22,865,99216
nation,Northern Ireland,N92000002,2021-01-21,732,98351
nation,Northern Ireland,N92000002,2021-01-20,905,97619
nation,Northern Ireland,N92000002,2021-01-19,713,96714
nation,Northern Ireland,N92000002,2021-01-18,640,96001
nation,Northern Ireland,N92000002,2021-01-17,822,95361
nation,Northern Ireland,N92000002,2021-01-16,705,94539
nation,Northern Ireland,N92000002,2021-01-15,1052,93834
nation,Northern Ireland,N92000002,2021-01-14,973,92782
nation,Northern Ireland,N92000002,2021-01-13,1145,91809
nation,Northern Ireland,N92000002,2021-01-12,1205,90664
nation,Northern Ireland,N92000002,2021-01-11,759,89459
nation,Northern Ireland,N92000002,2021-01-10,1112,88700
nation,Northern Ireland,N92000002,2021-01-09,1442,87588
nation,Northern Ireland,N92000002,2021-01-08,1500,86146
nation,Northern Ireland,N92000002,2021-01-07,1410,84646
nation,Northern Ireland,N92000002,2021-01-06,1985,83236
nation,Northern Ireland,N92000002,2021-01-05,1378,81251
nation,Northern Ireland,N92000002,2021-01-04,1801,79873
nation,Northern Ireland,N92000002,2021-01-03,1662,78072
nation,Northern Ireland,N92000002,2021-01-02,3576,76410
nation,Northern Ireland,N92000002,2021-01-01,0,72834
nation,Northern Ireland,N92000002,2020-12-31,1929,72834
nation,Northern Ireland,N92000002,2020-12-30,2143,70905
nation,Northern Ireland,N92000002,2020-12-29,1566,68762
nation,Northern Ireland,N92000002,2020-12-28,1634,67196
nation,Northern Ireland,N92000002,2020-12-27,0,65562
nation,Northern Ireland,N92000002,2020-12-26,998,65562
nation,Northern Ireland,N92000002,2020-12-25,0,64564
nation,Northern Ireland,N92000002,2020-12-24,841,64564
nation,Northern Ireland,N92000002,2020-12-23,787,63723
nation,Northern Ireland,N92000002,2020-12-22,439,62936
nation,Northern Ireland,N92000002,2020-12-21,555,62497
nation,Northern Ireland,N92000002,2020-12-20,505,61942
nation,Northern Ireland,N92000002,2020-12-19,640,61437
nation,Northern Ireland,N92000002,2020-12-18,510,60797
nation,Northern Ireland,N92000002,2020-12-17,656,60287
nation,Northern Ireland,N92000002,2020-12-16,510,59631
nation,Northern Ireland,N92000002,2020-12-15,486,59121
nation,Northern Ireland,N92000002,2020-12-14,419,58635
nation,Northern Ireland,N92000002,2020-12-13,483,58216
nation,Northern Ireland,N92000002,2020-12-12,476,57733
nation,Northern Ireland,N92000002,2020-12-11,538,57257
nation,Northern Ireland,N92000002,2020-12-10,441,56719
nation,Northern Ireland,N92000002,2020-12-09,483,56278
nation,Northern Ireland,N92000002,2020-12-08,351,55795
nation,Northern Ireland,N92000002,2020-12-07,397,55444
nation,Northern Ireland,N92000002,2020-12-06,419,55047
nation,Northern Ireland,N92000002,2020-12-05,451,54628
nation,Northern Ireland,N92000002,2020-12-04,449,54177
nation,Northern Ireland,N92000002,2020-12-03,456,53728
nation,Northern Ireland,N92000002,2020-12-02,416,53272
nation,Northern Ireland,N92000002,2020-12-01,391,52856
nation,Northern Ireland,N92000002,2020-11-30,290,52465
nation,Northern Ireland,N92000002,2020-11-29,351,52175
nation,Northern Ireland,N92000002,2020-11-28,315,51824
nation,Northern Ireland,N92000002,2020-11-27,391,51509
nation,Northern Ireland,N92000002,2020-11-26,442,51118
nation,Northern Ireland,N92000002,2020-11-25,533,50676
nation,Northern Ireland,N92000002,2020-11-24,79,50143
nation,Northern Ireland,N92000002,2020-11-23,280,50064
nation,Northern Ireland,N92000002,2020-11-22,342,49784
nation,Northern Ireland,N92000002,2020-11-21,357,49442
nation,Northern Ireland,N92000002,2020-11-20,369,49085
nation,Northern Ireland,N92000002,2020-11-19,487,48716
nation,Northern Ireland,N92000002,2020-11-18,518,48229
nation,Northern Ireland,N92000002,2020-11-17,549,47711
nation,Northern Ireland,N92000002,2020-11-16,331,47162
nation,Northern Ireland,N92000002,2020-11-15,472,46831
nation,Northern Ireland,N92000002,2020-11-14,511,46359
nation,Northern Ireland,N92000002,2020-11-13,607,45848
nation,Northern Ireland,N92000002,2020-11-12,548,45241
nation,Northern Ireland,N92000002,2020-11-11,791,44693
nation,Northern Ireland,N92000002,2020-11-10,514,43902
nation,Northern Ireland,N92000002,2020-11-09,471,43388
nation,Northern Ireland,N92000002,2020-11-08,420,42917
nation,Northern Ireland,N92000002,2020-11-07,528,42497
nation,Northern Ireland,N92000002,2020-11-06,595,41969
nation,Northern Ireland,N92000002,2020-11-05,516,41374
nation,Northern Ireland,N92000002,2020-11-04,679,40858
nation,Northern Ireland,N92000002,2020-11-03,570,40179
nation,Northern Ireland,N92000002,2020-11-02,493,39609
nation,Northern Ireland,N92000002,2020-11-01,685,39116
nation,Northern Ireland,N92000002,2020-10-31,649,38431
nation,Northern Ireland,N92000002,2020-10-30,566,37782
nation,Northern Ireland,N92000002,2020-10-29,822,37216
nation,Northern Ireland,N92000002,2020-10-28,840,36394
nation,Northern Ireland,N92000002,2020-10-27,722,35554
nation,Northern Ireland,N92000002,2020-10-26,727,34832
nation,Northern Ireland,N92000002,2020-10-25,896,34105
nation,Northern Ireland,N92000002,2020-10-24,923,33209
nation,Northern Ireland,N92000002,2020-10-23,1252,32286
nation,Northern Ireland,N92000002,2020-10-22,1042,31034
nation,Northern Ireland,N92000002,2020-10-21,1039,29992
nation,Northern Ireland,N92000002,2020-10-20,913,28953
nation,Northern Ireland,N92000002,2020-10-19,820,28040
nation,Northern Ireland,N92000002,2020-10-18,1012,27220
nation,Northern Ireland,N92000002,2020-10-17,1031,26208
nation,Northern Ireland,N92000002,2020-10-16,1299,25177
nation,Northern Ireland,N92000002,2020-10-15,763,23878
nation,Northern Ireland,N92000002,2020-10-14,1217,23115
nation,Northern Ireland,N92000002,2020-10-13,863,21898
nation,Northern Ireland,N92000002,2020-10-12,877,21035
nation,Northern Ireland,N92000002,2020-10-11,1066,20158
nation,Northern Ireland,N92000002,2020-10-10,902,19092
nation,Northern Ireland,N92000002,2020-10-09,1080,18190
nation,Northern Ireland,N92000002,2020-10-08,923,17110
nation,Northern Ireland,N92000002,2020-10-07,828,16187
nation,Northern Ireland,N92000002,2020-10-06,669,15359
nation,Northern Ireland,N92000002,2020-10-05,616,14690
nation,Northern Ireland,N92000002,2020-10-04,462,14074
nation,Northern Ireland,N92000002,2020-10-03,726,13612
nation,Northern Ireland,N92000002,2020-10-02,934,12886
nation,Northern Ireland,N92000002,2020-10-01,259,11952
nation,Northern Ireland,N92000002,2020-09-30,424,11693
nation,Northern Ireland,N92000002,2020-09-29,320,11269
nation,Northern Ireland,N92000002,2020-09-28,220,10949
nation,Northern Ireland,N92000002,2020-09-27,187,10729
nation,Northern Ireland,N92000002,2020-09-26,319,10542
nation,Northern Ireland,N92000002,2020-09-25,273,10223
nation,Northern Ireland,N92000002,2020-09-24,189,9950
nation,Northern Ireland,N92000002,2020-09-23,220,9761
nation,Northern Ireland,N92000002,2020-09-22,75,9541
nation,Northern Ireland,N92000002,2020-09-21,125,9466
nation,Northern Ireland,N92000002,2020-09-20,176,9341
nation,Northern Ireland,N92000002,2020-09-19,222,9165
nation,Northern Ireland,N92000002,2020-09-18,163,8943
nation,Northern Ireland,N92000002,2020-09-17,149,8780
nation,Northern Ireland,N92000002,2020-09-16,129,8631
nation,Northern Ireland,N92000002,2020-09-15,79,8502
nation,Northern Ireland,N92000002,2020-09-14,109,8423
nation,Northern Ireland,N92000002,2020-09-13,87,8314
nation,Northern Ireland,N92000002,2020-09-12,104,8227
nation,Northern Ireland,N92000002,2020-09-11,88,8123
nation,Northern Ireland,N92000002,2020-09-10,78,8035
nation,Northern Ireland,N92000002,2020-09-09,49,7957
nation,Northern Ireland,N92000002,2020-09-08,40,7908
nation,Northern Ireland,N92000002,2020-09-07,141,7868
nation,Northern Ireland,N92000002,2020-09-06,106,7727
nation,Northern Ireland,N92000002,2020-09-05,118,7621
nation,Northern Ireland,N92000002,2020-09-04,61,7503
nation,Northern Ireland,N92000002,2020-09-03,77,7442
nation,Northern Ireland,N92000002,2020-09-02,71,7365
nation,Northern Ireland,N92000002,2020-09-01,49,7294
nation,Northern Ireland,N92000002,2020-08-31,58,7245
nation,Northern Ireland,N92000002,2020-08-30,49,7187
nation,Northern Ireland,N92000002,2020-08-29,89,7138
nation,Northern Ireland,N92000002,2020-08-28,85,7049
nation,Northern Ireland,N92000002,2020-08-27,69,6964
nation,Northern Ireland,N92000002,2020-08-26,72,6895
nation,Northern Ireland,N92000002,2020-08-25,47,6823
nation,Northern Ireland,N92000002,2020-08-24,10,6776
nation,Northern Ireland,N92000002,2020-08-23,119,6766
nation,Northern Ireland,N92000002,2020-08-22,71,6647
nation,Northern Ireland,N92000002,2020-08-21,20,6576
nation,Northern Ireland,N92000002,2020-08-20,51,6556
nation,Northern Ireland,N92000002,2020-08-19,34,6505
nation,Northern Ireland,N92000002,2020-08-18,41,6471
nation,Northern Ireland,N92000002,2020-08-17,39,6430
nation,Northern Ireland,N92000002,2020-08-16,27,6391
nation,Northern Ireland,N92000002,2020-08-15,65,6364
nation,Northern Ireland,N92000002,2020-08-14,74,6299
nation,Northern Ireland,N92000002,2020-08-13,8,6225
nation,Northern Ireland,N92000002,2020-08-12,29,6217
nation,Northern Ireland,N92000002,2020-08-11,48,6188
nation,Northern Ireland,N92000002,2020-08-10,0,6140
nation,Northern Ireland,N92000002,2020-08-09,0,6064
nation,Northern Ireland,N92000002,2020-08-08,0,6064
nation,Northern Ireland,N92000002,2020-08-07,15,6064
nation,Northern Ireland,N92000002,2020-08-06,43,6049
nation,Northern Ireland,N92000002,2020-08-05,10,6006
nation,Northern Ireland,N92000002,2020-08-04,8,5996
nation,Northern Ireland,N92000002,2020-08-03,0,5988
nation,Northern Ireland,N92000002,2020-08-02,0,5948
nation,Northern Ireland,N92000002,2020-08-01,0,5948
nation,Northern Ireland,N92000002,2020-07-31,10,5948
nation,Northern Ireland,N92000002,2020-07-30,8,5938
nation,Northern Ireland,N92000002,2020-07-29,9,5930
nation,Northern Ireland,N92000002,2020-07-28,9,5921
nation,Northern Ireland,N92000002,2020-07-27,0,5912
nation,Northern Ireland,N92000002,2020-07-26,0,5891
nation,Northern Ireland,N92000002,2020-07-25,0,5891
nation,Northern Ireland,N92000002,2020-07-24,15,5891
nation,Northern Ireland,N92000002,2020-07-23,8,5876
nation,Northern Ireland,N92000002,2020-07-22,9,5868
nation,Northern Ireland,N92000002,2020-07-21,2,5859
nation,Northern Ireland,N92000002,2020-07-20,0,5857
nation,Northern Ireland,N92000002,2020-07-19,0,5834
nation,Northern Ireland,N92000002,2020-07-18,0,5834
nation,Northern Ireland,N92000002,2020-07-17,19,5834
nation,Northern Ireland,N92000002,2020-07-16,16,5815
nation,Northern Ireland,N92000002,2020-07-15,9,5799
nation,Northern Ireland,N92000002,2020-07-14,2,5790
nation,Northern Ireland,N92000002,2020-07-13,0,5788
nation,Northern Ireland,N92000002,2020-07-12,0,5772
nation,Northern Ireland,N92000002,2020-07-11,0,5772
nation,Northern Ireland,N92000002,2020-07-10,4,5772
nation,Northern Ireland,N92000002,2020-07-09,3,5768
nation,Northern Ireland,N92000002,2020-07-08,4,5765
nation,Northern Ireland,N92000002,2020-07-07,5,5761
nation,Northern Ireland,N92000002,2020-07-06,0,5756
nation,Northern Ireland,N92000002,2020-07-05,0,5747
nation,Northern Ireland,N92000002,2020-07-04,0,5747
nation,Northern Ireland,N92000002,2020-07-03,4,5747
nation,Northern Ireland,N92000002,2020-07-02,7,5768
nation,Northern Ireland,N92000002,2020-07-01,1,5761
nation,Northern Ireland,N92000002,2020-06-30,3,5760
nation,Northern Ireland,N92000002,2020-06-29,6,5757
nation,Northern Ireland,N92000002,2020-06-28,1,5751
nation,Northern Ireland,N92000002,2020-06-27,2,5750
nation,Northern Ireland,N92000002,2020-06-26,4,5748
nation,Northern Ireland,N92000002,2020-06-25,1,4874
nation,Northern Ireland,N92000002,2020-06-24,2,4873
nation,Northern Ireland,N92000002,2020-06-23,0,4871
nation,Northern Ireland,N92000002,2020-06-22,1,4871
nation,Northern Ireland,N92000002,2020-06-21,4,4870
nation,Northern Ireland,N92000002,2020-06-20,0,4866
nation,Northern Ireland,N92000002,2020-06-19,3,4866
nation,Northern Ireland,N92000002,2020-06-18,1,4863
nation,Northern Ireland,N92000002,2020-06-17,8,4862
nation,Northern Ireland,N92000002,2020-06-16,2,4854
nation,Northern Ireland,N92000002,2020-06-15,4,4852
nation,Northern Ireland,N92000002,2020-06-14,7,4848
nation,Northern Ireland,N92000002,2020-06-13,3,4841
nation,Northern Ireland,N92000002,2020-06-12,16,4838
nation,Northern Ireland,N92000002,2020-06-11,4,4822
nation,Northern Ireland,N92000002,2020-06-10,13,4818
nation,Northern Ireland,N92000002,2020-06-09,3,4805
nation,Northern Ireland,N92000002,2020-06-08,6,4802
nation,Northern Ireland,N92000002,2020-06-07,6,4796
nation,Northern Ireland,N92000002,2020-06-06,14,4790
nation,Northern Ireland,N92000002,2020-06-05,3,4776
nation,Northern Ireland,N92000002,2020-06-04,33,4773
nation,Northern Ireland,N92000002,2020-06-03,8,4740
nation,Northern Ireland,N92000002,2020-06-02,4,4732
nation,Northern Ireland,N92000002,2020-06-01,12,4728
nation,Northern Ireland,N92000002,2020-05-31,7,4716
nation,Northern Ireland,N92000002,2020-05-30,13,4709
nation,Northern Ireland,N92000002,2020-05-29,17,4696
nation,Northern Ireland,N92000002,2020-05-28,16,4679
nation,Northern Ireland,N92000002,2020-05-27,26,4663
nation,Northern Ireland,N92000002,2020-05-26,28,4637
nation,Northern Ireland,N92000002,2020-05-25,39,4609
nation,Northern Ireland,N92000002,2020-05-24,25,4570
nation,Northern Ireland,N92000002,2020-05-23,41,4545
nation,Northern Ireland,N92000002,2020-05-22,23,4504
nation,Northern Ireland,N92000002,2020-05-21,42,4481
nation,Northern Ireland,N92000002,2020-05-20,18,4439
nation,Northern Ireland,N92000002,2020-05-19,20,4421
nation,Northern Ireland,N92000002,2020-05-18,16,4401
nation,Northern Ireland,N92000002,2020-05-17,28,4385
nation,Northern Ireland,N92000002,2020-05-16,40,4357
nation,Northern Ireland,N92000002,2020-05-15,26,4317
nation,Northern Ireland,N92000002,2020-05-14,38,4291
nation,Northern Ireland,N92000002,2020-05-13,60,4253
nation,Northern Ireland,N92000002,2020-05-12,44,4193
nation,Northern Ireland,N92000002,2020-05-11,30,4149
nation,Northern Ireland,N92000002,2020-05-10,41,4119
nation,Northern Ireland,N92000002,2020-05-09,56,4078
nation,Northern Ireland,N92000002,2020-05-08,38,4022
nation,Northern Ireland,N92000002,2020-05-07,50,3984
nation,Northern Ireland,N92000002,2020-05-06,53,3934
nation,Northern Ireland,N92000002,2020-05-05,45,3881
nation,Northern Ireland,N92000002,2020-05-04,69,3836
nation,Northern Ireland,N92000002,2020-05-03,78,3767
nation,Northern Ireland,N92000002,2020-05-02,66,3689
nation,Northern Ireland,N92000002,2020-05-01,87,3623
nation,Northern Ireland,N92000002,2020-04-30,73,3536
nation,Northern Ireland,N92000002,2020-04-29,55,3463
nation,Northern Ireland,N92000002,2020-04-28,34,3408
nation,Northern Ireland,N92000002,2020-04-27,66,3374
nation,Northern Ireland,N92000002,2020-04-26,82,3308
nation,Northern Ireland,N92000002,2020-04-25,104,3226
nation,Northern Ireland,N92000002,2020-04-24,106,3122
nation,Northern Ireland,N92000002,2020-04-23,142,3016
nation,Northern Ireland,N92000002,2020-04-22,116,2874
nation,Northern Ireland,N92000002,2020-04-21,30,2758
nation,Northern Ireland,N92000002,2020-04-20,83,2728
nation,Northern Ireland,N92000002,2020-04-19,159,2645
nation,Northern Ireland,N92000002,2020-04-18,148,2486
nation,Northern Ireland,N92000002,2020-04-17,137,2338
nation,Northern Ireland,N92000002,2020-04-16,113,2201
nation,Northern Ireland,N92000002,2020-04-15,121,2088
nation,Northern Ireland,N92000002,2020-04-14,85,1967
nation,Northern Ireland,N92000002,2020-04-13,76,1882
nation,Northern Ireland,N92000002,2020-04-12,89,1806
nation,Northern Ireland,N92000002,2020-04-11,128,1717
nation,Northern Ireland,N92000002,2020-04-10,112,1589
nation,Northern Ireland,N92000002,2020-04-09,138,1477
nation,Northern Ireland,N92000002,2020-04-08,84,1339
nation,Northern Ireland,N92000002,2020-04-07,97,1255
nation,Northern Ireland,N92000002,2020-04-06,69,1158
nation,Northern Ireland,N92000002,2020-04-05,91,1089
nation,Northern Ireland,N92000002,2020-04-04,94,998
nation,Northern Ireland,N92000002,2020-04-03,130,904
nation,Northern Ireland,N92000002,2020-04-02,85,774
nation,Northern Ireland,N92000002,2020-04-01,103,689
nation,Northern Ireland,N92000002,2020-03-31,53,586
nation,Northern Ireland,N92000002,2020-03-30,123,533
nation,Northern Ireland,N92000002,2020-03-29,86,410
nation,Northern Ireland,N92000002,2020-03-28,49,324
nation,Northern Ireland,N92000002,2020-03-27,34,275
nation,Northern Ireland,N92000002,2020-03-26,32,241
nation,Northern Ireland,N92000002,2020-03-25,37,209
nation,Northern Ireland,N92000002,2020-03-24,24,172
nation,Northern Ireland,N92000002,2020-03-23,20,148
nation,Northern Ireland,N92000002,2020-03-22,20,128
nation,Northern Ireland,N92000002,2020-03-21,22,108
nation,Northern Ireland,N92000002,2020-03-20,9,86
nation,Northern Ireland,N92000002,2020-03-19,9,77
nation,Northern Ireland,N92000002,2020-03-18,6,68
nation,Northern Ireland,N92000002,2020-03-17,10,62
nation,Northern Ireland,N92000002,2020-03-16,7,52
nation,Northern Ireland,N92000002,2020-03-15,11,45
nation,Northern Ireland,N92000002,2020-03-14,5,34
nation,Northern Ireland,N92000002,2020-03-13,10,29
nation,Northern Ireland,N92000002,2020-03-12,1,19
nation,Northern Ireland,N92000002,2020-03-11,2,18
nation,Northern Ireland,N92000002,2020-03-10,0,16
nation,Northern Ireland,N92000002,2020-03-09,3,12
nation,Northern Ireland,N92000002,2020-03-08,5,9
nation,Northern Ireland,N92000002,2020-03-07,2,4
nation,Northern Ireland,N92000002,2020-03-06,2,2
nation,Scotland,S92000003,2021-05-17,161,229774
nation,Scotland,S92000003,2021-05-16,292,229613
nation,Scotland,S92000003,2021-05-15,413,229321
nation,Scotland,S92000003,2021-05-14,215,228908
nation,Scotland,S92000003,2021-05-13,270,228693
nation,Scotland,S92000003,2021-05-12,345,228423
nation,Scotland,S92000003,2021-05-11,238,228078
nation,Scotland,S92000003,2021-05-10,168,227840
nation,Scotland,S92000003,2021-05-09,200,227672
nation,Scotland,S92000003,2021-05-08,224,227472
nation,Scotland,S92000003,2021-05-07,236,227248
nation,Scotland,S92000003,2021-05-06,283,227012
nation,Scotland,S92000003,2021-05-05,85,226729
nation,Scotland,S92000003,2021-05-04,139,226644
nation,Scotland,S92000003,2021-05-03,132,226505
nation,Scotland,S92000003,2021-05-02,146,226373
nation,Scotland,S92000003,2021-05-01,175,226227
nation,Scotland,S92000003,2021-04-30,191,226052
nation,Scotland,S92000003,2021-04-29,178,225861
nation,Scotland,S92000003,2021-04-28,204,225683
nation,Scotland,S92000003,2021-04-27,133,225479
nation,Scotland,S92000003,2021-04-26,142,225346
nation,Scotland,S92000003,2021-04-25,176,225204
nation,Scotland,S92000003,2021-04-24,177,225028
nation,Scotland,S92000003,2021-04-23,255,224851
nation,Scotland,S92000003,2021-04-22,231,224596
nation,Scotland,S92000003,2021-04-21,273,224365
nation,Scotland,S92000003,2021-04-20,178,224092
nation,Scotland,S92000003,2021-04-19,232,223914
nation,Scotland,S92000003,2021-04-18,211,223682
nation,Scotland,S92000003,2021-04-17,210,223471
nation,Scotland,S92000003,2021-04-16,204,223261
nation,Scotland,S92000003,2021-04-15,237,222897
nation,Scotland,S92000003,2021-04-14,278,222660
nation,Scotland,S92000003,2021-04-13,221,222382
nation,Scotland,S92000003,2021-04-12,199,222161
nation,Scotland,S92000003,2021-04-11,250,221962
nation,Scotland,S92000003,2021-04-10,281,221712
nation,Scotland,S92000003,2021-04-09,285,221431
nation,Scotland,S92000003,2021-04-08,364,221146
nation,Scotland,S92000003,2021-04-07,289,220782
nation,Scotland,S92000003,2021-04-06,259,220493
nation,Scotland,S92000003,2021-04-05,248,220234
nation,Scotland,S92000003,2021-04-04,343,219986
nation,Scotland,S92000003,2021-04-03,397,219643
nation,Scotland,S92000003,2021-04-02,414,219246
nation,Scotland,S92000003,2021-04-01,400,218832
nation,Scotland,S92000003,2021-03-31,542,218432
nation,Scotland,S92000003,2021-03-30,411,217890
nation,Scotland,S92000003,2021-03-29,352,217479
nation,Scotland,S92000003,2021-03-28,422,217127
nation,Scotland,S92000003,2021-03-27,563,216705
nation,Scotland,S92000003,2021-03-26,543,216142
nation,Scotland,S92000003,2021-03-25,701,215599
nation,Scotland,S92000003,2021-03-24,692,215075
nation,Scotland,S92000003,2021-03-23,495,214383
nation,Scotland,S92000003,2021-03-22,359,213888
nation,Scotland,S92000003,2021-03-21,532,213529
nation,Scotland,S92000003,2021-03-20,488,212997
nation,Scotland,S92000003,2021-03-19,655,212509
nation,Scotland,S92000003,2021-03-18,624,211854
nation,Scotland,S92000003,2021-03-17,625,211230
nation,Scotland,S92000003,2021-03-16,597,210605
nation,Scotland,S92000003,2021-03-15,456,210008
nation,Scotland,S92000003,2021-03-14,484,209552
nation,Scotland,S92000003,2021-03-13,639,209068
nation,Scotland,S92000003,2021-03-12,682,208429
nation,Scotland,S92000003,2021-03-11,591,207747
nation,Scotland,S92000003,2021-03-10,691,207156
nation,Scotland,S92000003,2021-03-09,466,206465
nation,Scotland,S92000003,2021-03-08,501,205999
nation,Scotland,S92000003,2021-03-07,390,205498
nation,Scotland,S92000003,2021-03-06,555,205108
nation,Scotland,S92000003,2021-03-05,498,204553
nation,Scotland,S92000003,2021-03-04,500,204055
nation,Scotland,S92000003,2021-03-03,543,203555
nation,Scotland,S92000003,2021-03-02,542,203012
nation,Scotland,S92000003,2021-03-01,386,202470
nation,Scotland,S92000003,2021-02-28,572,202084
nation,Scotland,S92000003,2021-02-27,525,201512
nation,Scotland,S92000003,2021-02-26,581,200987
nation,Scotland,S92000003,2021-02-25,769,200406
nation,Scotland,S92000003,2021-02-24,798,199637
nation,Scotland,S92000003,2021-02-23,655,198839
nation,Scotland,S92000003,2021-02-22,715,198184
nation,Scotland,S92000003,2021-02-21,827,197469
nation,Scotland,S92000003,2021-02-20,803,196642
nation,Scotland,S92000003,2021-02-19,885,195839
nation,Scotland,S92000003,2021-02-18,685,194954
nation,Scotland,S92000003,2021-02-17,1121,194269
nation,Scotland,S92000003,2021-02-16,773,193148
nation,Scotland,S92000003,2021-02-15,559,192375
nation,Scotland,S92000003,2021-02-14,903,191816
nation,Scotland,S92000003,2021-02-13,908,190913
nation,Scotland,S92000003,2021-02-12,830,190005
nation,Scotland,S92000003,2021-02-11,830,189175
nation,Scotland,S92000003,2021-02-10,803,188345
nation,Scotland,S92000003,2021-02-09,822,187542
nation,Scotland,S92000003,2021-02-08,928,186720
nation,Scotland,S92000003,2021-02-07,584,185792
nation,Scotland,S92000003,2021-02-06,895,185208
nation,Scotland,S92000003,2021-02-05,895,184313
nation,Scotland,S92000003,2021-02-04,1149,183418
nation,Scotland,S92000003,2021-02-03,978,182269
nation,Scotland,S92000003,2021-02-02,758,181291
nation,Scotland,S92000003,2021-02-01,848,180533
nation,Scotland,S92000003,2021-01-31,1003,179685
nation,Scotland,S92000003,2021-01-30,994,178682
nation,Scotland,S92000003,2021-01-29,1155,177688
nation,Scotland,S92000003,2021-01-28,1201,176533
nation,Scotland,S92000003,2021-01-27,1330,175332
nation,Scotland,S92000003,2021-01-26,1049,174002
nation,Scotland,S92000003,2021-01-25,752,172953
nation,Scotland,S92000003,2021-01-24,1195,172201
nation,Scotland,S92000003,2021-01-23,1307,171006
nation,Scotland,S92000003,2021-01-22,1480,169699
nation,Scotland,S92000003,2021-01-21,1636,168219
nation,Scotland,S92000003,2021-01-20,1656,166583
nation,Scotland,S92000003,2021-01-19,1165,164927
nation,Scotland,S92000003,2021-01-18,1429,163762
nation,Scotland,S92000003,2021-01-17,1341,162333
nation,Scotland,S92000003,2021-01-16,1753,160992
nation,Scotland,S92000003,2021-01-15,2160,159239
nation,Scotland,S92000003,2021-01-14,1707,157079
nation,Scotland,S92000003,2021-01-13,1949,155372
nation,Scotland,S92000003,2021-01-12,1875,153423
nation,Scotland,S92000003,2021-01-11,1782,151548
nation,Scotland,S92000003,2021-01-10,1877,149766
nation,Scotland,S92000003,2021-01-09,1865,147889
nation,Scotland,S92000003,2021-01-08,2309,146024
nation,Scotland,S92000003,2021-01-07,2649,143715
nation,Scotland,S92000003,2021-01-06,2039,141066
nation,Scotland,S92000003,2021-01-05,2529,139027
nation,Scotland,S92000003,2021-01-04,1905,136498
nation,Scotland,S92000003,2021-01-03,2464,134593
nation,Scotland,S92000003,2021-01-02,2137,132129
nation,Scotland,S92000003,2021-01-01,2539,129992
nation,Scotland,S92000003,2020-12-31,2622,127453
nation,Scotland,S92000003,2020-12-30,2045,124831
nation,Scotland,S92000003,2020-12-29,1895,122786
nation,Scotland,S92000003,2020-12-28,967,120891
nation,Scotland,S92000003,2020-12-27,740,119924
nation,Scotland,S92000003,2020-12-26,1149,119184
nation,Scotland,S92000003,2020-12-25,1165,118035
nation,Scotland,S92000003,2020-12-24,1314,116870
nation,Scotland,S92000003,2020-12-23,1190,115556
nation,Scotland,S92000003,2020-12-22,1316,114366
nation,Scotland,S92000003,2020-12-21,1504,113050
nation,Scotland,S92000003,2020-12-20,934,111546
nation,Scotland,S92000003,2020-12-19,572,110612
nation,Scotland,S92000003,2020-12-18,744,110040
nation,Scotland,S92000003,2020-12-17,858,109296
nation,Scotland,S92000003,2020-12-16,689,108438
nation,Scotland,S92000003,2020-12-15,845,107749
nation,Scotland,S92000003,2020-12-14,734,106904
nation,Scotland,S92000003,2020-12-13,800,106170
nation,Scotland,S92000003,2020-12-12,1064,105370
nation,Scotland,S92000003,2020-12-11,1001,104306
nation,Scotland,S92000003,2020-12-10,933,103305
nation,Scotland,S92000003,2020-12-09,897,102372
nation,Scotland,S92000003,2020-12-08,692,101475
nation,Scotland,S92000003,2020-12-07,677,100783
nation,Scotland,S92000003,2020-12-06,643,100106
nation,Scotland,S92000003,2020-12-05,777,99463
nation,Scotland,S92000003,2020-12-04,966,98686
nation,Scotland,S92000003,2020-12-03,958,97720
nation,Scotland,S92000003,2020-12-02,951,96762
nation,Scotland,S92000003,2020-12-01,754,95811
nation,Scotland,S92000003,2020-11-30,369,95058
nation,Scotland,S92000003,2020-11-29,746,94689
nation,Scotland,S92000003,2020-11-28,788,93943
nation,Scotland,S92000003,2020-11-27,969,93155
nation,Scotland,S92000003,2020-11-26,1225,92186
nation,Scotland,S92000003,2020-11-25,880,90961
nation,Scotland,S92000003,2020-11-24,771,90081
nation,Scotland,S92000003,2020-11-23,949,89310
nation,Scotland,S92000003,2020-11-22,844,88361
nation,Scotland,S92000003,2020-11-21,887,87517
nation,Scotland,S92000003,2020-11-20,1018,86630
nation,Scotland,S92000003,2020-11-19,1089,85612
nation,Scotland,S92000003,2020-11-18,1264,84523
nation,Scotland,S92000003,2020-11-17,1248,83259
nation,Scotland,S92000003,2020-11-16,717,82011
nation,Scotland,S92000003,2020-11-15,1159,81294
nation,Scotland,S92000003,2020-11-14,1118,80135
nation,Scotland,S92000003,2020-11-13,1357,79017
nation,Scotland,S92000003,2020-11-12,1212,77660
nation,Scotland,S92000003,2020-11-11,1261,76448
nation,Scotland,S92000003,2020-11-10,832,75187
nation,Scotland,S92000003,2020-11-09,912,74355
nation,Scotland,S92000003,2020-11-08,1115,73443
nation,Scotland,S92000003,2020-11-07,1596,72328
nation,Scotland,S92000003,2020-11-06,1072,70732
nation,Scotland,S92000003,2020-11-05,1216,69660
nation,Scotland,S92000003,2020-11-04,1433,68444
nation,Scotland,S92000003,2020-11-03,999,67011
nation,Scotland,S92000003,2020-11-02,951,66012
nation,Scotland,S92000003,2020-11-01,1148,65061
nation,Scotland,S92000003,2020-10-31,1101,63913
nation,Scotland,S92000003,2020-10-30,1281,62812
nation,Scotland,S92000003,2020-10-29,1128,61531
nation,Scotland,S92000003,2020-10-28,1202,60403
nation,Scotland,S92000003,2020-10-27,1327,59201
nation,Scotland,S92000003,2020-10-26,1122,57874
nation,Scotland,S92000003,2020-10-25,1303,56752
nation,Scotland,S92000003,2020-10-24,1433,55449
nation,Scotland,S92000003,2020-10-23,1401,54016
nation,Scotland,S92000003,2020-10-22,1712,52615
nation,Scotland,S92000003,2020-10-21,1739,50903
nation,Scotland,S92000003,2020-10-20,1456,49164
nation,Scotland,S92000003,2020-10-19,993,47708
nation,Scotland,S92000003,2020-10-18,316,46715
nation,Scotland,S92000003,2020-10-17,1167,46399
nation,Scotland,S92000003,2020-10-16,1196,45232
nation,Scotland,S92000003,2020-10-15,1351,44036
nation,Scotland,S92000003,2020-10-14,1429,42685
nation,Scotland,S92000003,2020-10-13,1297,41256
nation,Scotland,S92000003,2020-10-12,961,39959
nation,Scotland,S92000003,2020-10-11,956,38998
nation,Scotland,S92000003,2020-10-10,1009,38042
nation,Scotland,S92000003,2020-10-09,1246,37033
nation,Scotland,S92000003,2020-10-08,1027,35787
nation,Scotland,S92000003,2020-10-07,1054,34760
nation,Scotland,S92000003,2020-10-06,800,33706
nation,Scotland,S92000003,2020-10-05,697,32906
nation,Scotland,S92000003,2020-10-04,758,32209
nation,Scotland,S92000003,2020-10-03,764,31451
nation,Scotland,S92000003,2020-10-02,775,30687
nation,Scotland,S92000003,2020-10-01,668,29912
nation,Scotland,S92000003,2020-09-30,640,29244
nation,Scotland,S92000003,2020-09-29,806,28604
nation,Scotland,S92000003,2020-09-28,222,27798
nation,Scotland,S92000003,2020-09-27,344,27576
nation,Scotland,S92000003,2020-09-26,714,27232
nation,Scotland,S92000003,2020-09-25,558,26518
nation,Scotland,S92000003,2020-09-24,465,25960
nation,Scotland,S92000003,2020-09-23,486,25495
nation,Scotland,S92000003,2020-09-22,383,25009
nation,Scotland,S92000003,2020-09-21,255,24626
nation,Scotland,S92000003,2020-09-20,245,24371
nation,Scotland,S92000003,2020-09-19,350,24126
nation,Scotland,S92000003,2020-09-18,203,23776
nation,Scotland,S92000003,2020-09-17,290,23573
nation,Scotland,S92000003,2020-09-16,267,23283
nation,Scotland,S92000003,2020-09-15,267,23016
nation,Scotland,S92000003,2020-09-14,70,22749
nation,Scotland,S92000003,2020-09-13,244,22679
nation,Scotland,S92000003,2020-09-12,221,22435
nation,Scotland,S92000003,2020-09-11,175,22214
nation,Scotland,S92000003,2020-09-10,161,22039
nation,Scotland,S92000003,2020-09-09,159,21878
nation,Scotland,S92000003,2020-09-08,176,21719
nation,Scotland,S92000003,2020-09-07,146,21543
nation,Scotland,S92000003,2020-09-06,208,21397
nation,Scotland,S92000003,2020-09-05,141,21189
nation,Scotland,S92000003,2020-09-04,159,21048
nation,Scotland,S92000003,2020-09-03,101,20889
nation,Scotland,S92000003,2020-09-02,156,20788
nation,Scotland,S92000003,2020-09-01,154,20632
nation,Scotland,S92000003,2020-08-31,160,20478
nation,Scotland,S92000003,2020-08-30,123,20318
nation,Scotland,S92000003,2020-08-29,88,20195
nation,Scotland,S92000003,2020-08-28,51,20107
nation,Scotland,S92000003,2020-08-27,68,20056
nation,Scotland,S92000003,2020-08-26,67,19988
nation,Scotland,S92000003,2020-08-25,44,19921
nation,Scotland,S92000003,2020-08-24,66,19877
nation,Scotland,S92000003,2020-08-23,83,19811
nation,Scotland,S92000003,2020-08-22,123,19728
nation,Scotland,S92000003,2020-08-21,71,19605
nation,Scotland,S92000003,2020-08-20,77,19534
nation,Scotland,S92000003,2020-08-19,50,19457
nation,Scotland,S92000003,2020-08-18,49,19407
nation,Scotland,S92000003,2020-08-17,26,19358
nation,Scotland,S92000003,2020-08-16,43,19332
nation,Scotland,S92000003,2020-08-15,51,19289
nation,Scotland,S92000003,2020-08-14,65,19238
nation,Scotland,S92000003,2020-08-13,47,19173
nation,Scotland,S92000003,2020-08-12,47,19126
nation,Scotland,S92000003,2020-08-11,52,19079
nation,Scotland,S92000003,2020-08-10,29,19027
nation,Scotland,S92000003,2020-08-09,48,18998
nation,Scotland,S92000003,2020-08-08,60,18950
nation,Scotland,S92000003,2020-08-07,43,18890
nation,Scotland,S92000003,2020-08-06,66,18847
nation,Scotland,S92000003,2020-08-05,64,18781
nation,Scotland,S92000003,2020-08-04,23,18717
nation,Scotland,S92000003,2020-08-03,18,18694
nation,Scotland,S92000003,2020-08-02,31,18676
nation,Scotland,S92000003,2020-08-01,18,18645
nation,Scotland,S92000003,2020-07-31,30,18627
nation,Scotland,S92000003,2020-07-30,17,18597
nation,Scotland,S92000003,2020-07-29,22,18580
nation,Scotland,S92000003,2020-07-28,4,18558
nation,Scotland,S92000003,2020-07-27,3,18554
nation,Scotland,S92000003,2020-07-26,4,18551
nation,Scotland,S92000003,2020-07-25,27,18547
nation,Scotland,S92000003,2020-07-24,20,18520
nation,Scotland,S92000003,2020-07-23,16,18500
nation,Scotland,S92000003,2020-07-22,10,18484
nation,Scotland,S92000003,2020-07-21,22,18474
nation,Scotland,S92000003,2020-07-20,7,18452
nation,Scotland,S92000003,2020-07-19,23,18445
nation,Scotland,S92000003,2020-07-18,21,18422
nation,Scotland,S92000003,2020-07-17,17,18401
nation,Scotland,S92000003,2020-07-16,11,18384
nation,Scotland,S92000003,2020-07-15,5,18373
nation,Scotland,S92000003,2020-07-14,3,18368
nation,Scotland,S92000003,2020-07-13,6,18365
nation,Scotland,S92000003,2020-07-12,19,18359
nation,Scotland,S92000003,2020-07-11,7,18340
nation,Scotland,S92000003,2020-07-10,18,18333
nation,Scotland,S92000003,2020-07-09,6,18315
nation,Scotland,S92000003,2020-07-08,7,18309
nation,Scotland,S92000003,2020-07-07,2,18302
nation,Scotland,S92000003,2020-07-06,4,18300
nation,Scotland,S92000003,2020-07-05,9,18296
nation,Scotland,S92000003,2020-07-04,11,18287
nation,Scotland,S92000003,2020-07-03,12,18276
nation,Scotland,S92000003,2020-07-02,5,18264
nation,Scotland,S92000003,2020-07-01,8,18259
nation,Scotland,S92000003,2020-06-30,10,18251
nation,Scotland,S92000003,2020-06-29,5,18241
nation,Scotland,S92000003,2020-06-28,8,18236
nation,Scotland,S92000003,2020-06-27,15,18228
nation,Scotland,S92000003,2020-06-26,17,18213
nation,Scotland,S92000003,2020-06-25,5,18196
nation,Scotland,S92000003,2020-06-24,9,18191
nation,Scotland,S92000003,2020-06-23,12,18182
nation,Scotland,S92000003,2020-06-22,14,18170
nation,Scotland,S92000003,2020-06-21,26,18156
nation,Scotland,S92000003,2020-06-20,26,18130
nation,Scotland,S92000003,2020-06-19,27,18104
nation,Scotland,S92000003,2020-06-18,11,18077
nation,Scotland,S92000003,2020-06-17,21,18066
nation,Scotland,S92000003,2020-06-16,15,18045
nation,Scotland,S92000003,2020-06-15,29,18030
nation,Scotland,S92000003,2020-06-14,25,15755
nation,Scotland,S92000003,2020-06-13,21,15730
nation,Scotland,S92000003,2020-06-12,27,15709
nation,Scotland,S92000003,2020-06-11,17,15682
nation,Scotland,S92000003,2020-06-10,12,15665
nation,Scotland,S92000003,2020-06-09,14,15653
nation,Scotland,S92000003,2020-06-08,18,15639
nation,Scotland,S92000003,2020-06-07,18,15621
nation,Scotland,S92000003,2020-06-06,21,15603
nation,Scotland,S92000003,2020-06-05,29,15582
nation,Scotland,S92000003,2020-06-04,49,15553
nation,Scotland,S92000003,2020-06-03,33,15504
nation,Scotland,S92000003,2020-06-02,53,15471
nation,Scotland,S92000003,2020-06-01,18,15418
nation,Scotland,S92000003,2020-05-31,18,15400
nation,Scotland,S92000003,2020-05-30,55,15382
nation,Scotland,S92000003,2020-05-29,39,15327
nation,Scotland,S92000003,2020-05-28,48,15288
nation,Scotland,S92000003,2020-05-27,55,15240
nation,Scotland,S92000003,2020-05-26,29,15185
nation,Scotland,S92000003,2020-05-25,55,15156
nation,Scotland,S92000003,2020-05-24,60,15101
nation,Scotland,S92000003,2020-05-23,72,15041
nation,Scotland,S92000003,2020-05-22,113,14969
nation,Scotland,S92000003,2020-05-21,105,14856
nation,Scotland,S92000003,2020-05-20,96,14751
nation,Scotland,S92000003,2020-05-19,61,14655
nation,Scotland,S92000003,2020-05-18,57,14594
nation,Scotland,S92000003,2020-05-17,90,14537
nation,Scotland,S92000003,2020-05-16,187,14447
nation,Scotland,S92000003,2020-05-15,143,14260
nation,Scotland,S92000003,2020-05-14,188,14117
nation,Scotland,S92000003,2020-05-13,166,13929
nation,Scotland,S92000003,2020-05-12,136,13763
nation,Scotland,S92000003,2020-05-11,141,13627
nation,Scotland,S92000003,2020-05-10,181,13486
nation,Scotland,S92000003,2020-05-09,156,13305
nation,Scotland,S92000003,2020-05-08,225,13149
nation,Scotland,S92000003,2020-05-07,215,12924
nation,Scotland,S92000003,2020-05-06,272,12709
nation,Scotland,S92000003,2020-05-05,171,12437
nation,Scotland,S92000003,2020-05-04,169,12266
nation,Scotland,S92000003,2020-05-03,170,12097
nation,Scotland,S92000003,2020-05-02,273,11927
nation,Scotland,S92000003,2020-05-01,301,11654
nation,Scotland,S92000003,2020-04-30,319,11353
nation,Scotland,S92000003,2020-04-29,313,11034
nation,Scotland,S92000003,2020-04-28,200,10721
nation,Scotland,S92000003,2020-04-27,197,10521
nation,Scotland,S92000003,2020-04-26,273,10324
nation,Scotland,S92000003,2020-04-25,354,10051
nation,Scotland,S92000003,2020-04-24,288,9697
nation,Scotland,S92000003,2020-04-23,371,9409
nation,Scotland,S92000003,2020-04-22,366,9038
nation,Scotland,S92000003,2020-04-21,222,8672
nation,Scotland,S92000003,2020-04-20,263,8450
nation,Scotland,S92000003,2020-04-19,367,8187
nation,Scotland,S92000003,2020-04-18,411,7820
nation,Scotland,S92000003,2020-04-17,307,7409
nation,Scotland,S92000003,2020-04-16,354,7102
nation,Scotland,S92000003,2020-04-15,390,6748
nation,Scotland,S92000003,2020-04-14,291,6358
nation,Scotland,S92000003,2020-04-13,155,6067
nation,Scotland,S92000003,2020-04-12,322,5912
nation,Scotland,S92000003,2020-04-11,315,5590
nation,Scotland,S92000003,2020-04-10,318,5275
nation,Scotland,S92000003,2020-04-09,392,4957
nation,Scotland,S92000003,2020-04-08,336,4565
nation,Scotland,S92000003,2020-04-07,268,4229
nation,Scotland,S92000003,2020-04-06,255,3961
nation,Scotland,S92000003,2020-04-05,361,3706
nation,Scotland,S92000003,2020-04-04,344,3345
nation,Scotland,S92000003,2020-04-03,399,3001
nation,Scotland,S92000003,2020-04-02,292,2602
nation,Scotland,S92000003,2020-04-01,317,2310
nation,Scotland,S92000003,2020-03-31,430,1993
nation,Scotland,S92000003,2020-03-30,179,1563
nation,Scotland,S92000003,2020-03-29,139,1384
nation,Scotland,S92000003,2020-03-28,186,1245
nation,Scotland,S92000003,2020-03-27,165,1059
nation,Scotland,S92000003,2020-03-26,175,894
nation,Scotland,S92000003,2020-03-25,135,719
nation,Scotland,S92000003,2020-03-24,85,584
nation,Scotland,S92000003,2020-03-23,83,499
nation,Scotland,S92000003,2020-03-22,43,416
nation,Scotland,S92000003,2020-03-21,51,373
nation,Scotland,S92000003,2020-03-20,56,322
nation,Scotland,S92000003,2020-03-19,39,266
nation,Scotland,S92000003,2020-03-18,32,227
nation,Scotland,S92000003,2020-03-17,24,195
nation,Scotland,S92000003,2020-03-16,18,171
nation,Scotland,S92000003,2020-03-15,32,153
nation,Scotland,S92000003,2020-03-14,36,121
nation,Scotland,S92000003,2020-03-13,25,85
nation,Scotland,S92000003,2020-03-12,24,60
nation,Scotland,S92000003,2020-03-11,9,36
nation,Scotland,S92000003,2020-03-10,4,27
nation,Scotland,S92000003,2020-03-09,5,23
nation,Scotland,S92000003,2020-03-08,2,18
nation,Scotland,S92000003,2020-03-07,5,16
nation,Scotland,S92000003,2020-03-06,5,11
nation,Scotland,S92000003,2020-03-05,3,6
nation,Scotland,S92000003,2020-03-04,2,3
nation,Scotland,S92000003,2020-03-03,0,1
nation,Scotland,S92000003,2020-03-02,1,1
nation,Wales,W92000004,2021-05-17,91,212240
nation,Wales,W92000004,2021-05-16,54,212149
nation,Wales,W92000004,2021-05-15,0,212095
nation,Wales,W92000004,2021-05-14,54,212095
nation,Wales,W92000004,2021-05-13,59,212041
nation,Wales,W92000004,2021-05-12,22,211983
nation,Wales,W92000004,2021-05-11,30,211961
nation,Wales,W92000004,2021-05-10,104,211931
nation,Wales,W92000004,2021-05-09,54,211827
nation,Wales,W92000004,2021-05-08,0,211773
nation,Wales,W92000004,2021-05-07,47,211773
nation,Wales,W92000004,2021-05-06,34,211726
nation,Wales,W92000004,2021-05-05,54,211692
nation,Wales,W92000004,2021-05-04,65,211638
nation,Wales,W92000004,2021-05-03,0,211573
nation,Wales,W92000004,2021-05-02,79,211573
nation,Wales,W92000004,2021-05-01,0,211494
nation,Wales,W92000004,2021-04-30,36,211494
nation,Wales,W92000004,2021-04-29,69,211458
nation,Wales,W92000004,2021-04-28,35,211389
nation,Wales,W92000004,2021-04-27,33,211354
nation,Wales,W92000004,2021-04-26,97,211321
nation,Wales,W92000004,2021-04-25,62,211224
nation,Wales,W92000004,2021-04-24,0,211162
nation,Wales,W92000004,2021-04-23,58,211162
nation,Wales,W92000004,2021-04-22,63,211104
nation,Wales,W92000004,2021-04-21,64,211042
nation,Wales,W92000004,2021-04-20,53,210978
nation,Wales,W92000004,2021-04-19,102,210925
nation,Wales,W92000004,2021-04-18,94,210823
nation,Wales,W92000004,2021-04-17,0,210729
nation,Wales,W92000004,2021-04-16,48,210729
nation,Wales,W92000004,2021-04-15,105,210681
nation,Wales,W92000004,2021-04-14,62,210577
nation,Wales,W92000004,2021-04-13,69,210515
nation,Wales,W92000004,2021-04-12,50,210447
nation,Wales,W92000004,2021-04-11,53,210397
nation,Wales,W92000004,2021-04-10,130,210344
nation,Wales,W92000004,2021-04-09,114,210219
nation,Wales,W92000004,2021-04-08,82,210105
nation,Wales,W92000004,2021-04-07,82,210023
nation,Wales,W92000004,2021-04-06,126,209942
nation,Wales,W92000004,2021-04-05,189,209816
nation,Wales,W92000004,2021-04-04,0,209627
nation,Wales,W92000004,2021-04-03,95,209627
nation,Wales,W92000004,2021-04-02,0,209532
nation,Wales,W92000004,2021-04-01,188,209532
nation,Wales,W92000004,2021-03-31,60,209345
nation,Wales,W92000004,2021-03-30,94,209285
nation,Wales,W92000004,2021-03-29,125,209191
nation,Wales,W92000004,2021-03-28,171,209066
nation,Wales,W92000004,2021-03-27,201,208895
nation,Wales,W92000004,2021-03-26,190,208694
nation,Wales,W92000004,2021-03-25,227,208504
nation,Wales,W92000004,2021-03-24,159,208277
nation,Wales,W92000004,2021-03-23,127,208119
nation,Wales,W92000004,2021-03-22,150,207992
nation,Wales,W92000004,2021-03-21,196,207842
nation,Wales,W92000004,2021-03-20,208,207646
nation,Wales,W92000004,2021-03-19,201,207438
nation,Wales,W92000004,2021-03-18,297,207237
nation,Wales,W92000004,2021-03-17,145,206940
nation,Wales,W92000004,2021-03-16,142,206795
nation,Wales,W92000004,2021-03-15,248,206653
nation,Wales,W92000004,2021-03-14,217,206405
nation,Wales,W92000004,2021-03-13,210,206188
nation,Wales,W92000004,2021-03-12,190,205978
nation,Wales,W92000004,2021-03-11,195,205788
nation,Wales,W92000004,2021-03-10,225,205593
nation,Wales,W92000004,2021-03-09,166,205368
nation,Wales,W92000004,2021-03-08,164,205202
nation,Wales,W92000004,2021-03-07,152,205038
nation,Wales,W92000004,2021-03-06,195,204886
nation,Wales,W92000004,2021-03-05,230,204692
nation,Wales,W92000004,2021-03-04,267,204463
nation,Wales,W92000004,2021-03-03,208,204196
nation,Wales,W92000004,2021-03-02,170,203988
nation,Wales,W92000004,2021-03-01,193,203818
nation,Wales,W92000004,2021-02-28,247,203625
nation,Wales,W92000004,2021-02-27,198,203378
nation,Wales,W92000004,2021-02-26,308,203180
nation,Wales,W92000004,2021-02-25,312,202872
nation,Wales,W92000004,2021-02-24,236,202560
nation,Wales,W92000004,2021-02-23,317,202324
nation,Wales,W92000004,2021-02-22,319,202007
nation,Wales,W92000004,2021-02-21,336,201688
nation,Wales,W92000004,2021-02-20,363,201352
nation,Wales,W92000004,2021-02-19,533,200989
nation,Wales,W92000004,2021-02-18,290,200456
nation,Wales,W92000004,2021-02-17,374,200166
nation,Wales,W92000004,2021-02-16,275,199793
nation,Wales,W92000004,2021-02-15,363,199518
nation,Wales,W92000004,2021-02-14,394,199155
nation,Wales,W92000004,2021-02-13,400,198761
nation,Wales,W92000004,2021-02-12,608,198362
nation,Wales,W92000004,2021-02-11,410,197754
nation,Wales,W92000004,2021-02-10,323,197344
nation,Wales,W92000004,2021-02-09,351,197021
nation,Wales,W92000004,2021-02-08,610,196670
nation,Wales,W92000004,2021-02-07,461,196060
nation,Wales,W92000004,2021-02-06,675,195599
nation,Wales,W92000004,2021-02-05,399,194924
nation,Wales,W92000004,2021-02-04,544,194525
nation,Wales,W92000004,2021-02-03,455,193981
nation,Wales,W92000004,2021-02-02,614,193526
nation,Wales,W92000004,2021-02-01,630,192912
nation,Wales,W92000004,2021-01-31,605,192282
nation,Wales,W92000004,2021-01-30,737,191677
nation,Wales,W92000004,2021-01-29,546,190940
nation,Wales,W92000004,2021-01-28,705,190394
nation,Wales,W92000004,2021-01-27,537,189689
nation,Wales,W92000004,2021-01-26,570,189152
nation,Wales,W92000004,2021-01-25,872,188583
nation,Wales,W92000004,2021-01-24,796,187711
nation,Wales,W92000004,2021-01-23,1079,186915
nation,Wales,W92000004,2021-01-22,801,185836
nation,Wales,W92000004,2021-01-21,1153,185035
nation,Wales,W92000004,2021-01-20,1283,183882
nation,Wales,W92000004,2021-01-19,1106,182599
nation,Wales,W92000004,2021-01-18,1332,181493
nation,Wales,W92000004,2021-01-17,1172,180161
nation,Wales,W92000004,2021-01-16,1129,178989
nation,Wales,W92000004,2021-01-15,1808,177864
nation,Wales,W92000004,2021-01-14,1644,176056
nation,Wales,W92000004,2021-01-13,1533,174412
nation,Wales,W92000004,2021-01-12,1332,172879
nation,Wales,W92000004,2021-01-11,1793,171547
nation,Wales,W92000004,2021-01-10,1660,169754
nation,Wales,W92000004,2021-01-09,2373,168094
nation,Wales,W92000004,2021-01-08,2487,165721
nation,Wales,W92000004,2021-01-07,1718,163234
nation,Wales,W92000004,2021-01-06,2238,161516
nation,Wales,W92000004,2021-01-05,2069,159278
nation,Wales,W92000004,2021-01-04,1898,157209
nation,Wales,W92000004,2021-01-03,4011,155311
nation,Wales,W92000004,2021-01-02,2764,151300
nation,Wales,W92000004,2021-01-01,0,148537
nation,Wales,W92000004,2020-12-31,1831,148537
nation,Wales,W92000004,2020-12-30,2281,146706
nation,Wales,W92000004,2020-12-29,2510,144425
nation,Wales,W92000004,2020-12-28,2273,141915
nation,Wales,W92000004,2020-12-27,4142,139642
nation,Wales,W92000004,2020-12-26,2237,135500
nation,Wales,W92000004,2020-12-25,0,133263
nation,Wales,W92000004,2020-12-24,2161,133263
nation,Wales,W92000004,2020-12-23,3013,131102
nation,Wales,W92000004,2020-12-22,2761,128089
nation,Wales,W92000004,2020-12-21,2563,125329
nation,Wales,W92000004,2020-12-20,2334,122766
nation,Wales,W92000004,2020-12-19,3065,120432
nation,Wales,W92000004,2020-12-18,2801,117367
nation,Wales,W92000004,2020-12-17,11468,114566
nation,Wales,W92000004,2020-12-16,530,103098
nation,Wales,W92000004,2020-12-15,615,102568
nation,Wales,W92000004,2020-12-14,1228,101953
nation,Wales,W92000004,2020-12-13,0,100725
nation,Wales,W92000004,2020-12-12,2494,100725
nation,Wales,W92000004,2020-12-11,2234,98232
nation,Wales,W92000004,2020-12-10,1968,95998
nation,Wales,W92000004,2020-12-09,2238,94030
nation,Wales,W92000004,2020-12-08,780,91792
nation,Wales,W92000004,2020-12-07,2021,91013
nation,Wales,W92000004,2020-12-06,1916,88992
nation,Wales,W92000004,2020-12-05,1645,87077
nation,Wales,W92000004,2020-12-04,1471,85432
nation,Wales,W92000004,2020-12-03,1473,83961
nation,Wales,W92000004,2020-12-02,1480,82489
nation,Wales,W92000004,2020-12-01,667,81009
nation,Wales,W92000004,2020-11-30,802,80342
nation,Wales,W92000004,2020-11-29,1004,79540
nation,Wales,W92000004,2020-11-28,1445,78536
nation,Wales,W92000004,2020-11-27,1105,77091
nation,Wales,W92000004,2020-11-26,1251,75986
nation,Wales,W92000004,2020-11-25,907,74735
nation,Wales,W92000004,2020-11-24,595,73828
nation,Wales,W92000004,2020-11-23,892,73233
nation,Wales,W92000004,2020-11-22,808,72341
nation,Wales,W92000004,2020-11-21,1016,71533
nation,Wales,W92000004,2020-11-20,1020,70517
nation,Wales,W92000004,2020-11-19,1048,69497
nation,Wales,W92000004,2020-11-18,638,68449
nation,Wales,W92000004,2020-11-17,705,67811
nation,Wales,W92000004,2020-11-16,892,67106
nation,Wales,W92000004,2020-11-15,1333,66214
nation,Wales,W92000004,2020-11-14,933,64881
nation,Wales,W92000004,2020-11-13,797,63948
nation,Wales,W92000004,2020-11-12,867,63151
nation,Wales,W92000004,2020-11-11,928,62284
nation,Wales,W92000004,2020-11-10,444,61356
nation,Wales,W92000004,2020-11-09,931,60912
nation,Wales,W92000004,2020-11-08,744,59981
nation,Wales,W92000004,2020-11-07,958,59237
nation,Wales,W92000004,2020-11-06,1352,58279
nation,Wales,W92000004,2020-11-05,1272,56927
nation,Wales,W92000004,2020-11-04,1202,55658
nation,Wales,W92000004,2020-11-03,1119,54456
nation,Wales,W92000004,2020-11-02,1646,53337
nation,Wales,W92000004,2020-11-01,819,51691
nation,Wales,W92000004,2020-10-31,1301,50872
nation,Wales,W92000004,2020-10-30,1737,49571
nation,Wales,W92000004,2020-10-29,1375,47834
nation,Wales,W92000004,2020-10-28,1414,46459
nation,Wales,W92000004,2020-10-27,1207,45046
nation,Wales,W92000004,2020-10-26,1158,43839
nation,Wales,W92000004,2020-10-25,1104,42681
nation,Wales,W92000004,2020-10-24,1324,41577
nation,Wales,W92000004,2020-10-23,761,40253
nation,Wales,W92000004,2020-10-22,1134,39491
nation,Wales,W92000004,2020-10-21,962,38361
nation,Wales,W92000004,2020-10-20,1148,37400
nation,Wales,W92000004,2020-10-19,626,36253
nation,Wales,W92000004,2020-10-18,950,35628
nation,Wales,W92000004,2020-10-17,674,34679
nation,Wales,W92000004,2020-10-16,979,34005
nation,Wales,W92000004,2020-10-15,727,33041
nation,Wales,W92000004,2020-10-14,946,32316
nation,Wales,W92000004,2020-10-13,764,31370
nation,Wales,W92000004,2020-10-12,487,30608
nation,Wales,W92000004,2020-10-11,467,30121
nation,Wales,W92000004,2020-10-10,627,29654
nation,Wales,W92000004,2020-10-09,766,29028
nation,Wales,W92000004,2020-10-08,638,28262
nation,Wales,W92000004,2020-10-07,752,27624
nation,Wales,W92000004,2020-10-06,425,26872
nation,Wales,W92000004,2020-10-05,596,26447
nation,Wales,W92000004,2020-10-04,432,25852
nation,Wales,W92000004,2020-10-03,576,25420
nation,Wales,W92000004,2020-10-02,462,24845
nation,Wales,W92000004,2020-10-01,398,24383
nation,Wales,W92000004,2020-09-30,388,23985
nation,Wales,W92000004,2020-09-29,366,23597
nation,Wales,W92000004,2020-09-28,286,23231
nation,Wales,W92000004,2020-09-27,362,22945
nation,Wales,W92000004,2020-09-26,370,22584
nation,Wales,W92000004,2020-09-25,320,22215
nation,Wales,W92000004,2020-09-24,348,21896
nation,Wales,W92000004,2020-09-23,389,21548
nation,Wales,W92000004,2020-09-22,281,21159
nation,Wales,W92000004,2020-09-21,234,20878
nation,Wales,W92000004,2020-09-20,199,20644
nation,Wales,W92000004,2020-09-19,212,20445
nation,Wales,W92000004,2020-09-18,185,20233
nation,Wales,W92000004,2020-09-17,168,20048
nation,Wales,W92000004,2020-09-16,199,19880
nation,Wales,W92000004,2020-09-15,110,19681
nation,Wales,W92000004,2020-09-14,183,19573
nation,Wales,W92000004,2020-09-13,162,19390
nation,Wales,W92000004,2020-09-12,164,19228
nation,Wales,W92000004,2020-09-11,133,19064
nation,Wales,W92000004,2020-09-10,102,18931
nation,Wales,W92000004,2020-09-09,165,18829
nation,Wales,W92000004,2020-09-08,150,18664
nation,Wales,W92000004,2020-09-07,133,18514
nation,Wales,W92000004,2020-09-06,98,18381
nation,Wales,W92000004,2020-09-05,77,18283
nation,Wales,W92000004,2020-09-04,51,18206
nation,Wales,W92000004,2020-09-03,50,18155
nation,Wales,W92000004,2020-09-02,42,18105
nation,Wales,W92000004,2020-09-01,51,18063
nation,Wales,W92000004,2020-08-31,39,18012
nation,Wales,W92000004,2020-08-30,56,17973
nation,Wales,W92000004,2020-08-29,40,17917
nation,Wales,W92000004,2020-08-28,34,17877
nation,Wales,W92000004,2020-08-27,35,17843
nation,Wales,W92000004,2020-08-26,34,17808
nation,Wales,W92000004,2020-08-25,28,17774
nation,Wales,W92000004,2020-08-24,19,17746
nation,Wales,W92000004,2020-08-23,20,17727
nation,Wales,W92000004,2020-08-22,34,17707
nation,Wales,W92000004,2020-08-21,34,17673
nation,Wales,W92000004,2020-08-20,19,17639
nation,Wales,W92000004,2020-08-19,21,17620
nation,Wales,W92000004,2020-08-18,24,17599
nation,Wales,W92000004,2020-08-17,14,17575
nation,Wales,W92000004,2020-08-16,18,17561
nation,Wales,W92000004,2020-08-15,27,17543
nation,Wales,W92000004,2020-08-14,18,17516
nation,Wales,W92000004,2020-08-13,15,17499
nation,Wales,W92000004,2020-08-12,8,17484
nation,Wales,W92000004,2020-08-11,13,17476
nation,Wales,W92000004,2020-08-10,12,17463
nation,Wales,W92000004,2020-08-09,26,17451
nation,Wales,W92000004,2020-08-08,19,17425
nation,Wales,W92000004,2020-08-07,17,17406
nation,Wales,W92000004,2020-08-06,15,17389
nation,Wales,W92000004,2020-08-05,14,17374
nation,Wales,W92000004,2020-08-04,22,17361
nation,Wales,W92000004,2020-08-03,24,17339
nation,Wales,W92000004,2020-08-02,37,17315
nation,Wales,W92000004,2020-08-01,21,17279
nation,Wales,W92000004,2020-07-31,26,17258
nation,Wales,W92000004,2020-07-30,9,17232
nation,Wales,W92000004,2020-07-29,32,17223
nation,Wales,W92000004,2020-07-28,21,17191
nation,Wales,W92000004,2020-07-27,45,17170
nation,Wales,W92000004,2020-07-26,22,17125
nation,Wales,W92000004,2020-07-25,30,17105
nation,Wales,W92000004,2020-07-24,45,17075
nation,Wales,W92000004,2020-07-23,43,17030
nation,Wales,W92000004,2020-07-22,22,16987
nation,Wales,W92000004,2020-07-21,22,16965
nation,Wales,W92000004,2020-07-20,15,16943
nation,Wales,W92000004,2020-07-19,31,16928
nation,Wales,W92000004,2020-07-18,10,16897
nation,Wales,W92000004,2020-07-17,16,16887
nation,Wales,W92000004,2020-07-16,18,16871
nation,Wales,W92000004,2020-07-15,18,16854
nation,Wales,W92000004,2020-07-14,21,16836
nation,Wales,W92000004,2020-07-13,11,15973
nation,Wales,W92000004,2020-07-12,16,15962
nation,Wales,W92000004,2020-07-11,7,15946
nation,Wales,W92000004,2020-07-10,10,15939
nation,Wales,W92000004,2020-07-09,16,15929
nation,Wales,W92000004,2020-07-08,13,15913
nation,Wales,W92000004,2020-07-07,2,15900
nation,Wales,W92000004,2020-07-06,8,15898
nation,Wales,W92000004,2020-07-05,15,15890
nation,Wales,W92000004,2020-07-04,34,15875
nation,Wales,W92000004,2020-07-03,26,15841
nation,Wales,W92000004,2020-07-02,41,15815
nation,Wales,W92000004,2020-07-01,32,15775
nation,Wales,W92000004,2020-06-30,26,15743
nation,Wales,W92000004,2020-06-29,116,15717
nation,Wales,W92000004,2020-06-28,25,15602
nation,Wales,W92000004,2020-06-27,46,15577
nation,Wales,W92000004,2020-06-26,65,15531
nation,Wales,W92000004,2020-06-25,125,15466
nation,Wales,W92000004,2020-06-24,47,15341
nation,Wales,W92000004,2020-06-23,51,15295
nation,Wales,W92000004,2020-06-22,71,15197
nation,Wales,W92000004,2020-06-21,100,15126
nation,Wales,W92000004,2020-06-20,25,15026
nation,Wales,W92000004,2020-06-19,31,15001
nation,Wales,W92000004,2020-06-18,48,14970
nation,Wales,W92000004,2020-06-17,53,14922
nation,Wales,W92000004,2020-06-16,65,14869
nation,Wales,W92000004,2020-06-15,62,14804
nation,Wales,W92000004,2020-06-14,39,14742
nation,Wales,W92000004,2020-06-13,45,14703
nation,Wales,W92000004,2020-06-12,77,14658
nation,Wales,W92000004,2020-06-11,63,14581
nation,Wales,W92000004,2020-06-10,38,14518
nation,Wales,W92000004,2020-06-09,42,14480
nation,Wales,W92000004,2020-06-08,42,14438
nation,Wales,W92000004,2020-06-07,40,14396
nation,Wales,W92000004,2020-06-06,42,14356
nation,Wales,W92000004,2020-06-05,76,14314
nation,Wales,W92000004,2020-06-04,35,14238
nation,Wales,W92000004,2020-06-03,82,14203
nation,Wales,W92000004,2020-06-02,67,14121
nation,Wales,W92000004,2020-06-01,59,14054
nation,Wales,W92000004,2020-05-31,82,13995
nation,Wales,W92000004,2020-05-30,86,13913
nation,Wales,W92000004,2020-05-29,102,13827
nation,Wales,W92000004,2020-05-28,72,13725
nation,Wales,W92000004,2020-05-27,97,13653
nation,Wales,W92000004,2020-05-26,141,13556
nation,Wales,W92000004,2020-05-25,106,13415
nation,Wales,W92000004,2020-05-24,140,13309
nation,Wales,W92000004,2020-05-23,185,13169
nation,Wales,W92000004,2020-05-22,138,12984
nation,Wales,W92000004,2020-05-21,166,12846
nation,Wales,W92000004,2020-05-20,110,12680
nation,Wales,W92000004,2020-05-19,166,12570
nation,Wales,W92000004,2020-05-18,101,12404
nation,Wales,W92000004,2020-05-17,162,12304
nation,Wales,W92000004,2020-05-16,183,12142
nation,Wales,W92000004,2020-05-15,126,11960
nation,Wales,W92000004,2020-05-14,128,11834
nation,Wales,W92000004,2020-05-13,133,11706
nation,Wales,W92000004,2020-05-12,105,11573
nation,Wales,W92000004,2020-05-11,124,11468
nation,Wales,W92000004,2020-05-10,223,11344
nation,Wales,W92000004,2020-05-09,118,11121
nation,Wales,W92000004,2020-05-08,152,11003
nation,Wales,W92000004,2020-05-07,87,10851
nation,Wales,W92000004,2020-05-06,95,10764
nation,Wales,W92000004,2020-05-05,145,10669
nation,Wales,W92000004,2020-05-04,195,10524
nation,Wales,W92000004,2020-05-03,174,10329
nation,Wales,W92000004,2020-05-02,183,10155
nation,Wales,W92000004,2020-05-01,160,9972
nation,Wales,W92000004,2020-04-30,183,9812
nation,Wales,W92000004,2020-04-29,117,9629
nation,Wales,W92000004,2020-04-28,232,9512
nation,Wales,W92000004,2020-04-27,203,9280
nation,Wales,W92000004,2020-04-26,178,9078
nation,Wales,W92000004,2020-04-25,299,8900
nation,Wales,W92000004,2020-04-24,243,8601
nation,Wales,W92000004,2020-04-23,234,8358
nation,Wales,W92000004,2020-04-22,274,8124
nation,Wales,W92000004,2020-04-21,304,7850
nation,Wales,W92000004,2020-04-20,276,7546
nation,Wales,W92000004,2020-04-19,334,7270
nation,Wales,W92000004,2020-04-18,292,6936
nation,Wales,W92000004,2020-04-17,244,6645
nation,Wales,W92000004,2020-04-16,284,6401
nation,Wales,W92000004,2020-04-15,272,6118
nation,Wales,W92000004,2020-04-14,238,5848
nation,Wales,W92000004,2020-04-13,313,5610
nation,Wales,W92000004,2020-04-12,367,5297
nation,Wales,W92000004,2020-04-11,340,4930
nation,Wales,W92000004,2020-04-10,502,4591
nation,Wales,W92000004,2020-04-09,16,4089
nation,Wales,W92000004,2020-04-08,283,4073
nation,Wales,W92000004,2020-04-07,291,3790
nation,Wales,W92000004,2020-04-06,302,3499
nation,Wales,W92000004,2020-04-05,344,3197
nation,Wales,W92000004,2020-04-04,387,2853
nation,Wales,W92000004,2020-04-03,345,2466
nation,Wales,W92000004,2020-04-02,284,2121
nation,Wales,W92000004,2020-04-01,274,1837
nation,Wales,W92000004,2020-03-31,112,1563
nation,Wales,W92000004,2020-03-30,210,1451
nation,Wales,W92000004,2020-03-29,148,1241
nation,Wales,W92000004,2020-03-28,172,1093
nation,Wales,W92000004,2020-03-27,180,921
nation,Wales,W92000004,2020-03-26,113,741
nation,Wales,W92000004,2020-03-25,150,628
nation,Wales,W92000004,2020-03-24,60,478
nation,Wales,W92000004,2020-03-23,71,418
nation,Wales,W92000004,2020-03-22,67,347
nation,Wales,W92000004,2020-03-21,89,280
nation,Wales,W92000004,2020-03-20,21,191
nation,Wales,W92000004,2020-03-19,21,170
nation,Wales,W92000004,2020-03-18,13,149
nation,Wales,W92000004,2020-03-17,12,136
nation,Wales,W92000004,2020-03-16,30,124
nation,Wales,W92000004,2020-03-15,34,94
nation,Wales,W92000004,2020-03-14,22,60
nation,Wales,W92000004,2020-03-13,13,38
nation,Wales,W92000004,2020-03-12,10,25
nation,Wales,W92000004,2020-03-11,9,15
nation,Wales,W92000004,2020-03-10,2,6
nation,Wales,W92000004,2020-03-09,2,4
nation,Wales,W92000004,2020-03-08,0,2
nation,Wales,W92000004,2020-03-07,0,2
nation,Wales,W92000004,2020-03-06,0,2
nation,Wales,W92000004,2020-03-05,1,2
nation,Wales,W92000004,2020-03-04,0,1
nation,Wales,W92000004,2020-03-03,0,1
nation,Wales,W92000004,2020-03-02,0,1
nation,Wales,W92000004,2020-03-01,0,1
nation,Wales,W92000004,2020-02-29,0,1
nation,Wales,W92000004,2020-02-28,1,1
