areaType,areaName,areaCode,date,newAdmissions,cumAdmissions
nation,England,E92000001,2021-06-16,177,402684
nation,England,E92000001,2021-06-15,188,402507
nation,England,E92000001,2021-06-14,185,402319
nation,England,E92000001,2021-06-13,187,402134
nation,England,E92000001,2021-06-12,137,401947
nation,England,E92000001,2021-06-11,144,401810
nation,England,E92000001,2021-06-10,162,401666
nation,England,E92000001,2021-06-09,158,401504
nation,England,E92000001,2021-06-08,147,401346
nation,England,E92000001,2021-06-07,131,401199
nation,England,E92000001,2021-06-06,121,401068
nation,England,E92000001,2021-06-05,96,400947
nation,England,E92000001,2021-06-04,96,400851
nation,England,E92000001,2021-06-03,93,400755
nation,England,E92000001,2021-06-02,101,400662
nation,England,E92000001,2021-06-01,115,400561
nation,England,E92000001,2021-05-31,98,400446
nation,England,E92000001,2021-05-30,80,400348
nation,England,E92000001,2021-05-29,69,400268
nation,England,E92000001,2021-05-28,92,400199
nation,England,E92000001,2021-05-27,83,400107
nation,England,E92000001,2021-05-26,95,400024
nation,England,E92000001,2021-05-25,88,399929
nation,England,E92000001,2021-05-24,98,399841
nation,England,E92000001,2021-05-23,77,399743
nation,England,E92000001,2021-05-22,75,399666
nation,England,E92000001,2021-05-21,85,399591
nation,England,E92000001,2021-05-20,98,399506
nation,England,E92000001,2021-05-19,93,399408
nation,England,E92000001,2021-05-18,90,399315
nation,England,E92000001,2021-05-17,74,399225
nation,England,E92000001,2021-05-16,59,399151
nation,England,E92000001,2021-05-15,70,399092
nation,England,E92000001,2021-05-14,72,399022
nation,England,E92000001,2021-05-13,74,398950
nation,England,E92000001,2021-05-12,93,398876
nation,England,E92000001,2021-05-11,79,398783
nation,England,E92000001,2021-05-10,76,398704
nation,England,E92000001,2021-05-09,76,398628
nation,England,E92000001,2021-05-08,80,398552
nation,England,E92000001,2021-05-07,77,398472
nation,England,E92000001,2021-05-06,88,398395
nation,England,E92000001,2021-05-05,96,398307
nation,England,E92000001,2021-05-04,76,398211
nation,England,E92000001,2021-05-03,98,398135
nation,England,E92000001,2021-05-02,92,398037
nation,England,E92000001,2021-05-01,68,397945
nation,England,E92000001,2021-04-30,82,397877
nation,England,E92000001,2021-04-29,80,397795
nation,England,E92000001,2021-04-28,89,397715
nation,England,E92000001,2021-04-27,128,397626
nation,England,E92000001,2021-04-26,108,397498
nation,England,E92000001,2021-04-25,107,397390
nation,England,E92000001,2021-04-24,99,397283
nation,England,E92000001,2021-04-23,124,397184
nation,England,E92000001,2021-04-22,92,397060
nation,England,E92000001,2021-04-21,126,396968
nation,England,E92000001,2021-04-20,98,396842
nation,England,E92000001,2021-04-19,138,396744
nation,England,E92000001,2021-04-18,112,396606
nation,England,E92000001,2021-04-17,135,396494
nation,England,E92000001,2021-04-16,118,396359
nation,England,E92000001,2021-04-15,127,396241
nation,England,E92000001,2021-04-14,156,396114
nation,England,E92000001,2021-04-13,153,395958
nation,England,E92000001,2021-04-12,173,395805
nation,England,E92000001,2021-04-11,175,395632
nation,England,E92000001,2021-04-10,151,395457
nation,England,E92000001,2021-04-09,167,395306
nation,England,E92000001,2021-04-08,167,395139
nation,England,E92000001,2021-04-07,189,394972
nation,England,E92000001,2021-04-06,183,394783
nation,England,E92000001,2021-04-05,188,394600
nation,England,E92000001,2021-04-04,156,394412
nation,England,E92000001,2021-04-03,179,394256
nation,England,E92000001,2021-04-02,178,394077
nation,England,E92000001,2021-04-01,180,393899
nation,England,E92000001,2021-03-31,225,393719
nation,England,E92000001,2021-03-30,217,393494
nation,England,E92000001,2021-03-29,206,393277
nation,England,E92000001,2021-03-28,221,393071
nation,England,E92000001,2021-03-27,217,392850
nation,England,E92000001,2021-03-26,245,392633
nation,England,E92000001,2021-03-25,288,392388
nation,England,E92000001,2021-03-24,277,392100
nation,England,E92000001,2021-03-23,295,391823
nation,England,E92000001,2021-03-22,294,391528
nation,England,E92000001,2021-03-21,279,391234
nation,England,E92000001,2021-03-20,287,390955
nation,England,E92000001,2021-03-19,283,390668
nation,England,E92000001,2021-03-18,351,390385
nation,England,E92000001,2021-03-17,343,390034
nation,England,E92000001,2021-03-16,364,389691
nation,England,E92000001,2021-03-15,431,389327
nation,England,E92000001,2021-03-14,357,388896
nation,England,E92000001,2021-03-13,385,388539
nation,England,E92000001,2021-03-12,386,388154
nation,England,E92000001,2021-03-11,449,387768
nation,England,E92000001,2021-03-10,494,387319
nation,England,E92000001,2021-03-09,483,386825
nation,England,E92000001,2021-03-08,501,386342
nation,England,E92000001,2021-03-07,461,385841
nation,England,E92000001,2021-03-06,528,385380
nation,England,E92000001,2021-03-05,487,384852
nation,England,E92000001,2021-03-04,596,384365
nation,England,E92000001,2021-03-03,607,383769
nation,England,E92000001,2021-03-02,683,383162
nation,England,E92000001,2021-03-01,704,382479
nation,England,E92000001,2021-02-28,662,381775
nation,England,E92000001,2021-02-27,624,381113
nation,England,E92000001,2021-02-26,718,380489
nation,England,E92000001,2021-02-25,832,379771
nation,England,E92000001,2021-02-24,874,378939
nation,England,E92000001,2021-02-23,976,378065
nation,England,E92000001,2021-02-22,980,377089
nation,England,E92000001,2021-02-21,1009,376109
nation,England,E92000001,2021-02-20,904,375100
nation,England,E92000001,2021-02-19,1068,374196
nation,England,E92000001,2021-02-18,1149,373128
nation,England,E92000001,2021-02-17,1233,371979
nation,England,E92000001,2021-02-16,1311,370746
nation,England,E92000001,2021-02-15,1322,369435
nation,England,E92000001,2021-02-14,1364,368113
nation,England,E92000001,2021-02-13,1240,366749
nation,England,E92000001,2021-02-12,1318,365509
nation,England,E92000001,2021-02-11,1440,364191
nation,England,E92000001,2021-02-10,1535,362751
nation,England,E92000001,2021-02-09,1531,361216
nation,England,E92000001,2021-02-08,1739,359685
nation,England,E92000001,2021-02-07,1675,357946
nation,England,E92000001,2021-02-06,1679,356271
nation,England,E92000001,2021-02-05,1757,354592
nation,England,E92000001,2021-02-04,1907,352835
nation,England,E92000001,2021-02-03,2096,350928
nation,England,E92000001,2021-02-02,2222,348832
nation,England,E92000001,2021-02-01,2347,346610
nation,England,E92000001,2021-01-31,2183,344263
nation,England,E92000001,2021-01-30,2193,342080
nation,England,E92000001,2021-01-29,2379,339887
nation,England,E92000001,2021-01-28,2719,337508
nation,England,E92000001,2021-01-27,2742,334789
nation,England,E92000001,2021-01-26,2799,332047
nation,England,E92000001,2021-01-25,2648,329248
nation,England,E92000001,2021-01-24,2824,326600
nation,England,E92000001,2021-01-23,2780,323776
nation,England,E92000001,2021-01-22,3016,320996
nation,England,E92000001,2021-01-21,3237,317980
nation,England,E92000001,2021-01-20,3679,314743
nation,England,E92000001,2021-01-19,3768,311064
nation,England,E92000001,2021-01-18,3711,307296
nation,England,E92000001,2021-01-17,3424,303585
nation,England,E92000001,2021-01-16,3569,300161
nation,England,E92000001,2021-01-15,3295,296592
nation,England,E92000001,2021-01-14,3678,293297
nation,England,E92000001,2021-01-13,3840,289619
nation,England,E92000001,2021-01-12,4134,285779
nation,England,E92000001,2021-01-11,3894,281645
nation,England,E92000001,2021-01-10,3571,277751
nation,England,E92000001,2021-01-09,3718,274180
nation,England,E92000001,2021-01-08,3549,270462
nation,England,E92000001,2021-01-07,3849,266913
nation,England,E92000001,2021-01-06,3967,263064
nation,England,E92000001,2021-01-05,3697,259097
nation,England,E92000001,2021-01-04,3587,255400
nation,England,E92000001,2021-01-03,3351,251813
nation,England,E92000001,2021-01-02,3145,248462
nation,England,E92000001,2021-01-01,3010,245317
nation,England,E92000001,2020-12-31,2536,242307
nation,England,E92000001,2020-12-30,2861,239771
nation,England,E92000001,2020-12-29,2886,236910
nation,England,E92000001,2020-12-28,2795,234024
nation,England,E92000001,2020-12-27,2572,231229
nation,England,E92000001,2020-12-26,2298,228657
nation,England,E92000001,2020-12-25,1952,226359
nation,England,E92000001,2020-12-24,1795,224407
nation,England,E92000001,2020-12-23,1980,222612
nation,England,E92000001,2020-12-22,2203,220632
nation,England,E92000001,2020-12-21,2115,218429
nation,England,E92000001,2020-12-20,1976,216314
nation,England,E92000001,2020-12-19,1812,214338
nation,England,E92000001,2020-12-18,1672,212526
nation,England,E92000001,2020-12-17,1873,210854
nation,England,E92000001,2020-12-16,1796,208981
nation,England,E92000001,2020-12-15,1730,207185
nation,England,E92000001,2020-12-14,1746,205455
nation,England,E92000001,2020-12-13,1581,203709
nation,England,E92000001,2020-12-12,1587,202128
nation,England,E92000001,2020-12-11,1450,200541
nation,England,E92000001,2020-12-10,1524,199091
nation,England,E92000001,2020-12-09,1550,197567
nation,England,E92000001,2020-12-08,1528,196017
nation,England,E92000001,2020-12-07,1466,194489
nation,England,E92000001,2020-12-06,1311,193023
nation,England,E92000001,2020-12-05,1186,191712
nation,England,E92000001,2020-12-04,1248,190526
nation,England,E92000001,2020-12-03,1337,189278
nation,England,E92000001,2020-12-02,1262,187941
nation,England,E92000001,2020-12-01,1271,186679
nation,England,E92000001,2020-11-30,1216,185408
nation,England,E92000001,2020-11-29,1215,184192
nation,England,E92000001,2020-11-28,1065,182977
nation,England,E92000001,2020-11-27,1055,181912
nation,England,E92000001,2020-11-26,1198,180857
nation,England,E92000001,2020-11-25,1415,179659
nation,England,E92000001,2020-11-24,1277,178244
nation,England,E92000001,2020-11-23,1385,176967
nation,England,E92000001,2020-11-22,1333,175582
nation,England,E92000001,2020-11-21,1255,174249
nation,England,E92000001,2020-11-20,1316,172994
nation,England,E92000001,2020-11-19,1484,171678
nation,England,E92000001,2020-11-18,1571,170194
nation,England,E92000001,2020-11-17,1491,168623
nation,England,E92000001,2020-11-16,1560,167132
nation,England,E92000001,2020-11-15,1467,165572
nation,England,E92000001,2020-11-14,1388,164105
nation,England,E92000001,2020-11-13,1433,162717
nation,England,E92000001,2020-11-12,1666,161284
nation,England,E92000001,2020-11-11,1711,159618
nation,England,E92000001,2020-11-10,1592,157907
nation,England,E92000001,2020-11-09,1551,156315
nation,England,E92000001,2020-11-08,1488,154764
nation,England,E92000001,2020-11-07,1319,153276
nation,England,E92000001,2020-11-06,1182,151957
nation,England,E92000001,2020-11-05,1346,150775
nation,England,E92000001,2020-11-04,1382,149429
nation,England,E92000001,2020-11-03,1246,148047
nation,England,E92000001,2020-11-02,1331,146801
nation,England,E92000001,2020-11-01,1280,145470
nation,England,E92000001,2020-10-31,1240,144190
nation,England,E92000001,2020-10-30,1109,142950
nation,England,E92000001,2020-10-29,1345,141841
nation,England,E92000001,2020-10-28,1239,140496
nation,England,E92000001,2020-10-27,1190,139257
nation,England,E92000001,2020-10-26,1279,138067
nation,England,E92000001,2020-10-25,1186,136788
nation,England,E92000001,2020-10-24,990,135602
nation,England,E92000001,2020-10-23,997,134612
nation,England,E92000001,2020-10-22,987,133615
nation,England,E92000001,2020-10-21,997,132628
nation,England,E92000001,2020-10-20,925,131631
nation,England,E92000001,2020-10-19,861,130706
nation,England,E92000001,2020-10-18,870,129845
nation,England,E92000001,2020-10-17,785,128975
nation,England,E92000001,2020-10-16,632,128190
nation,England,E92000001,2020-10-15,792,127558
nation,England,E92000001,2020-10-14,706,126766
nation,England,E92000001,2020-10-13,764,126060
nation,England,E92000001,2020-10-12,664,125296
nation,England,E92000001,2020-10-11,628,124632
nation,England,E92000001,2020-10-10,515,124004
nation,England,E92000001,2020-10-09,544,123489
nation,England,E92000001,2020-10-08,513,122945
nation,England,E92000001,2020-10-07,491,122432
nation,England,E92000001,2020-10-06,524,121941
nation,England,E92000001,2020-10-05,472,121417
nation,England,E92000001,2020-10-04,478,120945
nation,England,E92000001,2020-10-03,386,120467
nation,England,E92000001,2020-10-02,371,120081
nation,England,E92000001,2020-10-01,368,119710
nation,England,E92000001,2020-09-30,328,119342
nation,England,E92000001,2020-09-29,310,119014
nation,England,E92000001,2020-09-28,308,118704
nation,England,E92000001,2020-09-27,241,118396
nation,England,E92000001,2020-09-26,245,118155
nation,England,E92000001,2020-09-25,274,117910
nation,England,E92000001,2020-09-24,288,117636
nation,England,E92000001,2020-09-23,314,117348
nation,England,E92000001,2020-09-22,268,117034
nation,England,E92000001,2020-09-21,275,116766
nation,England,E92000001,2020-09-20,237,116491
nation,England,E92000001,2020-09-19,204,116254
nation,England,E92000001,2020-09-18,205,116050
nation,England,E92000001,2020-09-17,199,115845
nation,England,E92000001,2020-09-16,183,115646
nation,England,E92000001,2020-09-15,194,115463
nation,England,E92000001,2020-09-14,172,115269
nation,England,E92000001,2020-09-13,153,115097
nation,England,E92000001,2020-09-12,143,114944
nation,England,E92000001,2020-09-11,135,114801
nation,England,E92000001,2020-09-10,143,114666
nation,England,E92000001,2020-09-09,136,114523
nation,England,E92000001,2020-09-08,99,114387
nation,England,E92000001,2020-09-07,84,114288
nation,England,E92000001,2020-09-06,85,114204
nation,England,E92000001,2020-09-05,94,114119
nation,England,E92000001,2020-09-04,67,114025
nation,England,E92000001,2020-09-03,69,113958
nation,England,E92000001,2020-09-02,79,113889
nation,England,E92000001,2020-09-01,58,113810
nation,England,E92000001,2020-08-31,52,113752
nation,England,E92000001,2020-08-30,38,113700
nation,England,E92000001,2020-08-29,52,113662
nation,England,E92000001,2020-08-28,44,113610
nation,England,E92000001,2020-08-27,69,113566
nation,England,E92000001,2020-08-26,52,113497
nation,England,E92000001,2020-08-25,60,113445
nation,England,E92000001,2020-08-24,41,113385
nation,England,E92000001,2020-08-23,44,113344
nation,England,E92000001,2020-08-22,25,113300
nation,England,E92000001,2020-08-21,49,113275
nation,England,E92000001,2020-08-20,45,113226
nation,England,E92000001,2020-08-19,58,113181
nation,England,E92000001,2020-08-18,56,113123
nation,England,E92000001,2020-08-17,46,113067
nation,England,E92000001,2020-08-16,39,113021
nation,England,E92000001,2020-08-15,38,112982
nation,England,E92000001,2020-08-14,55,112944
nation,England,E92000001,2020-08-13,60,112889
nation,England,E92000001,2020-08-12,51,112829
nation,England,E92000001,2020-08-11,63,112778
nation,England,E92000001,2020-08-10,50,112715
nation,England,E92000001,2020-08-09,53,112665
nation,England,E92000001,2020-08-08,78,112612
nation,England,E92000001,2020-08-07,60,112534
nation,England,E92000001,2020-08-06,52,112474
nation,England,E92000001,2020-08-05,60,112422
nation,England,E92000001,2020-08-04,58,112362
nation,England,E92000001,2020-08-03,74,112304
nation,England,E92000001,2020-08-02,57,112230
nation,England,E92000001,2020-08-01,50,112173
nation,England,E92000001,2020-07-31,55,112123
nation,England,E92000001,2020-07-30,75,112068
nation,England,E92000001,2020-07-29,63,111993
nation,England,E92000001,2020-07-28,69,111930
nation,England,E92000001,2020-07-27,82,111861
nation,England,E92000001,2020-07-26,64,111779
nation,England,E92000001,2020-07-25,65,111715
nation,England,E92000001,2020-07-24,93,111650
nation,England,E92000001,2020-07-23,109,111557
nation,England,E92000001,2020-07-22,82,111448
nation,England,E92000001,2020-07-21,79,111366
nation,England,E92000001,2020-07-20,86,111287
nation,England,E92000001,2020-07-19,72,111201
nation,England,E92000001,2020-07-18,48,111129
nation,England,E92000001,2020-07-17,83,111081
nation,England,E92000001,2020-07-16,114,110998
nation,England,E92000001,2020-07-15,116,110884
nation,England,E92000001,2020-07-14,122,110768
nation,England,E92000001,2020-07-13,137,110646
nation,England,E92000001,2020-07-12,72,110509
nation,England,E92000001,2020-07-11,97,110437
nation,England,E92000001,2020-07-10,104,110340
nation,England,E92000001,2020-07-09,136,110236
nation,England,E92000001,2020-07-08,141,110100
nation,England,E92000001,2020-07-07,148,109959
nation,England,E92000001,2020-07-06,150,109811
nation,England,E92000001,2020-07-05,131,109661
nation,England,E92000001,2020-07-04,120,109530
nation,England,E92000001,2020-07-03,146,109410
nation,England,E92000001,2020-07-02,149,109264
nation,England,E92000001,2020-07-01,201,109115
nation,England,E92000001,2020-06-30,189,108914
nation,England,E92000001,2020-06-29,172,108725
nation,England,E92000001,2020-06-28,155,108553
nation,England,E92000001,2020-06-27,209,108398
nation,England,E92000001,2020-06-26,248,108189
nation,England,E92000001,2020-06-25,256,107941
nation,England,E92000001,2020-06-24,262,107685
nation,England,E92000001,2020-06-23,275,107423
nation,England,E92000001,2020-06-22,318,107148
nation,England,E92000001,2020-06-21,215,106830
nation,England,E92000001,2020-06-20,184,106615
nation,England,E92000001,2020-06-19,253,106431
nation,England,E92000001,2020-06-18,312,106178
nation,England,E92000001,2020-06-17,334,105866
nation,England,E92000001,2020-06-16,354,105532
nation,England,E92000001,2020-06-15,365,105178
nation,England,E92000001,2020-06-14,306,104813
nation,England,E92000001,2020-06-13,265,104507
nation,England,E92000001,2020-06-12,298,104242
nation,England,E92000001,2020-06-11,330,103944
nation,England,E92000001,2020-06-10,402,103614
nation,England,E92000001,2020-06-09,397,103212
nation,England,E92000001,2020-06-08,348,102815
nation,England,E92000001,2020-06-07,323,102467
nation,England,E92000001,2020-06-06,306,102144
nation,England,E92000001,2020-06-05,380,101838
nation,England,E92000001,2020-06-04,458,101458
nation,England,E92000001,2020-06-03,491,101000
nation,England,E92000001,2020-06-02,553,100509
nation,England,E92000001,2020-06-01,522,99956
nation,England,E92000001,2020-05-31,446,99434
nation,England,E92000001,2020-05-30,466,98988
nation,England,E92000001,2020-05-29,499,98522
nation,England,E92000001,2020-05-28,570,98023
nation,England,E92000001,2020-05-27,589,97453
nation,England,E92000001,2020-05-26,578,96864
nation,England,E92000001,2020-05-25,498,96286
nation,England,E92000001,2020-05-24,497,95788
nation,England,E92000001,2020-05-23,504,95291
nation,England,E92000001,2020-05-22,638,94787
nation,England,E92000001,2020-05-21,715,94149
nation,England,E92000001,2020-05-20,732,93434
nation,England,E92000001,2020-05-19,752,92702
nation,England,E92000001,2020-05-18,733,91950
nation,England,E92000001,2020-05-17,673,91217
nation,England,E92000001,2020-05-16,671,90544
nation,England,E92000001,2020-05-15,738,89873
nation,England,E92000001,2020-05-14,763,89135
nation,England,E92000001,2020-05-13,804,88372
nation,England,E92000001,2020-05-12,844,87568
nation,England,E92000001,2020-05-11,866,86724
nation,England,E92000001,2020-05-10,756,85858
nation,England,E92000001,2020-05-09,798,85102
nation,England,E92000001,2020-05-08,743,84304
nation,England,E92000001,2020-05-07,998,83561
nation,England,E92000001,2020-05-06,1040,82563
nation,England,E92000001,2020-05-05,959,81523
nation,England,E92000001,2020-05-04,1063,80564
nation,England,E92000001,2020-05-03,1044,79501
nation,England,E92000001,2020-05-02,980,78457
nation,England,E92000001,2020-05-01,1081,77477
nation,England,E92000001,2020-04-30,1227,76396
nation,England,E92000001,2020-04-29,1295,75169
nation,England,E92000001,2020-04-28,1296,73874
nation,England,E92000001,2020-04-27,1344,72578
nation,England,E92000001,2020-04-26,1208,71234
nation,England,E92000001,2020-04-25,1080,70026
nation,England,E92000001,2020-04-24,1277,68946
nation,England,E92000001,2020-04-23,1289,67669
nation,England,E92000001,2020-04-22,1310,66380
nation,England,E92000001,2020-04-21,1495,65070
nation,England,E92000001,2020-04-20,1522,63575
nation,England,E92000001,2020-04-19,1475,62053
nation,England,E92000001,2020-04-18,1411,60578
nation,England,E92000001,2020-04-17,1674,59167
nation,England,E92000001,2020-04-16,1777,57493
nation,England,E92000001,2020-04-15,1608,55716
nation,England,E92000001,2020-04-14,1859,54108
nation,England,E92000001,2020-04-13,1912,52249
nation,England,E92000001,2020-04-12,1791,50337
nation,England,E92000001,2020-04-11,1955,48546
nation,England,E92000001,2020-04-10,2196,46591
nation,England,E92000001,2020-04-09,2340,44395
nation,England,E92000001,2020-04-08,2619,42055
nation,England,E92000001,2020-04-07,2744,39436
nation,England,E92000001,2020-04-06,2679,36692
nation,England,E92000001,2020-04-05,2592,34013
nation,England,E92000001,2020-04-04,2593,31421
nation,England,E92000001,2020-04-03,2564,28828
nation,England,E92000001,2020-04-02,2932,26264
nation,England,E92000001,2020-04-01,3099,23332
nation,England,E92000001,2020-03-31,2447,20233
nation,England,E92000001,2020-03-30,2817,17786
nation,England,E92000001,2020-03-29,2186,14969
nation,England,E92000001,2020-03-28,1873,12783
nation,England,E92000001,2020-03-27,1931,10910
nation,England,E92000001,2020-03-26,1639,8979
nation,England,E92000001,2020-03-25,1755,7340
nation,England,E92000001,2020-03-24,1544,5585
nation,England,E92000001,2020-03-23,1128,4041
nation,England,E92000001,2020-03-22,859,2913
nation,England,E92000001,2020-03-21,777,2054
nation,England,E92000001,2020-03-20,691,1277
nation,England,E92000001,2020-03-19,586,586
nation,Northern Ireland,N92000002,2021-06-17,2,9471
nation,Northern Ireland,N92000002,2021-06-16,1,9469
nation,Northern Ireland,N92000002,2021-06-15,3,9468
nation,Northern Ireland,N92000002,2021-06-14,0,9465
nation,Northern Ireland,N92000002,2021-06-13,1,9465
nation,Northern Ireland,N92000002,2021-06-12,0,9464
nation,Northern Ireland,N92000002,2021-06-11,1,9464
nation,Northern Ireland,N92000002,2021-06-10,1,9463
nation,Northern Ireland,N92000002,2021-06-09,0,9462
nation,Northern Ireland,N92000002,2021-06-08,3,9462
nation,Northern Ireland,N92000002,2021-06-07,4,9459
nation,Northern Ireland,N92000002,2021-06-06,0,9455
nation,Northern Ireland,N92000002,2021-06-05,1,9455
nation,Northern Ireland,N92000002,2021-06-04,1,9454
nation,Northern Ireland,N92000002,2021-06-03,2,9453
nation,Northern Ireland,N92000002,2021-06-02,1,9451
nation,Northern Ireland,N92000002,2021-06-01,3,9450
nation,Northern Ireland,N92000002,2021-05-31,0,9447
nation,Northern Ireland,N92000002,2021-05-30,0,9447
nation,Northern Ireland,N92000002,2021-05-29,1,9447
nation,Northern Ireland,N92000002,2021-05-28,2,9446
nation,Northern Ireland,N92000002,2021-05-27,0,9444
nation,Northern Ireland,N92000002,2021-05-26,1,9444
nation,Northern Ireland,N92000002,2021-05-25,1,9443
nation,Northern Ireland,N92000002,2021-05-24,2,9442
nation,Northern Ireland,N92000002,2021-05-23,1,9440
nation,Northern Ireland,N92000002,2021-05-22,3,9439
nation,Northern Ireland,N92000002,2021-05-21,2,9436
nation,Northern Ireland,N92000002,2021-05-20,0,9434
nation,Northern Ireland,N92000002,2021-05-19,2,9434
nation,Northern Ireland,N92000002,2021-05-18,3,9432
nation,Northern Ireland,N92000002,2021-05-17,5,9429
nation,Northern Ireland,N92000002,2021-05-16,1,9424
nation,Northern Ireland,N92000002,2021-05-15,1,9423
nation,Northern Ireland,N92000002,2021-05-14,3,9422
nation,Northern Ireland,N92000002,2021-05-13,1,9419
nation,Northern Ireland,N92000002,2021-05-12,2,9418
nation,Northern Ireland,N92000002,2021-05-11,3,9416
nation,Northern Ireland,N92000002,2021-05-10,2,9413
nation,Northern Ireland,N92000002,2021-05-09,5,9411
nation,Northern Ireland,N92000002,2021-05-08,4,9406
nation,Northern Ireland,N92000002,2021-05-07,2,9402
nation,Northern Ireland,N92000002,2021-05-06,1,9400
nation,Northern Ireland,N92000002,2021-05-05,4,9399
nation,Northern Ireland,N92000002,2021-05-04,2,9395
nation,Northern Ireland,N92000002,2021-05-03,6,9393
nation,Northern Ireland,N92000002,2021-05-02,0,9387
nation,Northern Ireland,N92000002,2021-05-01,4,9387
nation,Northern Ireland,N92000002,2021-04-30,7,9383
nation,Northern Ireland,N92000002,2021-04-29,3,9376
nation,Northern Ireland,N92000002,2021-04-28,4,9373
nation,Northern Ireland,N92000002,2021-04-27,9,9369
nation,Northern Ireland,N92000002,2021-04-26,3,9360
nation,Northern Ireland,N92000002,2021-04-25,5,9357
nation,Northern Ireland,N92000002,2021-04-24,6,9352
nation,Northern Ireland,N92000002,2021-04-23,9,9346
nation,Northern Ireland,N92000002,2021-04-22,4,9337
nation,Northern Ireland,N92000002,2021-04-21,10,9333
nation,Northern Ireland,N92000002,2021-04-20,4,9323
nation,Northern Ireland,N92000002,2021-04-19,5,9319
nation,Northern Ireland,N92000002,2021-04-18,2,9314
nation,Northern Ireland,N92000002,2021-04-17,3,9312
nation,Northern Ireland,N92000002,2021-04-16,6,9309
nation,Northern Ireland,N92000002,2021-04-15,4,9303
nation,Northern Ireland,N92000002,2021-04-14,5,9299
nation,Northern Ireland,N92000002,2021-04-13,6,9294
nation,Northern Ireland,N92000002,2021-04-12,3,9288
nation,Northern Ireland,N92000002,2021-04-11,2,9285
nation,Northern Ireland,N92000002,2021-04-10,8,9283
nation,Northern Ireland,N92000002,2021-04-09,2,9275
nation,Northern Ireland,N92000002,2021-04-08,4,9273
nation,Northern Ireland,N92000002,2021-04-07,6,9269
nation,Northern Ireland,N92000002,2021-04-06,5,9263
nation,Northern Ireland,N92000002,2021-04-05,2,9258
nation,Northern Ireland,N92000002,2021-04-04,5,9256
nation,Northern Ireland,N92000002,2021-04-03,5,9251
nation,Northern Ireland,N92000002,2021-04-02,9,9246
nation,Northern Ireland,N92000002,2021-04-01,11,9237
nation,Northern Ireland,N92000002,2021-03-31,6,9226
nation,Northern Ireland,N92000002,2021-03-30,3,9220
nation,Northern Ireland,N92000002,2021-03-29,12,9217
nation,Northern Ireland,N92000002,2021-03-28,8,9205
nation,Northern Ireland,N92000002,2021-03-27,6,9197
nation,Northern Ireland,N92000002,2021-03-26,12,9191
nation,Northern Ireland,N92000002,2021-03-25,4,9179
nation,Northern Ireland,N92000002,2021-03-24,10,9175
nation,Northern Ireland,N92000002,2021-03-23,8,9165
nation,Northern Ireland,N92000002,2021-03-22,5,9157
nation,Northern Ireland,N92000002,2021-03-21,7,9152
nation,Northern Ireland,N92000002,2021-03-20,7,9145
nation,Northern Ireland,N92000002,2021-03-19,18,9138
nation,Northern Ireland,N92000002,2021-03-18,9,9120
nation,Northern Ireland,N92000002,2021-03-17,12,9111
nation,Northern Ireland,N92000002,2021-03-16,13,9099
nation,Northern Ireland,N92000002,2021-03-15,9,9086
nation,Northern Ireland,N92000002,2021-03-14,5,9077
nation,Northern Ireland,N92000002,2021-03-13,13,9072
nation,Northern Ireland,N92000002,2021-03-12,17,9059
nation,Northern Ireland,N92000002,2021-03-11,19,9042
nation,Northern Ireland,N92000002,2021-03-10,9,9023
nation,Northern Ireland,N92000002,2021-03-09,11,9014
nation,Northern Ireland,N92000002,2021-03-08,16,9003
nation,Northern Ireland,N92000002,2021-03-07,12,8987
nation,Northern Ireland,N92000002,2021-03-06,13,8975
nation,Northern Ireland,N92000002,2021-03-05,13,8962
nation,Northern Ireland,N92000002,2021-03-04,14,8949
nation,Northern Ireland,N92000002,2021-03-03,15,8935
nation,Northern Ireland,N92000002,2021-03-02,15,8920
nation,Northern Ireland,N92000002,2021-03-01,23,8905
nation,Northern Ireland,N92000002,2021-02-28,8,8882
nation,Northern Ireland,N92000002,2021-02-27,13,8874
nation,Northern Ireland,N92000002,2021-02-26,18,8861
nation,Northern Ireland,N92000002,2021-02-25,19,8843
nation,Northern Ireland,N92000002,2021-02-24,21,8824
nation,Northern Ireland,N92000002,2021-02-23,26,8803
nation,Northern Ireland,N92000002,2021-02-22,22,8777
nation,Northern Ireland,N92000002,2021-02-21,14,8755
nation,Northern Ireland,N92000002,2021-02-20,22,8741
nation,Northern Ireland,N92000002,2021-02-19,25,8719
nation,Northern Ireland,N92000002,2021-02-18,34,8694
nation,Northern Ireland,N92000002,2021-02-17,19,8660
nation,Northern Ireland,N92000002,2021-02-16,23,8641
nation,Northern Ireland,N92000002,2021-02-15,31,8618
nation,Northern Ireland,N92000002,2021-02-14,17,8587
nation,Northern Ireland,N92000002,2021-02-13,18,8570
nation,Northern Ireland,N92000002,2021-02-12,22,8552
nation,Northern Ireland,N92000002,2021-02-11,39,8530
nation,Northern Ireland,N92000002,2021-02-10,25,8491
nation,Northern Ireland,N92000002,2021-02-09,40,8466
nation,Northern Ireland,N92000002,2021-02-08,34,8426
nation,Northern Ireland,N92000002,2021-02-07,24,8392
nation,Northern Ireland,N92000002,2021-02-06,35,8368
nation,Northern Ireland,N92000002,2021-02-05,42,8333
nation,Northern Ireland,N92000002,2021-02-04,31,8291
nation,Northern Ireland,N92000002,2021-02-03,45,8260
nation,Northern Ireland,N92000002,2021-02-02,50,8215
nation,Northern Ireland,N92000002,2021-02-01,52,8165
nation,Northern Ireland,N92000002,2021-01-31,42,8113
nation,Northern Ireland,N92000002,2021-01-30,57,8071
nation,Northern Ireland,N92000002,2021-01-29,59,8014
nation,Northern Ireland,N92000002,2021-01-28,54,7955
nation,Northern Ireland,N92000002,2021-01-27,50,7901
nation,Northern Ireland,N92000002,2021-01-26,72,7851
nation,Northern Ireland,N92000002,2021-01-25,61,7779
nation,Northern Ireland,N92000002,2021-01-24,59,7718
nation,Northern Ireland,N92000002,2021-01-23,55,7659
nation,Northern Ireland,N92000002,2021-01-22,74,7604
nation,Northern Ireland,N92000002,2021-01-21,89,7530
nation,Northern Ireland,N92000002,2021-01-20,78,7441
nation,Northern Ireland,N92000002,2021-01-19,70,7363
nation,Northern Ireland,N92000002,2021-01-18,77,7293
nation,Northern Ireland,N92000002,2021-01-17,73,7216
nation,Northern Ireland,N92000002,2021-01-16,92,7143
nation,Northern Ireland,N92000002,2021-01-15,82,7051
nation,Northern Ireland,N92000002,2021-01-14,99,6969
nation,Northern Ireland,N92000002,2021-01-13,75,6870
nation,Northern Ireland,N92000002,2021-01-12,91,6795
nation,Northern Ireland,N92000002,2021-01-11,90,6704
nation,Northern Ireland,N92000002,2021-01-10,103,6614
nation,Northern Ireland,N92000002,2021-01-09,88,6511
nation,Northern Ireland,N92000002,2021-01-08,110,6423
nation,Northern Ireland,N92000002,2021-01-07,83,6313
nation,Northern Ireland,N92000002,2021-01-06,80,6230
nation,Northern Ireland,N92000002,2021-01-05,80,6150
nation,Northern Ireland,N92000002,2021-01-04,76,6070
nation,Northern Ireland,N92000002,2021-01-03,75,5994
nation,Northern Ireland,N92000002,2021-01-02,58,5919
nation,Northern Ireland,N92000002,2021-01-01,70,5861
nation,Northern Ireland,N92000002,2020-12-31,71,5791
nation,Northern Ireland,N92000002,2020-12-30,77,5720
nation,Northern Ireland,N92000002,2020-12-29,74,5643
nation,Northern Ireland,N92000002,2020-12-28,59,5569
nation,Northern Ireland,N92000002,2020-12-27,60,5510
nation,Northern Ireland,N92000002,2020-12-26,50,5450
nation,Northern Ireland,N92000002,2020-12-25,45,5400
nation,Northern Ireland,N92000002,2020-12-24,46,5355
nation,Northern Ireland,N92000002,2020-12-23,51,5309
nation,Northern Ireland,N92000002,2020-12-22,50,5258
nation,Northern Ireland,N92000002,2020-12-21,57,5208
nation,Northern Ireland,N92000002,2020-12-20,34,5151
nation,Northern Ireland,N92000002,2020-12-19,32,5117
nation,Northern Ireland,N92000002,2020-12-18,42,5085
nation,Northern Ireland,N92000002,2020-12-17,45,5043
nation,Northern Ireland,N92000002,2020-12-16,43,4998
nation,Northern Ireland,N92000002,2020-12-15,56,4955
nation,Northern Ireland,N92000002,2020-12-14,50,4899
nation,Northern Ireland,N92000002,2020-12-13,39,4849
nation,Northern Ireland,N92000002,2020-12-12,41,4810
nation,Northern Ireland,N92000002,2020-12-11,30,4769
nation,Northern Ireland,N92000002,2020-12-10,31,4739
nation,Northern Ireland,N92000002,2020-12-09,34,4708
nation,Northern Ireland,N92000002,2020-12-08,53,4674
nation,Northern Ireland,N92000002,2020-12-07,42,4621
nation,Northern Ireland,N92000002,2020-12-06,32,4579
nation,Northern Ireland,N92000002,2020-12-05,33,4547
nation,Northern Ireland,N92000002,2020-12-04,40,4514
nation,Northern Ireland,N92000002,2020-12-03,40,4474
nation,Northern Ireland,N92000002,2020-12-02,38,4434
nation,Northern Ireland,N92000002,2020-12-01,36,4396
nation,Northern Ireland,N92000002,2020-11-30,40,4360
nation,Northern Ireland,N92000002,2020-11-29,31,4320
nation,Northern Ireland,N92000002,2020-11-28,27,4289
nation,Northern Ireland,N92000002,2020-11-27,47,4262
nation,Northern Ireland,N92000002,2020-11-26,31,4215
nation,Northern Ireland,N92000002,2020-11-25,43,4184
nation,Northern Ireland,N92000002,2020-11-24,39,4141
nation,Northern Ireland,N92000002,2020-11-23,25,4102
nation,Northern Ireland,N92000002,2020-11-22,29,4077
nation,Northern Ireland,N92000002,2020-11-21,35,4048
nation,Northern Ireland,N92000002,2020-11-20,50,4013
nation,Northern Ireland,N92000002,2020-11-19,39,3963
nation,Northern Ireland,N92000002,2020-11-18,39,3924
nation,Northern Ireland,N92000002,2020-11-17,45,3885
nation,Northern Ireland,N92000002,2020-11-16,45,3840
nation,Northern Ireland,N92000002,2020-11-15,44,3795
nation,Northern Ireland,N92000002,2020-11-14,39,3751
nation,Northern Ireland,N92000002,2020-11-13,35,3712
nation,Northern Ireland,N92000002,2020-11-12,38,3677
nation,Northern Ireland,N92000002,2020-11-11,51,3639
nation,Northern Ireland,N92000002,2020-11-10,53,3588
nation,Northern Ireland,N92000002,2020-11-09,50,3535
nation,Northern Ireland,N92000002,2020-11-08,48,3485
nation,Northern Ireland,N92000002,2020-11-07,41,3437
nation,Northern Ireland,N92000002,2020-11-06,55,3396
nation,Northern Ireland,N92000002,2020-11-05,42,3341
nation,Northern Ireland,N92000002,2020-11-04,53,3299
nation,Northern Ireland,N92000002,2020-11-03,59,3246
nation,Northern Ireland,N92000002,2020-11-02,55,3187
nation,Northern Ireland,N92000002,2020-11-01,37,3132
nation,Northern Ireland,N92000002,2020-10-31,37,3095
nation,Northern Ireland,N92000002,2020-10-30,48,3058
nation,Northern Ireland,N92000002,2020-10-29,58,3010
nation,Northern Ireland,N92000002,2020-10-28,41,2952
nation,Northern Ireland,N92000002,2020-10-27,58,2911
nation,Northern Ireland,N92000002,2020-10-26,47,2853
nation,Northern Ireland,N92000002,2020-10-25,47,2806
nation,Northern Ireland,N92000002,2020-10-24,55,2759
nation,Northern Ireland,N92000002,2020-10-23,48,2704
nation,Northern Ireland,N92000002,2020-10-22,54,2656
nation,Northern Ireland,N92000002,2020-10-21,43,2602
nation,Northern Ireland,N92000002,2020-10-20,54,2559
nation,Northern Ireland,N92000002,2020-10-19,47,2505
nation,Northern Ireland,N92000002,2020-10-18,45,2458
nation,Northern Ireland,N92000002,2020-10-17,47,2413
nation,Northern Ireland,N92000002,2020-10-16,48,2366
nation,Northern Ireland,N92000002,2020-10-15,46,2318
nation,Northern Ireland,N92000002,2020-10-14,37,2272
nation,Northern Ireland,N92000002,2020-10-13,44,2235
nation,Northern Ireland,N92000002,2020-10-12,32,2191
nation,Northern Ireland,N92000002,2020-10-11,37,2159
nation,Northern Ireland,N92000002,2020-10-10,31,2122
nation,Northern Ireland,N92000002,2020-10-09,23,2091
nation,Northern Ireland,N92000002,2020-10-08,30,2068
nation,Northern Ireland,N92000002,2020-10-07,30,2038
nation,Northern Ireland,N92000002,2020-10-06,27,2008
nation,Northern Ireland,N92000002,2020-10-05,26,1981
nation,Northern Ireland,N92000002,2020-10-04,17,1955
nation,Northern Ireland,N92000002,2020-10-03,22,1938
nation,Northern Ireland,N92000002,2020-10-02,10,1916
nation,Northern Ireland,N92000002,2020-10-01,18,1906
nation,Northern Ireland,N92000002,2020-09-30,16,1888
nation,Northern Ireland,N92000002,2020-09-29,9,1872
nation,Northern Ireland,N92000002,2020-09-28,21,1863
nation,Northern Ireland,N92000002,2020-09-27,12,1842
nation,Northern Ireland,N92000002,2020-09-26,11,1830
nation,Northern Ireland,N92000002,2020-09-25,6,1819
nation,Northern Ireland,N92000002,2020-09-24,8,1813
nation,Northern Ireland,N92000002,2020-09-23,13,1805
nation,Northern Ireland,N92000002,2020-09-22,8,1792
nation,Northern Ireland,N92000002,2020-09-21,11,1784
nation,Northern Ireland,N92000002,2020-09-20,6,1773
nation,Northern Ireland,N92000002,2020-09-19,4,1767
nation,Northern Ireland,N92000002,2020-09-18,3,1763
nation,Northern Ireland,N92000002,2020-09-17,4,1760
nation,Northern Ireland,N92000002,2020-09-16,3,1756
nation,Northern Ireland,N92000002,2020-09-15,4,1753
nation,Northern Ireland,N92000002,2020-09-14,8,1749
nation,Northern Ireland,N92000002,2020-09-13,6,1741
nation,Northern Ireland,N92000002,2020-09-12,4,1735
nation,Northern Ireland,N92000002,2020-09-11,7,1731
nation,Northern Ireland,N92000002,2020-09-10,7,1724
nation,Northern Ireland,N92000002,2020-09-09,3,1717
nation,Northern Ireland,N92000002,2020-09-08,9,1714
nation,Northern Ireland,N92000002,2020-09-07,1,1705
nation,Northern Ireland,N92000002,2020-09-06,4,1704
nation,Northern Ireland,N92000002,2020-09-05,1,1700
nation,Northern Ireland,N92000002,2020-09-04,2,1699
nation,Northern Ireland,N92000002,2020-09-03,3,1697
nation,Northern Ireland,N92000002,2020-09-02,0,1694
nation,Northern Ireland,N92000002,2020-09-01,4,1694
nation,Northern Ireland,N92000002,2020-08-31,5,1690
nation,Northern Ireland,N92000002,2020-08-30,3,1685
nation,Northern Ireland,N92000002,2020-08-29,2,1682
nation,Northern Ireland,N92000002,2020-08-28,5,1680
nation,Northern Ireland,N92000002,2020-08-27,4,1675
nation,Northern Ireland,N92000002,2020-08-26,0,1671
nation,Northern Ireland,N92000002,2020-08-25,2,1671
nation,Northern Ireland,N92000002,2020-08-24,6,1669
nation,Northern Ireland,N92000002,2020-08-23,3,1663
nation,Northern Ireland,N92000002,2020-08-22,3,1660
nation,Northern Ireland,N92000002,2020-08-21,2,1657
nation,Northern Ireland,N92000002,2020-08-20,6,1655
nation,Northern Ireland,N92000002,2020-08-19,6,1649
nation,Northern Ireland,N92000002,2020-08-18,6,1643
nation,Northern Ireland,N92000002,2020-08-17,6,1637
nation,Northern Ireland,N92000002,2020-08-16,2,1631
nation,Northern Ireland,N92000002,2020-08-15,2,1629
nation,Northern Ireland,N92000002,2020-08-14,2,1627
nation,Northern Ireland,N92000002,2020-08-13,4,1625
nation,Northern Ireland,N92000002,2020-08-12,3,1621
nation,Northern Ireland,N92000002,2020-08-11,2,1618
nation,Northern Ireland,N92000002,2020-08-10,0,1616
nation,Northern Ireland,N92000002,2020-08-09,2,1616
nation,Northern Ireland,N92000002,2020-08-08,5,1614
nation,Northern Ireland,N92000002,2020-08-07,0,1609
nation,Northern Ireland,N92000002,2020-08-06,3,1609
nation,Northern Ireland,N92000002,2020-08-05,1,1606
nation,Northern Ireland,N92000002,2020-08-04,1,1605
nation,Northern Ireland,N92000002,2020-08-03,3,1604
nation,Northern Ireland,N92000002,2020-08-02,1,1601
nation,Northern Ireland,N92000002,2020-08-01,3,1600
nation,Northern Ireland,N92000002,2020-07-31,2,1597
nation,Northern Ireland,N92000002,2020-07-30,1,1595
nation,Northern Ireland,N92000002,2020-07-29,2,1594
nation,Northern Ireland,N92000002,2020-07-28,1,1592
nation,Northern Ireland,N92000002,2020-07-27,2,1591
nation,Northern Ireland,N92000002,2020-07-26,0,1589
nation,Northern Ireland,N92000002,2020-07-25,2,1589
nation,Northern Ireland,N92000002,2020-07-24,3,1587
nation,Northern Ireland,N92000002,2020-07-23,0,1584
nation,Northern Ireland,N92000002,2020-07-22,2,1584
nation,Northern Ireland,N92000002,2020-07-21,0,1582
nation,Northern Ireland,N92000002,2020-07-20,1,1582
nation,Northern Ireland,N92000002,2020-07-19,1,1581
nation,Northern Ireland,N92000002,2020-07-18,2,1580
nation,Northern Ireland,N92000002,2020-07-17,0,1578
nation,Northern Ireland,N92000002,2020-07-16,2,1578
nation,Northern Ireland,N92000002,2020-07-15,1,1576
nation,Northern Ireland,N92000002,2020-07-14,0,1575
nation,Northern Ireland,N92000002,2020-07-13,1,1575
nation,Northern Ireland,N92000002,2020-07-12,0,1574
nation,Northern Ireland,N92000002,2020-07-11,1,1574
nation,Northern Ireland,N92000002,2020-07-10,0,1573
nation,Northern Ireland,N92000002,2020-07-09,2,1573
nation,Northern Ireland,N92000002,2020-07-08,3,1571
nation,Northern Ireland,N92000002,2020-07-07,1,1568
nation,Northern Ireland,N92000002,2020-07-06,1,1567
nation,Northern Ireland,N92000002,2020-07-05,0,1566
nation,Northern Ireland,N92000002,2020-07-04,3,1566
nation,Northern Ireland,N92000002,2020-07-03,1,1563
nation,Northern Ireland,N92000002,2020-07-02,2,1562
nation,Northern Ireland,N92000002,2020-07-01,0,1560
nation,Northern Ireland,N92000002,2020-06-30,2,1560
nation,Northern Ireland,N92000002,2020-06-29,0,1558
nation,Northern Ireland,N92000002,2020-06-28,3,1558
nation,Northern Ireland,N92000002,2020-06-27,0,1555
nation,Northern Ireland,N92000002,2020-06-26,2,1555
nation,Northern Ireland,N92000002,2020-06-25,2,1553
nation,Northern Ireland,N92000002,2020-06-24,1,1551
nation,Northern Ireland,N92000002,2020-06-23,3,1550
nation,Northern Ireland,N92000002,2020-06-22,2,1547
nation,Northern Ireland,N92000002,2020-06-21,4,1545
nation,Northern Ireland,N92000002,2020-06-20,3,1541
nation,Northern Ireland,N92000002,2020-06-19,1,1538
nation,Northern Ireland,N92000002,2020-06-18,0,1537
nation,Northern Ireland,N92000002,2020-06-17,1,1537
nation,Northern Ireland,N92000002,2020-06-16,1,1536
nation,Northern Ireland,N92000002,2020-06-15,0,1535
nation,Northern Ireland,N92000002,2020-06-14,0,1535
nation,Northern Ireland,N92000002,2020-06-13,2,1535
nation,Northern Ireland,N92000002,2020-06-12,2,1533
nation,Northern Ireland,N92000002,2020-06-11,5,1531
nation,Northern Ireland,N92000002,2020-06-10,5,1526
nation,Northern Ireland,N92000002,2020-06-09,6,1521
nation,Northern Ireland,N92000002,2020-06-08,2,1515
nation,Northern Ireland,N92000002,2020-06-07,1,1513
nation,Northern Ireland,N92000002,2020-06-06,3,1512
nation,Northern Ireland,N92000002,2020-06-05,3,1509
nation,Northern Ireland,N92000002,2020-06-04,3,1506
nation,Northern Ireland,N92000002,2020-06-03,3,1503
nation,Northern Ireland,N92000002,2020-06-02,4,1500
nation,Northern Ireland,N92000002,2020-06-01,3,1496
nation,Northern Ireland,N92000002,2020-05-31,4,1493
nation,Northern Ireland,N92000002,2020-05-30,5,1489
nation,Northern Ireland,N92000002,2020-05-29,6,1484
nation,Northern Ireland,N92000002,2020-05-28,6,1478
nation,Northern Ireland,N92000002,2020-05-27,6,1472
nation,Northern Ireland,N92000002,2020-05-26,10,1466
nation,Northern Ireland,N92000002,2020-05-25,9,1456
nation,Northern Ireland,N92000002,2020-05-24,4,1447
nation,Northern Ireland,N92000002,2020-05-23,4,1443
nation,Northern Ireland,N92000002,2020-05-22,5,1439
nation,Northern Ireland,N92000002,2020-05-21,8,1434
nation,Northern Ireland,N92000002,2020-05-20,5,1426
nation,Northern Ireland,N92000002,2020-05-19,10,1421
nation,Northern Ireland,N92000002,2020-05-18,11,1411
nation,Northern Ireland,N92000002,2020-05-17,12,1400
nation,Northern Ireland,N92000002,2020-05-16,7,1388
nation,Northern Ireland,N92000002,2020-05-15,11,1381
nation,Northern Ireland,N92000002,2020-05-14,13,1370
nation,Northern Ireland,N92000002,2020-05-13,16,1357
nation,Northern Ireland,N92000002,2020-05-12,10,1341
nation,Northern Ireland,N92000002,2020-05-11,22,1331
nation,Northern Ireland,N92000002,2020-05-10,18,1309
nation,Northern Ireland,N92000002,2020-05-09,19,1291
nation,Northern Ireland,N92000002,2020-05-08,7,1272
nation,Northern Ireland,N92000002,2020-05-07,12,1265
nation,Northern Ireland,N92000002,2020-05-06,17,1253
nation,Northern Ireland,N92000002,2020-05-05,11,1236
nation,Northern Ireland,N92000002,2020-05-04,13,1225
nation,Northern Ireland,N92000002,2020-05-03,10,1212
nation,Northern Ireland,N92000002,2020-05-02,12,1202
nation,Northern Ireland,N92000002,2020-05-01,19,1190
nation,Northern Ireland,N92000002,2020-04-30,27,1171
nation,Northern Ireland,N92000002,2020-04-29,17,1144
nation,Northern Ireland,N92000002,2020-04-28,11,1127
nation,Northern Ireland,N92000002,2020-04-27,23,1116
nation,Northern Ireland,N92000002,2020-04-26,11,1093
nation,Northern Ireland,N92000002,2020-04-25,19,1082
nation,Northern Ireland,N92000002,2020-04-24,22,1063
nation,Northern Ireland,N92000002,2020-04-23,23,1041
nation,Northern Ireland,N92000002,2020-04-22,27,1018
nation,Northern Ireland,N92000002,2020-04-21,31,991
nation,Northern Ireland,N92000002,2020-04-20,33,960
nation,Northern Ireland,N92000002,2020-04-19,22,927
nation,Northern Ireland,N92000002,2020-04-18,15,905
nation,Northern Ireland,N92000002,2020-04-17,32,890
nation,Northern Ireland,N92000002,2020-04-16,33,858
nation,Northern Ireland,N92000002,2020-04-15,23,825
nation,Northern Ireland,N92000002,2020-04-14,22,802
nation,Northern Ireland,N92000002,2020-04-13,17,780
nation,Northern Ireland,N92000002,2020-04-12,22,763
nation,Northern Ireland,N92000002,2020-04-11,22,741
nation,Northern Ireland,N92000002,2020-04-10,20,719
nation,Northern Ireland,N92000002,2020-04-09,33,699
nation,Northern Ireland,N92000002,2020-04-08,32,666
nation,Northern Ireland,N92000002,2020-04-07,39,634
nation,Northern Ireland,N92000002,2020-04-06,42,595
nation,Northern Ireland,N92000002,2020-04-05,29,553
nation,Northern Ireland,N92000002,2020-04-04,41,524
nation,Northern Ireland,N92000002,2020-04-03,44,483
nation,Northern Ireland,N92000002,2020-04-02,44,439
nation,Northern Ireland,N92000002,2020-04-01,45,395
nation,Northern Ireland,N92000002,2020-03-31,43,350
nation,Northern Ireland,N92000002,2020-03-30,35,307
nation,Northern Ireland,N92000002,2020-03-29,34,272
nation,Northern Ireland,N92000002,2020-03-28,37,238
nation,Northern Ireland,N92000002,2020-03-27,30,201
nation,Northern Ireland,N92000002,2020-03-26,28,171
nation,Northern Ireland,N92000002,2020-03-25,29,143
nation,Northern Ireland,N92000002,2020-03-24,15,114
nation,Northern Ireland,N92000002,2020-03-23,18,99
nation,Northern Ireland,N92000002,2020-03-22,10,81
nation,Northern Ireland,N92000002,2020-03-21,15,71
nation,Northern Ireland,N92000002,2020-03-20,12,56
nation,Northern Ireland,N92000002,2020-03-19,5,44
nation,Northern Ireland,N92000002,2020-03-18,8,39
nation,Northern Ireland,N92000002,2020-03-17,5,31
nation,Northern Ireland,N92000002,2020-03-16,4,26
nation,Northern Ireland,N92000002,2020-03-15,1,22
nation,Northern Ireland,N92000002,2020-03-14,2,21
nation,Northern Ireland,N92000002,2020-03-13,2,19
nation,Northern Ireland,N92000002,2020-03-12,3,17
nation,Northern Ireland,N92000002,2020-03-11,4,14
nation,Northern Ireland,N92000002,2020-03-10,4,10
nation,Northern Ireland,N92000002,2020-03-09,1,6
nation,Northern Ireland,N92000002,2020-03-08,0,5
nation,Northern Ireland,N92000002,2020-03-07,0,5
nation,Northern Ireland,N92000002,2020-03-06,3,5
nation,Northern Ireland,N92000002,2020-03-05,1,2
nation,Northern Ireland,N92000002,2020-03-04,0,1
nation,Northern Ireland,N92000002,2020-03-03,0,1
nation,Northern Ireland,N92000002,2020-03-02,1,1
nation,Scotland,S92000003,2021-06-15,27,25370
nation,Scotland,S92000003,2021-06-14,34,25343
nation,Scotland,S92000003,2021-06-13,24,25309
nation,Scotland,S92000003,2021-06-12,33,25285
nation,Scotland,S92000003,2021-06-11,24,25252
nation,Scotland,S92000003,2021-06-10,33,25228
nation,Scotland,S92000003,2021-06-09,23,25195
nation,Scotland,S92000003,2021-06-08,21,25172
nation,Scotland,S92000003,2021-06-07,27,25151
nation,Scotland,S92000003,2021-06-06,27,25124
nation,Scotland,S92000003,2021-06-05,18,25097
nation,Scotland,S92000003,2021-06-04,21,25079
nation,Scotland,S92000003,2021-06-03,26,25058
nation,Scotland,S92000003,2021-06-02,19,25032
nation,Scotland,S92000003,2021-06-01,29,25013
nation,Scotland,S92000003,2021-05-31,19,24984
nation,Scotland,S92000003,2021-05-30,19,24965
nation,Scotland,S92000003,2021-05-29,25,24946
nation,Scotland,S92000003,2021-05-28,25,24921
nation,Scotland,S92000003,2021-05-27,14,24896
nation,Scotland,S92000003,2021-05-26,10,24882
nation,Scotland,S92000003,2021-05-25,19,24872
nation,Scotland,S92000003,2021-05-24,16,24853
nation,Scotland,S92000003,2021-05-23,14,24837
nation,Scotland,S92000003,2021-05-22,21,24823
nation,Scotland,S92000003,2021-05-21,20,24802
nation,Scotland,S92000003,2021-05-20,17,24782
nation,Scotland,S92000003,2021-05-19,17,24765
nation,Scotland,S92000003,2021-05-18,18,24748
nation,Scotland,S92000003,2021-05-17,10,24730
nation,Scotland,S92000003,2021-05-16,9,24720
nation,Scotland,S92000003,2021-05-15,5,24711
nation,Scotland,S92000003,2021-05-14,9,24706
nation,Scotland,S92000003,2021-05-13,11,24697
nation,Scotland,S92000003,2021-05-12,10,24686
nation,Scotland,S92000003,2021-05-11,10,24676
nation,Scotland,S92000003,2021-05-10,6,24666
nation,Scotland,S92000003,2021-05-09,10,24660
nation,Scotland,S92000003,2021-05-08,10,24650
nation,Scotland,S92000003,2021-05-07,10,24640
nation,Scotland,S92000003,2021-05-06,16,24630
nation,Scotland,S92000003,2021-05-05,5,24614
nation,Scotland,S92000003,2021-05-04,9,24609
nation,Scotland,S92000003,2021-05-03,6,24600
nation,Scotland,S92000003,2021-05-02,6,24594
nation,Scotland,S92000003,2021-05-01,8,24588
nation,Scotland,S92000003,2021-04-30,9,24580
nation,Scotland,S92000003,2021-04-29,8,24571
nation,Scotland,S92000003,2021-04-28,4,24563
nation,Scotland,S92000003,2021-04-27,10,24559
nation,Scotland,S92000003,2021-04-26,11,24549
nation,Scotland,S92000003,2021-04-25,9,24538
nation,Scotland,S92000003,2021-04-24,8,24529
nation,Scotland,S92000003,2021-04-23,12,24521
nation,Scotland,S92000003,2021-04-22,10,24509
nation,Scotland,S92000003,2021-04-21,12,24499
nation,Scotland,S92000003,2021-04-20,10,24487
nation,Scotland,S92000003,2021-04-19,14,24477
nation,Scotland,S92000003,2021-04-18,12,24463
nation,Scotland,S92000003,2021-04-17,10,24451
nation,Scotland,S92000003,2021-04-16,12,24441
nation,Scotland,S92000003,2021-04-15,14,24429
nation,Scotland,S92000003,2021-04-14,15,24415
nation,Scotland,S92000003,2021-04-13,11,24400
nation,Scotland,S92000003,2021-04-12,12,24389
nation,Scotland,S92000003,2021-04-11,11,24377
nation,Scotland,S92000003,2021-04-10,11,24366
nation,Scotland,S92000003,2021-04-09,19,24355
nation,Scotland,S92000003,2021-04-08,19,24336
nation,Scotland,S92000003,2021-04-07,22,24317
nation,Scotland,S92000003,2021-04-06,18,24295
nation,Scotland,S92000003,2021-04-05,27,24277
nation,Scotland,S92000003,2021-04-04,14,24250
nation,Scotland,S92000003,2021-04-03,16,24236
nation,Scotland,S92000003,2021-04-02,25,24220
nation,Scotland,S92000003,2021-04-01,22,24195
nation,Scotland,S92000003,2021-03-31,21,24173
nation,Scotland,S92000003,2021-03-30,19,24152
nation,Scotland,S92000003,2021-03-29,21,24133
nation,Scotland,S92000003,2021-03-28,24,24112
nation,Scotland,S92000003,2021-03-27,19,24088
nation,Scotland,S92000003,2021-03-26,23,24069
nation,Scotland,S92000003,2021-03-25,27,24046
nation,Scotland,S92000003,2021-03-24,26,24019
nation,Scotland,S92000003,2021-03-23,26,23993
nation,Scotland,S92000003,2021-03-22,31,23967
nation,Scotland,S92000003,2021-03-21,28,23936
nation,Scotland,S92000003,2021-03-20,19,23908
nation,Scotland,S92000003,2021-03-19,23,23889
nation,Scotland,S92000003,2021-03-18,30,23866
nation,Scotland,S92000003,2021-03-17,36,23836
nation,Scotland,S92000003,2021-03-16,24,23800
nation,Scotland,S92000003,2021-03-15,37,23776
nation,Scotland,S92000003,2021-03-14,23,23739
nation,Scotland,S92000003,2021-03-13,27,23716
nation,Scotland,S92000003,2021-03-12,38,23689
nation,Scotland,S92000003,2021-03-11,34,23651
nation,Scotland,S92000003,2021-03-10,34,23617
nation,Scotland,S92000003,2021-03-09,45,23583
nation,Scotland,S92000003,2021-03-08,33,23538
nation,Scotland,S92000003,2021-03-07,24,23505
nation,Scotland,S92000003,2021-03-06,35,23481
nation,Scotland,S92000003,2021-03-05,38,23446
nation,Scotland,S92000003,2021-03-04,43,23408
nation,Scotland,S92000003,2021-03-03,40,23365
nation,Scotland,S92000003,2021-03-02,63,23325
nation,Scotland,S92000003,2021-03-01,64,23262
nation,Scotland,S92000003,2021-02-28,52,23198
nation,Scotland,S92000003,2021-02-27,49,23146
nation,Scotland,S92000003,2021-02-26,61,23097
nation,Scotland,S92000003,2021-02-25,48,23036
nation,Scotland,S92000003,2021-02-24,55,22988
nation,Scotland,S92000003,2021-02-23,64,22933
nation,Scotland,S92000003,2021-02-22,71,22869
nation,Scotland,S92000003,2021-02-21,67,22798
nation,Scotland,S92000003,2021-02-20,78,22731
nation,Scotland,S92000003,2021-02-19,88,22653
nation,Scotland,S92000003,2021-02-18,75,22565
nation,Scotland,S92000003,2021-02-17,70,22490
nation,Scotland,S92000003,2021-02-16,95,22420
nation,Scotland,S92000003,2021-02-15,85,22325
nation,Scotland,S92000003,2021-02-14,62,22240
nation,Scotland,S92000003,2021-02-13,69,22178
nation,Scotland,S92000003,2021-02-12,91,22109
nation,Scotland,S92000003,2021-02-11,93,22018
nation,Scotland,S92000003,2021-02-10,80,21925
nation,Scotland,S92000003,2021-02-09,95,21845
nation,Scotland,S92000003,2021-02-08,82,21750
nation,Scotland,S92000003,2021-02-07,92,21668
nation,Scotland,S92000003,2021-02-06,89,21576
nation,Scotland,S92000003,2021-02-05,113,21487
nation,Scotland,S92000003,2021-02-04,111,21374
nation,Scotland,S92000003,2021-02-03,109,21263
nation,Scotland,S92000003,2021-02-02,108,21154
nation,Scotland,S92000003,2021-02-01,120,21046
nation,Scotland,S92000003,2021-01-31,101,20926
nation,Scotland,S92000003,2021-01-30,119,20825
nation,Scotland,S92000003,2021-01-29,150,20706
nation,Scotland,S92000003,2021-01-28,136,20556
nation,Scotland,S92000003,2021-01-27,153,20420
nation,Scotland,S92000003,2021-01-26,156,20267
nation,Scotland,S92000003,2021-01-25,146,20111
nation,Scotland,S92000003,2021-01-24,116,19965
nation,Scotland,S92000003,2021-01-23,142,19849
nation,Scotland,S92000003,2021-01-22,168,19707
nation,Scotland,S92000003,2021-01-21,191,19539
nation,Scotland,S92000003,2021-01-20,176,19348
nation,Scotland,S92000003,2021-01-19,196,19172
nation,Scotland,S92000003,2021-01-18,172,18976
nation,Scotland,S92000003,2021-01-17,158,18804
nation,Scotland,S92000003,2021-01-16,167,18646
nation,Scotland,S92000003,2021-01-15,176,18479
nation,Scotland,S92000003,2021-01-14,201,18303
nation,Scotland,S92000003,2021-01-13,178,18102
nation,Scotland,S92000003,2021-01-12,207,17924
nation,Scotland,S92000003,2021-01-11,241,17717
nation,Scotland,S92000003,2021-01-10,164,17476
nation,Scotland,S92000003,2021-01-09,180,17312
nation,Scotland,S92000003,2021-01-08,197,17132
nation,Scotland,S92000003,2021-01-07,201,16935
nation,Scotland,S92000003,2021-01-06,201,16734
nation,Scotland,S92000003,2021-01-05,192,16533
nation,Scotland,S92000003,2021-01-04,187,16341
nation,Scotland,S92000003,2021-01-03,136,16154
nation,Scotland,S92000003,2021-01-02,151,16018
nation,Scotland,S92000003,2021-01-01,134,15867
nation,Scotland,S92000003,2020-12-31,167,15733
nation,Scotland,S92000003,2020-12-30,186,15566
nation,Scotland,S92000003,2020-12-29,153,15380
nation,Scotland,S92000003,2020-12-28,153,15227
nation,Scotland,S92000003,2020-12-27,142,15074
nation,Scotland,S92000003,2020-12-26,109,14932
nation,Scotland,S92000003,2020-12-25,79,14823
nation,Scotland,S92000003,2020-12-24,95,14744
nation,Scotland,S92000003,2020-12-23,99,14649
nation,Scotland,S92000003,2020-12-22,102,14550
nation,Scotland,S92000003,2020-12-21,104,14448
nation,Scotland,S92000003,2020-12-20,68,14344
nation,Scotland,S92000003,2020-12-19,93,14276
nation,Scotland,S92000003,2020-12-18,84,14183
nation,Scotland,S92000003,2020-12-17,98,14099
nation,Scotland,S92000003,2020-12-16,109,14001
nation,Scotland,S92000003,2020-12-15,83,13892
nation,Scotland,S92000003,2020-12-14,92,13809
nation,Scotland,S92000003,2020-12-13,69,13717
nation,Scotland,S92000003,2020-12-12,69,13648
nation,Scotland,S92000003,2020-12-11,89,13579
nation,Scotland,S92000003,2020-12-10,90,13490
nation,Scotland,S92000003,2020-12-09,93,13400
nation,Scotland,S92000003,2020-12-08,104,13307
nation,Scotland,S92000003,2020-12-07,89,13203
nation,Scotland,S92000003,2020-12-06,65,13114
nation,Scotland,S92000003,2020-12-05,78,13049
nation,Scotland,S92000003,2020-12-04,87,12971
nation,Scotland,S92000003,2020-12-03,75,12884
nation,Scotland,S92000003,2020-12-02,102,12809
nation,Scotland,S92000003,2020-12-01,81,12707
nation,Scotland,S92000003,2020-11-30,86,12626
nation,Scotland,S92000003,2020-11-29,65,12540
nation,Scotland,S92000003,2020-11-28,62,12475
nation,Scotland,S92000003,2020-11-27,92,12413
nation,Scotland,S92000003,2020-11-26,102,12321
nation,Scotland,S92000003,2020-11-25,85,12219
nation,Scotland,S92000003,2020-11-24,101,12134
nation,Scotland,S92000003,2020-11-23,106,12033
nation,Scotland,S92000003,2020-11-22,64,11927
nation,Scotland,S92000003,2020-11-21,86,11863
nation,Scotland,S92000003,2020-11-20,104,11777
nation,Scotland,S92000003,2020-11-19,95,11673
nation,Scotland,S92000003,2020-11-18,92,11578
nation,Scotland,S92000003,2020-11-17,108,11486
nation,Scotland,S92000003,2020-11-16,92,11378
nation,Scotland,S92000003,2020-11-15,89,11286
nation,Scotland,S92000003,2020-11-14,96,11197
nation,Scotland,S92000003,2020-11-13,106,11101
nation,Scotland,S92000003,2020-11-12,112,10995
nation,Scotland,S92000003,2020-11-11,114,10883
nation,Scotland,S92000003,2020-11-10,99,10769
nation,Scotland,S92000003,2020-11-09,97,10670
nation,Scotland,S92000003,2020-11-08,76,10573
nation,Scotland,S92000003,2020-11-07,83,10497
nation,Scotland,S92000003,2020-11-06,95,10414
nation,Scotland,S92000003,2020-11-05,97,10319
nation,Scotland,S92000003,2020-11-04,113,10222
nation,Scotland,S92000003,2020-11-03,106,10109
nation,Scotland,S92000003,2020-11-02,105,10003
nation,Scotland,S92000003,2020-11-01,94,9898
nation,Scotland,S92000003,2020-10-31,99,9804
nation,Scotland,S92000003,2020-10-30,119,9705
nation,Scotland,S92000003,2020-10-29,95,9586
nation,Scotland,S92000003,2020-10-28,122,9491
nation,Scotland,S92000003,2020-10-27,128,9369
nation,Scotland,S92000003,2020-10-26,130,9241
nation,Scotland,S92000003,2020-10-25,109,9111
nation,Scotland,S92000003,2020-10-24,114,9002
nation,Scotland,S92000003,2020-10-23,122,8888
nation,Scotland,S92000003,2020-10-22,127,8766
nation,Scotland,S92000003,2020-10-21,127,8639
nation,Scotland,S92000003,2020-10-20,131,8512
nation,Scotland,S92000003,2020-10-19,127,8381
nation,Scotland,S92000003,2020-10-18,83,8254
nation,Scotland,S92000003,2020-10-17,82,8171
nation,Scotland,S92000003,2020-10-16,126,8089
nation,Scotland,S92000003,2020-10-15,104,7963
nation,Scotland,S92000003,2020-10-14,114,7859
nation,Scotland,S92000003,2020-10-13,116,7745
nation,Scotland,S92000003,2020-10-12,102,7629
nation,Scotland,S92000003,2020-10-11,79,7527
nation,Scotland,S92000003,2020-10-10,71,7448
nation,Scotland,S92000003,2020-10-09,76,7377
nation,Scotland,S92000003,2020-10-08,92,7301
nation,Scotland,S92000003,2020-10-07,78,7209
nation,Scotland,S92000003,2020-10-06,91,7131
nation,Scotland,S92000003,2020-10-05,67,7040
nation,Scotland,S92000003,2020-10-04,41,6973
nation,Scotland,S92000003,2020-10-03,44,6932
nation,Scotland,S92000003,2020-10-02,53,6888
nation,Scotland,S92000003,2020-10-01,60,6835
nation,Scotland,S92000003,2020-09-30,47,6775
nation,Scotland,S92000003,2020-09-29,31,6728
nation,Scotland,S92000003,2020-09-28,43,6697
nation,Scotland,S92000003,2020-09-27,31,6654
nation,Scotland,S92000003,2020-09-26,34,6623
nation,Scotland,S92000003,2020-09-25,36,6589
nation,Scotland,S92000003,2020-09-24,32,6553
nation,Scotland,S92000003,2020-09-23,25,6521
nation,Scotland,S92000003,2020-09-22,31,6496
nation,Scotland,S92000003,2020-09-21,24,6465
nation,Scotland,S92000003,2020-09-20,18,6441
nation,Scotland,S92000003,2020-09-19,18,6423
nation,Scotland,S92000003,2020-09-18,13,6405
nation,Scotland,S92000003,2020-09-17,18,6392
nation,Scotland,S92000003,2020-09-16,33,6374
nation,Scotland,S92000003,2020-09-15,19,6341
nation,Scotland,S92000003,2020-09-14,16,6322
nation,Scotland,S92000003,2020-09-13,12,6306
nation,Scotland,S92000003,2020-09-12,14,6294
nation,Scotland,S92000003,2020-09-11,19,6280
nation,Scotland,S92000003,2020-09-10,19,6261
nation,Scotland,S92000003,2020-09-09,7,6242
nation,Scotland,S92000003,2020-09-08,11,6235
nation,Scotland,S92000003,2020-09-07,11,6224
nation,Scotland,S92000003,2020-09-06,7,6213
nation,Scotland,S92000003,2020-09-05,8,6206
nation,Scotland,S92000003,2020-09-04,15,6198
nation,Scotland,S92000003,2020-09-03,3,6183
nation,Scotland,S92000003,2020-09-02,8,6180
nation,Scotland,S92000003,2020-09-01,3,6172
nation,Scotland,S92000003,2020-08-31,5,6169
nation,Scotland,S92000003,2020-08-30,3,6164
nation,Scotland,S92000003,2020-08-29,4,6161
nation,Scotland,S92000003,2020-08-28,5,6157
nation,Scotland,S92000003,2020-08-27,9,6152
nation,Scotland,S92000003,2020-08-26,11,6143
nation,Scotland,S92000003,2020-08-25,10,6132
nation,Scotland,S92000003,2020-08-24,8,6122
nation,Scotland,S92000003,2020-08-23,1,6114
nation,Scotland,S92000003,2020-08-22,5,6113
nation,Scotland,S92000003,2020-08-21,4,6108
nation,Scotland,S92000003,2020-08-20,8,6104
nation,Scotland,S92000003,2020-08-19,6,6096
nation,Scotland,S92000003,2020-08-18,5,6090
nation,Scotland,S92000003,2020-08-17,6,6085
nation,Scotland,S92000003,2020-08-16,2,6079
nation,Scotland,S92000003,2020-08-15,7,6077
nation,Scotland,S92000003,2020-08-14,6,6070
nation,Scotland,S92000003,2020-08-13,3,6064
nation,Scotland,S92000003,2020-08-12,2,6061
nation,Scotland,S92000003,2020-08-11,2,6059
nation,Scotland,S92000003,2020-08-10,5,6057
nation,Scotland,S92000003,2020-08-09,0,6052
nation,Scotland,S92000003,2020-08-08,3,6052
nation,Scotland,S92000003,2020-08-07,3,6049
nation,Scotland,S92000003,2020-08-06,1,6046
nation,Scotland,S92000003,2020-08-05,5,6045
nation,Scotland,S92000003,2020-08-04,4,6040
nation,Scotland,S92000003,2020-08-03,4,6036
nation,Scotland,S92000003,2020-08-02,0,6032
nation,Scotland,S92000003,2020-08-01,2,6032
nation,Scotland,S92000003,2020-07-31,3,6030
nation,Scotland,S92000003,2020-07-30,3,6027
nation,Scotland,S92000003,2020-07-29,3,6024
nation,Scotland,S92000003,2020-07-28,0,6021
nation,Scotland,S92000003,2020-07-27,3,6021
nation,Scotland,S92000003,2020-07-26,0,6018
nation,Scotland,S92000003,2020-07-25,4,6018
nation,Scotland,S92000003,2020-07-24,1,6014
nation,Scotland,S92000003,2020-07-23,3,6013
nation,Scotland,S92000003,2020-07-22,2,6010
nation,Scotland,S92000003,2020-07-21,1,6008
nation,Scotland,S92000003,2020-07-20,0,6007
nation,Scotland,S92000003,2020-07-19,2,6007
nation,Scotland,S92000003,2020-07-18,1,6005
nation,Scotland,S92000003,2020-07-17,2,6004
nation,Scotland,S92000003,2020-07-16,2,6002
nation,Scotland,S92000003,2020-07-15,1,6000
nation,Scotland,S92000003,2020-07-14,0,5999
nation,Scotland,S92000003,2020-07-13,1,5999
nation,Scotland,S92000003,2020-07-12,1,5998
nation,Scotland,S92000003,2020-07-11,3,5997
nation,Scotland,S92000003,2020-07-10,4,5994
nation,Scotland,S92000003,2020-07-09,0,5990
nation,Scotland,S92000003,2020-07-08,1,5990
nation,Scotland,S92000003,2020-07-07,2,5989
nation,Scotland,S92000003,2020-07-06,3,5987
nation,Scotland,S92000003,2020-07-05,2,5984
nation,Scotland,S92000003,2020-07-04,1,5982
nation,Scotland,S92000003,2020-07-03,2,5981
nation,Scotland,S92000003,2020-07-02,2,5979
nation,Scotland,S92000003,2020-07-01,2,5977
nation,Scotland,S92000003,2020-06-30,0,5975
nation,Scotland,S92000003,2020-06-29,2,5975
nation,Scotland,S92000003,2020-06-28,3,5973
nation,Scotland,S92000003,2020-06-27,4,5970
nation,Scotland,S92000003,2020-06-26,1,5966
nation,Scotland,S92000003,2020-06-25,2,5965
nation,Scotland,S92000003,2020-06-24,4,5963
nation,Scotland,S92000003,2020-06-23,6,5959
nation,Scotland,S92000003,2020-06-22,7,5953
nation,Scotland,S92000003,2020-06-21,1,5946
nation,Scotland,S92000003,2020-06-20,2,5945
nation,Scotland,S92000003,2020-06-19,4,5943
nation,Scotland,S92000003,2020-06-18,4,5939
nation,Scotland,S92000003,2020-06-17,6,5935
nation,Scotland,S92000003,2020-06-16,5,5929
nation,Scotland,S92000003,2020-06-15,6,5924
nation,Scotland,S92000003,2020-06-14,6,5918
nation,Scotland,S92000003,2020-06-13,4,5912
nation,Scotland,S92000003,2020-06-12,2,5908
nation,Scotland,S92000003,2020-06-11,7,5906
nation,Scotland,S92000003,2020-06-10,9,5899
nation,Scotland,S92000003,2020-06-09,5,5890
nation,Scotland,S92000003,2020-06-08,3,5885
nation,Scotland,S92000003,2020-06-07,8,5882
nation,Scotland,S92000003,2020-06-06,5,5874
nation,Scotland,S92000003,2020-06-05,11,5869
nation,Scotland,S92000003,2020-06-04,7,5858
nation,Scotland,S92000003,2020-06-03,8,5851
nation,Scotland,S92000003,2020-06-02,5,5843
nation,Scotland,S92000003,2020-06-01,6,5838
nation,Scotland,S92000003,2020-05-31,10,5832
nation,Scotland,S92000003,2020-05-30,4,5822
nation,Scotland,S92000003,2020-05-29,10,5818
nation,Scotland,S92000003,2020-05-28,6,5808
nation,Scotland,S92000003,2020-05-27,11,5802
nation,Scotland,S92000003,2020-05-26,14,5791
nation,Scotland,S92000003,2020-05-25,13,5777
nation,Scotland,S92000003,2020-05-24,8,5764
nation,Scotland,S92000003,2020-05-23,14,5756
nation,Scotland,S92000003,2020-05-22,15,5742
nation,Scotland,S92000003,2020-05-21,13,5727
nation,Scotland,S92000003,2020-05-20,19,5714
nation,Scotland,S92000003,2020-05-19,14,5695
nation,Scotland,S92000003,2020-05-18,27,5681
nation,Scotland,S92000003,2020-05-17,9,5654
nation,Scotland,S92000003,2020-05-16,18,5645
nation,Scotland,S92000003,2020-05-15,34,5627
nation,Scotland,S92000003,2020-05-14,28,5593
nation,Scotland,S92000003,2020-05-13,27,5565
nation,Scotland,S92000003,2020-05-12,37,5538
nation,Scotland,S92000003,2020-05-11,33,5501
nation,Scotland,S92000003,2020-05-10,27,5468
nation,Scotland,S92000003,2020-05-09,20,5441
nation,Scotland,S92000003,2020-05-08,33,5421
nation,Scotland,S92000003,2020-05-07,35,5388
nation,Scotland,S92000003,2020-05-06,46,5353
nation,Scotland,S92000003,2020-05-05,40,5307
nation,Scotland,S92000003,2020-05-04,53,5267
nation,Scotland,S92000003,2020-05-03,40,5214
nation,Scotland,S92000003,2020-05-02,46,5174
nation,Scotland,S92000003,2020-05-01,55,5128
nation,Scotland,S92000003,2020-04-30,56,5073
nation,Scotland,S92000003,2020-04-29,50,5017
nation,Scotland,S92000003,2020-04-28,71,4967
nation,Scotland,S92000003,2020-04-27,76,4896
nation,Scotland,S92000003,2020-04-26,39,4820
nation,Scotland,S92000003,2020-04-25,44,4781
nation,Scotland,S92000003,2020-04-24,91,4737
nation,Scotland,S92000003,2020-04-23,67,4646
nation,Scotland,S92000003,2020-04-22,63,4579
nation,Scotland,S92000003,2020-04-21,70,4516
nation,Scotland,S92000003,2020-04-20,68,4446
nation,Scotland,S92000003,2020-04-19,58,4378
nation,Scotland,S92000003,2020-04-18,73,4320
nation,Scotland,S92000003,2020-04-17,108,4247
nation,Scotland,S92000003,2020-04-16,97,4139
nation,Scotland,S92000003,2020-04-15,98,4042
nation,Scotland,S92000003,2020-04-14,101,3944
nation,Scotland,S92000003,2020-04-13,102,3843
nation,Scotland,S92000003,2020-04-12,85,3741
nation,Scotland,S92000003,2020-04-11,79,3656
nation,Scotland,S92000003,2020-04-10,118,3577
nation,Scotland,S92000003,2020-04-09,129,3459
nation,Scotland,S92000003,2020-04-08,158,3330
nation,Scotland,S92000003,2020-04-07,170,3172
nation,Scotland,S92000003,2020-04-06,202,3002
nation,Scotland,S92000003,2020-04-05,162,2800
nation,Scotland,S92000003,2020-04-04,153,2638
nation,Scotland,S92000003,2020-04-03,212,2485
nation,Scotland,S92000003,2020-04-02,169,2273
nation,Scotland,S92000003,2020-04-01,214,2104
nation,Scotland,S92000003,2020-03-31,184,1890
nation,Scotland,S92000003,2020-03-30,191,1706
nation,Scotland,S92000003,2020-03-29,136,1515
nation,Scotland,S92000003,2020-03-28,155,1379
nation,Scotland,S92000003,2020-03-27,148,1224
nation,Scotland,S92000003,2020-03-26,155,1076
nation,Scotland,S92000003,2020-03-25,123,921
nation,Scotland,S92000003,2020-03-24,98,798
nation,Scotland,S92000003,2020-03-23,95,700
nation,Scotland,S92000003,2020-03-22,52,605
nation,Scotland,S92000003,2020-03-21,62,553
nation,Scotland,S92000003,2020-03-20,71,491
nation,Scotland,S92000003,2020-03-19,41,420
nation,Scotland,S92000003,2020-03-18,43,379
nation,Scotland,S92000003,2020-03-17,41,336
nation,Scotland,S92000003,2020-03-16,31,295
nation,Scotland,S92000003,2020-03-15,17,264
nation,Scotland,S92000003,2020-03-14,22,247
nation,Scotland,S92000003,2020-03-13,25,225
nation,Scotland,S92000003,2020-03-12,24,200
nation,Scotland,S92000003,2020-03-11,27,176
nation,Scotland,S92000003,2020-03-10,30,149
nation,Scotland,S92000003,2020-03-09,19,119
nation,Scotland,S92000003,2020-03-08,11,100
nation,Scotland,S92000003,2020-03-07,10,89
nation,Scotland,S92000003,2020-03-06,21,79
nation,Scotland,S92000003,2020-03-05,19,58
nation,Scotland,S92000003,2020-03-04,10,39
nation,Scotland,S92000003,2020-03-03,13,29
nation,Scotland,S92000003,2020-03-02,11,16
nation,Scotland,S92000003,2020-03-01,5,5
nation,Wales,W92000004,2021-06-17,13,32164
nation,Wales,W92000004,2021-06-16,11,32151
nation,Wales,W92000004,2021-06-15,8,32140
nation,Wales,W92000004,2021-06-14,3,32132
nation,Wales,W92000004,2021-06-13,10,32129
nation,Wales,W92000004,2021-06-12,8,32119
nation,Wales,W92000004,2021-06-11,8,32111
nation,Wales,W92000004,2021-06-10,6,32103
nation,Wales,W92000004,2021-06-09,5,32097
nation,Wales,W92000004,2021-06-08,17,32092
nation,Wales,W92000004,2021-06-07,12,32075
nation,Wales,W92000004,2021-06-06,5,32063
nation,Wales,W92000004,2021-06-05,9,32058
nation,Wales,W92000004,2021-06-04,5,32049
nation,Wales,W92000004,2021-06-03,2,32044
nation,Wales,W92000004,2021-06-02,6,32042
nation,Wales,W92000004,2021-06-01,7,32036
nation,Wales,W92000004,2021-05-31,6,32029
nation,Wales,W92000004,2021-05-30,12,32023
nation,Wales,W92000004,2021-05-29,7,32011
nation,Wales,W92000004,2021-05-28,18,32004
nation,Wales,W92000004,2021-05-27,27,31986
nation,Wales,W92000004,2021-05-26,22,31959
nation,Wales,W92000004,2021-05-25,24,31937
nation,Wales,W92000004,2021-05-24,18,31913
nation,Wales,W92000004,2021-05-23,22,31895
nation,Wales,W92000004,2021-05-22,21,31873
nation,Wales,W92000004,2021-05-21,12,31852
nation,Wales,W92000004,2021-05-20,15,31840
nation,Wales,W92000004,2021-05-19,13,31825
nation,Wales,W92000004,2021-05-18,14,31812
nation,Wales,W92000004,2021-05-17,12,31798
nation,Wales,W92000004,2021-05-16,9,31786
nation,Wales,W92000004,2021-05-15,14,31777
nation,Wales,W92000004,2021-05-14,9,31763
nation,Wales,W92000004,2021-05-13,18,31754
nation,Wales,W92000004,2021-05-12,13,31736
nation,Wales,W92000004,2021-05-11,13,31723
nation,Wales,W92000004,2021-05-10,19,31710
nation,Wales,W92000004,2021-05-09,11,31691
nation,Wales,W92000004,2021-05-08,15,31680
nation,Wales,W92000004,2021-05-07,13,31665
nation,Wales,W92000004,2021-05-06,15,31652
nation,Wales,W92000004,2021-05-05,12,31637
nation,Wales,W92000004,2021-05-04,14,31625
nation,Wales,W92000004,2021-05-03,13,31611
nation,Wales,W92000004,2021-05-02,21,31598
nation,Wales,W92000004,2021-05-01,20,31577
nation,Wales,W92000004,2021-04-30,12,31557
nation,Wales,W92000004,2021-04-29,9,31545
nation,Wales,W92000004,2021-04-28,12,31536
nation,Wales,W92000004,2021-04-27,19,31524
nation,Wales,W92000004,2021-04-26,10,31505
nation,Wales,W92000004,2021-04-25,17,31495
nation,Wales,W92000004,2021-04-24,15,31478
nation,Wales,W92000004,2021-04-23,10,31463
nation,Wales,W92000004,2021-04-22,13,31453
nation,Wales,W92000004,2021-04-21,23,31440
nation,Wales,W92000004,2021-04-20,22,31417
nation,Wales,W92000004,2021-04-19,20,31395
nation,Wales,W92000004,2021-04-18,15,31375
nation,Wales,W92000004,2021-04-17,10,31360
nation,Wales,W92000004,2021-04-16,21,31350
nation,Wales,W92000004,2021-04-15,16,31329
nation,Wales,W92000004,2021-04-14,20,31313
nation,Wales,W92000004,2021-04-13,11,31293
nation,Wales,W92000004,2021-04-12,17,31282
nation,Wales,W92000004,2021-04-11,14,31265
nation,Wales,W92000004,2021-04-10,13,31251
nation,Wales,W92000004,2021-04-09,16,31238
nation,Wales,W92000004,2021-04-08,16,31222
nation,Wales,W92000004,2021-04-07,18,31206
nation,Wales,W92000004,2021-04-06,17,31188
nation,Wales,W92000004,2021-04-05,17,31171
nation,Wales,W92000004,2021-04-04,21,31154
nation,Wales,W92000004,2021-04-03,22,31133
nation,Wales,W92000004,2021-04-02,25,31111
nation,Wales,W92000004,2021-04-01,21,31086
nation,Wales,W92000004,2021-03-31,17,31065
nation,Wales,W92000004,2021-03-30,17,31048
nation,Wales,W92000004,2021-03-29,11,31031
nation,Wales,W92000004,2021-03-28,19,31020
nation,Wales,W92000004,2021-03-27,29,31001
nation,Wales,W92000004,2021-03-26,18,30972
nation,Wales,W92000004,2021-03-25,19,30954
nation,Wales,W92000004,2021-03-24,35,30935
nation,Wales,W92000004,2021-03-23,37,30900
nation,Wales,W92000004,2021-03-22,30,30863
nation,Wales,W92000004,2021-03-21,43,30833
nation,Wales,W92000004,2021-03-20,51,30790
nation,Wales,W92000004,2021-03-19,57,30739
nation,Wales,W92000004,2021-03-18,59,30682
nation,Wales,W92000004,2021-03-17,55,30623
nation,Wales,W92000004,2021-03-16,39,30568
nation,Wales,W92000004,2021-03-15,23,30529
nation,Wales,W92000004,2021-03-14,40,30506
nation,Wales,W92000004,2021-03-13,36,30466
nation,Wales,W92000004,2021-03-12,39,30430
nation,Wales,W92000004,2021-03-11,48,30391
nation,Wales,W92000004,2021-03-10,30,30343
nation,Wales,W92000004,2021-03-09,40,30313
nation,Wales,W92000004,2021-03-08,26,30273
nation,Wales,W92000004,2021-03-07,39,30247
nation,Wales,W92000004,2021-03-06,61,30208
nation,Wales,W92000004,2021-03-05,61,30147
nation,Wales,W92000004,2021-03-04,50,30086
nation,Wales,W92000004,2021-03-03,52,30036
nation,Wales,W92000004,2021-03-02,73,29984
nation,Wales,W92000004,2021-03-01,30,29911
nation,Wales,W92000004,2021-02-28,47,29881
nation,Wales,W92000004,2021-02-27,55,29834
nation,Wales,W92000004,2021-02-26,66,29779
nation,Wales,W92000004,2021-02-25,69,29713
nation,Wales,W92000004,2021-02-24,70,29644
nation,Wales,W92000004,2021-02-23,53,29574
nation,Wales,W92000004,2021-02-22,45,29521
nation,Wales,W92000004,2021-02-21,65,29476
nation,Wales,W92000004,2021-02-20,83,29411
nation,Wales,W92000004,2021-02-19,90,29328
nation,Wales,W92000004,2021-02-18,78,29238
nation,Wales,W92000004,2021-02-17,86,29160
nation,Wales,W92000004,2021-02-16,63,29074
nation,Wales,W92000004,2021-02-15,63,29011
nation,Wales,W92000004,2021-02-14,91,28948
nation,Wales,W92000004,2021-02-13,99,28857
nation,Wales,W92000004,2021-02-12,76,28758
nation,Wales,W92000004,2021-02-11,106,28682
nation,Wales,W92000004,2021-02-10,85,28576
nation,Wales,W92000004,2021-02-09,87,28491
nation,Wales,W92000004,2021-02-08,65,28404
nation,Wales,W92000004,2021-02-07,57,28339
nation,Wales,W92000004,2021-02-06,88,28282
nation,Wales,W92000004,2021-02-05,93,28194
nation,Wales,W92000004,2021-02-04,93,28101
nation,Wales,W92000004,2021-02-03,108,28008
nation,Wales,W92000004,2021-02-02,99,27900
nation,Wales,W92000004,2021-02-01,80,27801
nation,Wales,W92000004,2021-01-31,77,27721
nation,Wales,W92000004,2021-01-30,103,27644
nation,Wales,W92000004,2021-01-29,97,27541
nation,Wales,W92000004,2021-01-28,132,27444
nation,Wales,W92000004,2021-01-27,112,27312
nation,Wales,W92000004,2021-01-26,120,27200
nation,Wales,W92000004,2021-01-25,75,27080
nation,Wales,W92000004,2021-01-24,110,27005
nation,Wales,W92000004,2021-01-23,135,26895
nation,Wales,W92000004,2021-01-22,133,26760
nation,Wales,W92000004,2021-01-21,116,26627
nation,Wales,W92000004,2021-01-20,110,26511
nation,Wales,W92000004,2021-01-19,126,26401
nation,Wales,W92000004,2021-01-18,102,26275
nation,Wales,W92000004,2021-01-17,93,26173
nation,Wales,W92000004,2021-01-16,110,26080
nation,Wales,W92000004,2021-01-15,124,25970
nation,Wales,W92000004,2021-01-14,122,25846
nation,Wales,W92000004,2021-01-13,129,25724
nation,Wales,W92000004,2021-01-12,147,25595
nation,Wales,W92000004,2021-01-11,84,25448
nation,Wales,W92000004,2021-01-10,95,25364
nation,Wales,W92000004,2021-01-09,140,25269
nation,Wales,W92000004,2021-01-08,142,25129
nation,Wales,W92000004,2021-01-07,159,24987
nation,Wales,W92000004,2021-01-06,144,24828
nation,Wales,W92000004,2021-01-05,146,24684
nation,Wales,W92000004,2021-01-04,86,24538
nation,Wales,W92000004,2021-01-03,86,24452
nation,Wales,W92000004,2021-01-02,85,24366
nation,Wales,W92000004,2021-01-01,154,24281
nation,Wales,W92000004,2020-12-31,141,24127
nation,Wales,W92000004,2020-12-30,164,23986
nation,Wales,W92000004,2020-12-29,136,23822
nation,Wales,W92000004,2020-12-28,125,23686
nation,Wales,W92000004,2020-12-27,97,23561
nation,Wales,W92000004,2020-12-26,73,23464
nation,Wales,W92000004,2020-12-25,106,23391
nation,Wales,W92000004,2020-12-24,146,23285
nation,Wales,W92000004,2020-12-23,143,23139
nation,Wales,W92000004,2020-12-22,124,22996
nation,Wales,W92000004,2020-12-21,92,22872
nation,Wales,W92000004,2020-12-20,90,22780
nation,Wales,W92000004,2020-12-19,107,22690
nation,Wales,W92000004,2020-12-18,119,22583
nation,Wales,W92000004,2020-12-17,128,22464
nation,Wales,W92000004,2020-12-16,131,22336
nation,Wales,W92000004,2020-12-15,88,22205
nation,Wales,W92000004,2020-12-14,67,22117
nation,Wales,W92000004,2020-12-13,64,22050
nation,Wales,W92000004,2020-12-12,102,21986
nation,Wales,W92000004,2020-12-11,117,21884
nation,Wales,W92000004,2020-12-10,105,21767
nation,Wales,W92000004,2020-12-09,76,21662
nation,Wales,W92000004,2020-12-08,98,21586
nation,Wales,W92000004,2020-12-07,63,21488
nation,Wales,W92000004,2020-12-06,62,21425
nation,Wales,W92000004,2020-12-05,81,21363
nation,Wales,W92000004,2020-12-04,58,21282
nation,Wales,W92000004,2020-12-03,50,21224
nation,Wales,W92000004,2020-12-02,84,21174
nation,Wales,W92000004,2020-12-01,102,21090
nation,Wales,W92000004,2020-11-30,62,20988
nation,Wales,W92000004,2020-11-29,73,20926
nation,Wales,W92000004,2020-11-28,66,20853
nation,Wales,W92000004,2020-11-27,86,20787
nation,Wales,W92000004,2020-11-26,93,20701
nation,Wales,W92000004,2020-11-25,70,20608
nation,Wales,W92000004,2020-11-24,78,20538
nation,Wales,W92000004,2020-11-23,71,20460
nation,Wales,W92000004,2020-11-22,62,20389
nation,Wales,W92000004,2020-11-21,84,20327
nation,Wales,W92000004,2020-11-20,77,20243
nation,Wales,W92000004,2020-11-19,67,20166
nation,Wales,W92000004,2020-11-18,80,20099
nation,Wales,W92000004,2020-11-17,72,20019
nation,Wales,W92000004,2020-11-16,71,19947
nation,Wales,W92000004,2020-11-15,69,19876
nation,Wales,W92000004,2020-11-14,89,19807
nation,Wales,W92000004,2020-11-13,74,19718
nation,Wales,W92000004,2020-11-12,100,19644
nation,Wales,W92000004,2020-11-11,95,19544
nation,Wales,W92000004,2020-11-10,104,19449
nation,Wales,W92000004,2020-11-09,64,19345
nation,Wales,W92000004,2020-11-08,75,19281
nation,Wales,W92000004,2020-11-07,112,19206
nation,Wales,W92000004,2020-11-06,82,19094
nation,Wales,W92000004,2020-11-05,102,19012
nation,Wales,W92000004,2020-11-04,129,18910
nation,Wales,W92000004,2020-11-03,104,18781
nation,Wales,W92000004,2020-11-02,75,18677
nation,Wales,W92000004,2020-11-01,76,18602
nation,Wales,W92000004,2020-10-31,80,18526
nation,Wales,W92000004,2020-10-30,97,18446
nation,Wales,W92000004,2020-10-29,86,18349
nation,Wales,W92000004,2020-10-28,83,18263
nation,Wales,W92000004,2020-10-27,114,18180
nation,Wales,W92000004,2020-10-26,76,18066
nation,Wales,W92000004,2020-10-25,78,17990
nation,Wales,W92000004,2020-10-24,98,17912
nation,Wales,W92000004,2020-10-23,123,17814
nation,Wales,W92000004,2020-10-22,107,17691
nation,Wales,W92000004,2020-10-21,92,17584
nation,Wales,W92000004,2020-10-20,77,17492
nation,Wales,W92000004,2020-10-19,60,17415
nation,Wales,W92000004,2020-10-18,88,17355
nation,Wales,W92000004,2020-10-17,112,17267
nation,Wales,W92000004,2020-10-16,105,17155
nation,Wales,W92000004,2020-10-15,102,17050
nation,Wales,W92000004,2020-10-14,123,16948
nation,Wales,W92000004,2020-10-13,98,16825
nation,Wales,W92000004,2020-10-12,86,16727
nation,Wales,W92000004,2020-10-11,79,16641
nation,Wales,W92000004,2020-10-10,103,16562
nation,Wales,W92000004,2020-10-09,60,16459
nation,Wales,W92000004,2020-10-08,76,16399
nation,Wales,W92000004,2020-10-07,85,16323
nation,Wales,W92000004,2020-10-06,80,16238
nation,Wales,W92000004,2020-10-05,59,16158
nation,Wales,W92000004,2020-10-04,92,16099
nation,Wales,W92000004,2020-10-03,79,16007
nation,Wales,W92000004,2020-10-02,94,15928
nation,Wales,W92000004,2020-10-01,79,15834
nation,Wales,W92000004,2020-09-30,61,15755
nation,Wales,W92000004,2020-09-29,90,15694
nation,Wales,W92000004,2020-09-28,71,15604
nation,Wales,W92000004,2020-09-27,56,15533
nation,Wales,W92000004,2020-09-26,61,15477
nation,Wales,W92000004,2020-09-25,67,15416
nation,Wales,W92000004,2020-09-24,94,15349
nation,Wales,W92000004,2020-09-23,70,15255
nation,Wales,W92000004,2020-09-22,43,15185
nation,Wales,W92000004,2020-09-21,59,15142
nation,Wales,W92000004,2020-09-20,28,15083
nation,Wales,W92000004,2020-09-19,34,15055
nation,Wales,W92000004,2020-09-18,41,15021
nation,Wales,W92000004,2020-09-17,42,14980
nation,Wales,W92000004,2020-09-16,65,14938
nation,Wales,W92000004,2020-09-15,53,14873
nation,Wales,W92000004,2020-09-14,59,14820
nation,Wales,W92000004,2020-09-13,55,14761
nation,Wales,W92000004,2020-09-12,55,14706
nation,Wales,W92000004,2020-09-11,70,14651
nation,Wales,W92000004,2020-09-10,49,14581
nation,Wales,W92000004,2020-09-09,56,14532
nation,Wales,W92000004,2020-09-08,65,14476
nation,Wales,W92000004,2020-09-07,46,14411
nation,Wales,W92000004,2020-09-06,42,14365
nation,Wales,W92000004,2020-09-05,27,14323
nation,Wales,W92000004,2020-09-04,69,14296
nation,Wales,W92000004,2020-09-03,70,14227
nation,Wales,W92000004,2020-09-02,59,14157
nation,Wales,W92000004,2020-09-01,69,14098
nation,Wales,W92000004,2020-08-31,29,14029
nation,Wales,W92000004,2020-08-30,33,14000
nation,Wales,W92000004,2020-08-29,52,13967
nation,Wales,W92000004,2020-08-28,83,13915
nation,Wales,W92000004,2020-08-27,70,13832
nation,Wales,W92000004,2020-08-26,69,13762
nation,Wales,W92000004,2020-08-25,49,13693
nation,Wales,W92000004,2020-08-24,36,13644
nation,Wales,W92000004,2020-08-23,26,13608
nation,Wales,W92000004,2020-08-22,39,13582
nation,Wales,W92000004,2020-08-21,54,13543
nation,Wales,W92000004,2020-08-20,39,13489
nation,Wales,W92000004,2020-08-19,45,13450
nation,Wales,W92000004,2020-08-18,63,13405
nation,Wales,W92000004,2020-08-17,38,13342
nation,Wales,W92000004,2020-08-16,37,13304
nation,Wales,W92000004,2020-08-15,52,13267
nation,Wales,W92000004,2020-08-14,39,13215
nation,Wales,W92000004,2020-08-13,63,13176
nation,Wales,W92000004,2020-08-12,45,13113
nation,Wales,W92000004,2020-08-11,47,13068
nation,Wales,W92000004,2020-08-10,31,13021
nation,Wales,W92000004,2020-08-09,51,12990
nation,Wales,W92000004,2020-08-08,55,12939
nation,Wales,W92000004,2020-08-07,53,12884
nation,Wales,W92000004,2020-08-06,45,12831
nation,Wales,W92000004,2020-08-05,74,12786
nation,Wales,W92000004,2020-08-04,65,12712
nation,Wales,W92000004,2020-08-03,29,12647
nation,Wales,W92000004,2020-08-02,35,12618
nation,Wales,W92000004,2020-08-01,73,12583
nation,Wales,W92000004,2020-07-31,54,12510
nation,Wales,W92000004,2020-07-30,53,12456
nation,Wales,W92000004,2020-07-29,64,12403
nation,Wales,W92000004,2020-07-28,49,12339
nation,Wales,W92000004,2020-07-27,43,12290
nation,Wales,W92000004,2020-07-26,45,12247
nation,Wales,W92000004,2020-07-25,48,12202
nation,Wales,W92000004,2020-07-24,61,12154
nation,Wales,W92000004,2020-07-23,88,12093
nation,Wales,W92000004,2020-07-22,72,12005
nation,Wales,W92000004,2020-07-21,46,11933
nation,Wales,W92000004,2020-07-20,43,11887
nation,Wales,W92000004,2020-07-19,51,11844
nation,Wales,W92000004,2020-07-18,54,11793
nation,Wales,W92000004,2020-07-17,59,11739
nation,Wales,W92000004,2020-07-16,48,11680
nation,Wales,W92000004,2020-07-15,48,11632
nation,Wales,W92000004,2020-07-14,63,11584
nation,Wales,W92000004,2020-07-13,50,11521
nation,Wales,W92000004,2020-07-12,41,11471
nation,Wales,W92000004,2020-07-11,76,11430
nation,Wales,W92000004,2020-07-10,68,11354
nation,Wales,W92000004,2020-07-09,75,11286
nation,Wales,W92000004,2020-07-08,63,11211
nation,Wales,W92000004,2020-07-07,64,11148
nation,Wales,W92000004,2020-07-06,50,11084
nation,Wales,W92000004,2020-07-05,63,11034
nation,Wales,W92000004,2020-07-04,78,10971
nation,Wales,W92000004,2020-07-03,65,10893
nation,Wales,W92000004,2020-07-02,64,10828
nation,Wales,W92000004,2020-07-01,66,10764
nation,Wales,W92000004,2020-06-30,104,10698
nation,Wales,W92000004,2020-06-29,46,10594
nation,Wales,W92000004,2020-06-28,47,10548
nation,Wales,W92000004,2020-06-27,74,10501
nation,Wales,W92000004,2020-06-26,88,10427
nation,Wales,W92000004,2020-06-25,64,10339
nation,Wales,W92000004,2020-06-24,101,10275
nation,Wales,W92000004,2020-06-23,79,10174
nation,Wales,W92000004,2020-06-22,67,10095
nation,Wales,W92000004,2020-06-21,68,10028
nation,Wales,W92000004,2020-06-20,68,9960
nation,Wales,W92000004,2020-06-19,78,9892
nation,Wales,W92000004,2020-06-18,87,9814
nation,Wales,W92000004,2020-06-17,91,9727
nation,Wales,W92000004,2020-06-16,95,9636
nation,Wales,W92000004,2020-06-15,68,9541
nation,Wales,W92000004,2020-06-14,52,9473
nation,Wales,W92000004,2020-06-13,114,9421
nation,Wales,W92000004,2020-06-12,90,9307
nation,Wales,W92000004,2020-06-11,104,9217
nation,Wales,W92000004,2020-06-10,97,9113
nation,Wales,W92000004,2020-06-09,84,9016
nation,Wales,W92000004,2020-06-08,59,8932
nation,Wales,W92000004,2020-06-07,76,8873
nation,Wales,W92000004,2020-06-06,92,8797
nation,Wales,W92000004,2020-06-05,82,8705
nation,Wales,W92000004,2020-06-04,97,8623
nation,Wales,W92000004,2020-06-03,131,8526
nation,Wales,W92000004,2020-06-02,106,8395
nation,Wales,W92000004,2020-06-01,73,8289
nation,Wales,W92000004,2020-05-31,68,8216
nation,Wales,W92000004,2020-05-30,93,8148
nation,Wales,W92000004,2020-05-29,99,8055
nation,Wales,W92000004,2020-05-28,120,7956
nation,Wales,W92000004,2020-05-27,106,7836
nation,Wales,W92000004,2020-05-26,96,7730
nation,Wales,W92000004,2020-05-25,82,7634
nation,Wales,W92000004,2020-05-24,78,7552
nation,Wales,W92000004,2020-05-23,121,7474
nation,Wales,W92000004,2020-05-22,81,7353
nation,Wales,W92000004,2020-05-21,105,7272
nation,Wales,W92000004,2020-05-20,95,7167
nation,Wales,W92000004,2020-05-19,105,7072
nation,Wales,W92000004,2020-05-18,77,6967
nation,Wales,W92000004,2020-05-17,98,6890
nation,Wales,W92000004,2020-05-16,117,6792
nation,Wales,W92000004,2020-05-15,88,6675
nation,Wales,W92000004,2020-05-14,105,6587
nation,Wales,W92000004,2020-05-13,119,6482
nation,Wales,W92000004,2020-05-12,92,6363
nation,Wales,W92000004,2020-05-11,108,6271
nation,Wales,W92000004,2020-05-10,114,6163
nation,Wales,W92000004,2020-05-09,106,6049
nation,Wales,W92000004,2020-05-08,127,5943
nation,Wales,W92000004,2020-05-07,119,5816
nation,Wales,W92000004,2020-05-06,103,5697
nation,Wales,W92000004,2020-05-05,136,5594
nation,Wales,W92000004,2020-05-04,121,5458
nation,Wales,W92000004,2020-05-03,94,5337
nation,Wales,W92000004,2020-05-02,142,5243
nation,Wales,W92000004,2020-05-01,107,5101
nation,Wales,W92000004,2020-04-30,132,4994
nation,Wales,W92000004,2020-04-29,127,4862
nation,Wales,W92000004,2020-04-28,139,4735
nation,Wales,W92000004,2020-04-27,95,4596
nation,Wales,W92000004,2020-04-26,97,4501
nation,Wales,W92000004,2020-04-25,112,4404
nation,Wales,W92000004,2020-04-24,135,4292
nation,Wales,W92000004,2020-04-23,134,4157
nation,Wales,W92000004,2020-04-22,127,4023
nation,Wales,W92000004,2020-04-21,117,3896
nation,Wales,W92000004,2020-04-20,114,3779
nation,Wales,W92000004,2020-04-19,102,3665
nation,Wales,W92000004,2020-04-18,129,3563
nation,Wales,W92000004,2020-04-17,151,3434
nation,Wales,W92000004,2020-04-16,104,3283
nation,Wales,W92000004,2020-04-15,151,3179
nation,Wales,W92000004,2020-04-14,106,3028
nation,Wales,W92000004,2020-04-13,130,2922
nation,Wales,W92000004,2020-04-12,168,2792
nation,Wales,W92000004,2020-04-11,106,2624
nation,Wales,W92000004,2020-04-10,129,2518
nation,Wales,W92000004,2020-04-09,126,2389
nation,Wales,W92000004,2020-04-08,158,2263
nation,Wales,W92000004,2020-04-07,196,2105
nation,Wales,W92000004,2020-04-06,123,1909
nation,Wales,W92000004,2020-04-05,134,1786
nation,Wales,W92000004,2020-04-04,134,1652
nation,Wales,W92000004,2020-04-03,110,1518
nation,Wales,W92000004,2020-04-02,139,1408
nation,Wales,W92000004,2020-04-01,207,1269
nation,Wales,W92000004,2020-03-31,158,1062
nation,Wales,W92000004,2020-03-30,147,904
nation,Wales,W92000004,2020-03-29,133,757
nation,Wales,W92000004,2020-03-28,126,624
nation,Wales,W92000004,2020-03-27,118,498
nation,Wales,W92000004,2020-03-26,107,380
nation,Wales,W92000004,2020-03-25,178,273
nation,Wales,W92000004,2020-03-24,63,95
nation,Wales,W92000004,2020-03-23,32,32
