Index,Date,North,South,East,West
1,2022-01-01,113.5453846,122.1628957,94.28022243,101.0146977
2,2022-01-02,98.83052385,106.5416057,109.9159008,105.69096
3,2022-01-03,105.2906668,86.12589047,102.5486653,93.4502824
4,2022-01-04,96.30411611,105.8181917,92.10503706,110.448941
5,2022-01-05,86.7092516,119.2856614,98.11128438,94.98926973
6,2022-01-06,105.9643682,82.03893576,107.6063189,101.4709746
7,2022-01-07,97.02434137,105.9385539,102.3382555,77.6598264
8,2022-01-08,91.20579715,123.5424547,102.650566,99.48788886
9,2022-01-09,88.61572877,107.4600134,99.48309207,104.8810596
10,2022-01-10,111.4752459,113.3935703,94.77926949,116.8624972
11,2022-01-11,112.1210776,130.6539296,110.5509685,104.9043973
12,2022-01-12,99.1865203,100.2914156,110.1777804,90.11504689
13,2022-01-13,109.1112065,78.77909608,116.8133479,99.51207444
14,2022-01-14,86.16767541,124.2073154,118.4471024,109.2340261
15,2022-01-15,97.39292373,108.7001361,77.17630384,91.22577255
16,2022-01-16,114.0771966,137.4548829,91.01110116,100.3491521
17,2022-01-17,92.62966713,83.99599094,110.2981099,106.0573381
18,2022-01-18,97.0061444,136.8422822,93.43888311,95.36527802
19,2022-01-19,106.438768,105.9428983,114.7269797,87.91361447
20,2022-01-20,95.64641751,115.8946316,94.33924665,117.2444548
21,2022-01-21,112.0693299,97.1493885,95.42062446,102.8003764
22,2022-01-22,89.32619052,90.19910116,106.8015836,97.19277447
23,2022-01-23,85.99860526,110.9295764,89.71179987,101.5474118
24,2022-01-24,79.53631174,124.0672554,87.50851677,118.9036123
25,2022-01-25,108.2478424,84.17507134,107.4027408,92.32368076
26,2022-01-26,84.17348123,115.5966188,111.7877008,97.23114754
27,2022-01-27,98.60144193,109.6067421,112.5815643,105.4603287
28,2022-01-28,101.5545749,116.6730778,108.0054827,86.73527445
29,2022-01-29,85.88699409,111.3382591,121.3585948,98.34216543
30,2022-01-30,87.75719586,153.6774343,95.59382786,83.41835706
31,2022-01-31,97.23913457,111.6962093,105.9070765,114.997052
32,2022-02-01,94.75244082,83.47513355,107.767576,112.0659816
33,2022-02-02,82.97635992,113.3050314,92.57542193,112.4078931
34,2022-02-03,100.3484705,68.211587,97.43659198,92.0773224
35,2022-02-04,109.1379882,140.5628659,102.8373721,106.9539513
36,2022-02-05,86.27889011,97.86041289,67.36100064,90.77515921
37,2022-02-06,109.7765186,66.56583045,101.8242469,74.39209413
38,2022-02-07,106.586061,131.8607199,127.0907873,104.1142543
39,2022-02-08,103.197707,94.94821899,99.24612116,91.87048421
40,2022-02-09,97.32644435,120.6621349,98.32619974,100.957947
41,2022-02-10,90.25102762,96.33718349,107.1444309,93.22344723
42,2022-02-11,130.5947029,119.3060525,99.68151489,102.9357511
43,2022-02-12,95.43049519,60.77092299,102.3025277,95.84377266
44,2022-02-13,99.73814017,64.39679863,90.38605194,84.91340789
45,2022-02-14,93.75670672,102.9018237,94.58656453,82.98533815
46,2022-02-15,107.2036,95.83518534,101.1577177,123.1432583
47,2022-02-16,102.0078067,96.90698587,92.82009821,107.6588633
48,2022-02-17,108.3788046,119.1508276,104.4958501,82.07481272
49,2022-02-18,95.13116978,83.34847648,111.071653,109.7873214
50,2022-02-19,115.6159095,96.95332242,93.24756513,90.01463971
51,2022-02-20,116.0960966,106.7448619,99.24282256,86.11909211
52,2022-02-21,101.6434646,140.9630757,107.5812051,87.77783992
53,2022-02-22,96.0541949,80.79719664,87.13356667,112.6373733
54,2022-02-23,106.4805177,106.979417,116.2802752,99.89062117
55,2022-02-24,107.9115582,84.36357116,90.74101821,128.6916385
56,2022-02-25,88.82902308,87.9602682,108.1597805,91.71963266
57,2022-02-26,96.14433987,73.60678542,104.667655,106.7094057
58,2022-02-27,107.3957985,98.72077305,102.3371494,112.2184594
59,2022-02-28,111.4612474,118.0890613,103.8036958,111.4724341
60,2022-03-01,121.6065262,110.8582915,94.36475922,106.6149382
61,2022-03-02,87.09306476,102.7430374,107.5810089,95.40571323
62,2022-03-03,104.7172817,102.6047543,116.4769614,103.8148259
63,2022-03-04,113.7871228,74.86080787,108.2399141,93.82854374
64,2022-03-05,107.9628388,90.26465209,89.17024762,97.44956136
65,2022-03-06,121.8983564,109.3235977,109.6685709,87.25350795
66,2022-03-07,98.81980056,102.2343771,116.5272827,112.3993534
67,2022-03-08,97.06922077,87.84479427,106.3703213,93.84145995
68,2022-03-09,90.85059874,134.2508987,97.85638895,91.32141488
69,2022-03-10,102.3543667,110.019168,105.5915695,118.5631033
70,2022-03-11,106.2507248,111.7662475,93.17264736,108.8614147
71,2022-03-12,105.7498306,83.79270058,94.3713962,88.32682132
72,2022-03-13,77.43796811,94.42626619,117.675363,98.7846343
73,2022-03-14,94.28708433,86.43056377,120.0381716,98.59681832
74,2022-03-15,93.98150666,113.1659855,101.376425,100.9368306
75,2022-03-16,103.7982694,101.541165,77.53571176,99.65715492
76,2022-03-17,96.89886117,82.81183024,79.46128097,101.0602594
77,2022-03-18,108.1024303,115.2811576,89.82871199,96.81708182
78,2022-03-19,85.92902984,92.32656318,122.9122934,94.90609318
79,2022-03-20,115.7478247,101.9052511,89.86222394,95.65778513
80,2022-03-21,90.57050179,60.08030282,106.6714977,96.18505804
81,2022-03-22,89.7941473,38.81765652,86.93223547,112.1770324
82,2022-03-23,94.95134097,101.0163971,126.727472,106.3260448
83,2022-03-24,80.63765723,77.05720603,94.55708187,103.6224996
84,2022-03-25,106.18894,81.71952904,107.5635689,105.9048348
85,2022-03-26,82.22363603,79.58698454,101.6710327,115.2818191
86,2022-03-27,92.14272113,70.39012842,110.0603474,90.04638038
87,2022-03-28,116.0296335,85.59475761,101.9683559,80.22976617
88,2022-03-29,97.96524636,69.42597431,109.4898217,102.1677116
89,2022-03-30,111.6030034,91.58804998,106.5979232,97.97176252
90,2022-03-31,100.6779505,107.7682076,103.605964,105.8819096
91,2022-04-01,85.13844358,60.0553181,84.13995366,102.3150407
92,2022-04-02,103.0611463,103.2239571,88.53295314,106.7623508
93,2022-04-03,77.67071575,110.6645476,104.0605527,120.3763951
94,2022-04-04,116.9741575,100.0206959,100.6467324,105.3221463
95,2022-04-05,115.7360742,115.7219556,98.07396468,92.39092692
96,2022-04-06,94.8659681,72.09357641,100.4743669,81.07080836
97,2022-04-07,117.1948623,43.08720564,83.94394599,89.05376876
98,2022-04-08,102.3265085,63.96293123,90.06410594,99.06438316
99,2022-04-09,104.0686844,113.3030552,99.51835338,87.66647852
100,2022-04-10,84.04702985,111.4494875,102.4410843,86.29131858
101,2022-04-11,104.0251188,113.9404874,93.6032933,101.5182043
102,2022-04-12,110.0132917,91.4479899,110.8388465,85.18089909
103,2022-04-13,102.8709332,94.13807173,108.3807207,102.7030929
104,2022-04-14,102.2362982,117.080874,98.847536,118.5460329
105,2022-04-15,101.3350019,95.89960196,97.49060867,104.1214357
106,2022-04-16,105.6425598,84.06194829,83.14433192,101.5209337
107,2022-04-17,100.4620787,101.127548,107.6189249,94.69197191
108,2022-04-18,91.55304502,121.9779274,99.37957452,115.8400366
109,2022-04-19,93.09002714,105.7913707,104.4579433,100.3660927
110,2022-04-20,112.2839582,112.5712271,87.08184785,88.40940005
111,2022-04-21,110.4170517,132.1083493,93.0825696,90.82176399
112,2022-04-22,100.8077051,119.2843181,99.09163444,98.70235535
113,2022-04-23,82.57802155,131.331943,93.82658113,86.00327362
114,2022-04-24,87.21006745,95.6672922,101.1305406,75.87611299
115,2022-04-25,102.0230847,99.15273227,102.4928224,109.7317109
116,2022-04-26,95.89747416,90.13829913,92.41781064,99.48970837
117,2022-04-27,107.8525468,74.57370749,101.2152576,110.3123326
118,2022-04-28,97.0469063,116.5805238,91.21705535,70.18188721
119,2022-04-29,91.87223625,93.51971833,112.364563,104.2485134
120,2022-04-30,121.4851444,121.2426191,103.6885009,91.69717113
121,2022-05-01,100.1879966,91.20919838,115.7776701,94.5304882
122,2022-05-02,106.413633,88.41934377,96.97246339,121.4870577
123,2022-05-03,115.2760373,59.67838082,111.7534117,106.7858505
124,2022-05-04,116.0165671,108.9829979,84.59525126,95.66069941
125,2022-05-05,100.5746567,108.5067443,94.3989941,90.39078709
126,2022-05-06,85.86065997,66.52703432,94.02390727,100.0025281
127,2022-05-07,99.73983257,120.3325144,108.7866405,98.96348713
128,2022-05-08,110.2820442,64.84928268,95.28096211,86.51834529
129,2022-05-09,91.48580517,114.472079,106.1785653,108.5526554
130,2022-05-10,99.32048936,135.7067971,103.8870463,89.83859729
131,2022-05-11,104.5057992,132.6437899,87.73832725,109.5078158
132,2022-05-12,95.70106174,66.1989172,111.9564597,116.7143408
133,2022-05-13,109.0312947,105.723649,119.1035584,102.7054714
134,2022-05-14,100.8239842,93.68802019,126.8092397,105.2284501
135,2022-05-15,90.45623004,94.08736476,109.9501702,101.9660168
136,2022-05-16,94.8571156,104.27975,101.4104934,107.1251215
137,2022-05-17,75.53809425,71.07597734,83.24081784,113.8987249
138,2022-05-18,89.05261548,45.39813991,96.32485105,113.0056057
139,2022-05-19,97.67174128,70.42549766,88.49879781,99.55936621
140,2022-05-20,67.87186147,100.908139,117.6886264,81.59856033
141,2022-05-21,91.17602603,79.56710957,103.3932824,100.5848819
142,2022-05-22,103.5626445,88.57274361,92.77856803,83.98834467
143,2022-05-23,98.83005953,102.0923527,101.4924681,99.59203162
144,2022-05-24,99.77925623,94.17959794,103.9792018,101.1901608
145,2022-05-25,107.7989714,91.95417007,94.89017861,102.8155339
146,2022-05-26,106.3866638,100.6418207,109.616689,70.19526448
147,2022-05-27,83.31232132,123.6277919,95.78482149,105.7007352
148,2022-05-28,121.2078704,94.3020934,94.84018141,88.52807158
149,2022-05-29,99.49129622,90.63906246,103.7153979,102.168813
150,2022-05-30,95.4409256,100.341814,106.6080538,107.8171553
151,2022-05-31,102.040074,109.9700026,91.42414049,108.0118128
152,2022-06-01,92.72647347,104.7643999,86.02876678,108.7254338
153,2022-06-02,112.3795022,134.7893937,87.92335399,106.2687339
154,2022-06-03,100.3258899,91.30243839,122.1530091,96.47766261
155,2022-06-04,103.8013151,89.31987036,87.75887959,94.62989264
156,2022-06-05,113.5774391,78.40474001,104.5871236,106.1343691
157,2022-06-06,93.64604099,115.1273301,87.81456146,105.3597336
158,2022-06-07,113.4178955,90.12229372,90.70306908,94.5767845
159,2022-06-08,106.760434,110.0647054,98.2955595,102.2337007
160,2022-06-09,102.4974212,113.8062063,92.40542543,82.71677746
161,2022-06-10,87.00216789,102.9955991,84.37139813,76.55505691
162,2022-06-11,97.14774038,107.6009898,82.15193481,111.6138117
163,2022-06-12,107.2320608,93.90852022,86.09089847,81.90970601
164,2022-06-13,78.85247743,98.9709684,103.1313548,104.3328922
165,2022-06-14,96.76019105,119.0823,94.33145284,90.78917708
166,2022-06-15,100.8377085,93.77504296,103.3054435,107.6323326
167,2022-06-16,92.38301151,99.60279151,106.3449351,77.81667371
168,2022-06-17,97.40101449,101.9716163,109.2278396,105.3713601
169,2022-06-18,108.337218,108.7054387,106.6932721,119.9685663
170,2022-06-19,102.2630209,113.2739042,105.304133,76.28281432
171,2022-06-20,83.31339203,107.3466847,112.6151481,107.5171288
172,2022-06-21,96.52401612,96.96019219,114.7647738,82.03215807
173,2022-06-22,88.76118181,128.7520028,101.8436064,63.14074746
174,2022-06-23,107.8853929,112.9957235,116.113338,103.2809156
175,2022-06-24,103.2099134,93.02643587,108.3500259,69.20327102
176,2022-06-25,101.0171281,102.3078939,94.94627879,103.9350929
177,2022-06-26,93.80486096,98.76208357,92.11776164,98.21665336
178,2022-06-27,87.31310556,70.07078143,114.6528278,112.6240716
179,2022-06-28,73.60403314,111.8495453,114.9482069,68.53848533
180,2022-06-29,93.81932516,108.6954618,108.9815331,104.9274178
181,2022-06-30,112.1934503,60.08268643,99.35767,104.3701093
182,2022-07-01,99.09571756,122.1270581,93.89034813,103.0777021
183,2022-07-02,105.3287486,128.1555281,108.2932974,109.5356994
184,2022-07-03,81.32848954,109.541087,124.3774648,75.99383264
185,2022-07-04,118.9171476,88.98579647,92.44230834,94.63553166
186,2022-07-05,110.0197225,87.93166049,96.93513123,91.73132677
187,2022-07-06,112.0365464,74.57342141,88.55509997,121.2737803
188,2022-07-07,99.70703271,92.37019703,107.7235794,112.3334787
189,2022-07-08,106.5803652,85.84534594,124.4506346,102.7138589
190,2022-07-09,90.27945161,86.88968475,105.5943747,72.29559787
191,2022-07-10,93.11377906,99.52926809,99.12439279,109.826475
192,2022-07-11,85.69601138,77.25668366,98.04776557,78.93211321
193,2022-07-12,93.17272261,87.26106219,108.2794881,119.0558326
194,2022-07-13,107.4166974,91.02349703,105.7751615,97.52925503
195,2022-07-14,104.5028237,145.2872986,93.70077651,91.96035267
196,2022-07-15,97.10067794,71.96815175,96.84569705,98.13933948
197,2022-07-16,105.8444679,65.91820341,77.85041298,97.84973131
198,2022-07-17,107.9624424,140.6172351,111.6774569,84.22642248
199,2022-07-18,104.43837,98.69878357,98.04755412,88.6080234
200,2022-07-19,94.78047779,106.6649994,93.34999203,104.6810637
201,2022-07-20,105.4423531,115.9396806,88.23657123,87.4711817
202,2022-07-21,91.25460283,130.9346908,124.6218566,101.8543645
203,2022-07-22,90.09069594,105.267475,100.3623064,102.6099833
204,2022-07-23,104.636654,74.67584972,100.073077,107.0498774
205,2022-07-24,106.5000067,81.47911896,109.4996756,113.8894234
206,2022-07-25,81.40165931,105.9809374,117.1517119,120.7974174
207,2022-07-26,99.31879173,116.8120345,99.55022481,100.4231919
208,2022-07-27,87.59655749,128.2422852,110.6948148,95.08717732
209,2022-07-28,99.55107273,77.2138475,95.1187588,104.5518961
210,2022-07-29,99.08003669,103.4792116,96.67561983,101.0632082
211,2022-07-30,101.820873,101.8181664,117.6100971,101.1492533
212,2022-07-31,98.15758972,91.00592807,105.1099739,101.9237782
213,2022-08-01,84.03506919,112.5215516,89.08582118,118.4404894
214,2022-08-02,94.76223041,80.35191262,107.953617,106.8812804
215,2022-08-03,95.42657209,67.12498431,95.36244071,104.1855604
216,2022-08-04,96.58485966,143.6050581,117.473228,80.96985144
217,2022-08-05,91.03058222,119.3528351,102.5139082,112.7918257
218,2022-08-06,106.34915,98.76007112,108.1120836,126.1484593
219,2022-08-07,109.1415744,77.6637937,104.8929912,104.1439728
220,2022-08-08,90.65429497,58.87011212,87.85984397,111.2787477
221,2022-08-09,102.7404562,95.78054297,99.39131651,103.292313
222,2022-08-10,87.73587598,102.9860957,100.5139652,123.4424721
223,2022-08-11,95.97196989,97.55048046,111.5206575,120.8812341
224,2022-08-12,79.44685986,139.6148995,109.8981888,95.65535099
225,2022-08-13,96.29272864,148.0575926,114.7849507,86.01550155
226,2022-08-14,97.9366795,110.8401487,99.97607904,88.21368275
227,2022-08-15,106.0243231,81.79750498,105.9510115,109.1099242
228,2022-08-16,102.3927457,105.6088082,110.9409587,117.39457
229,2022-08-17,97.53492943,97.18143249,122.6070542,114.448894
230,2022-08-18,77.85365353,80.03958501,115.6816248,109.5054691
231,2022-08-19,93.00016666,134.6447177,111.7780861,85.75457862
232,2022-08-20,111.0213884,127.0022028,97.33730275,88.51148755
233,2022-08-21,100.4049672,73.9316478,108.8644406,98.69863086
234,2022-08-22,85.28084923,57.57580614,106.7689175,90.86565334
235,2022-08-23,108.3929272,109.5487636,94.69931399,107.1682086
236,2022-08-24,113.1596872,78.66901205,68.22206866,101.7237877
237,2022-08-25,113.021097,80.88764187,108.4241798,94.31120437
238,2022-08-26,92.99158258,97.6614253,84.18945286,99.36664863
239,2022-08-27,93.7238566,87.93337111,90.82276349,122.1287265
240,2022-08-28,112.5668763,99.5508472,101.8058341,107.4724366
241,2022-08-29,94.8050017,90.03149521,116.7046966,107.3691062
242,2022-08-30,107.440035,112.0320079,96.5444468,99.96133745
243,2022-08-31,79.19754181,99.77402337,96.93363462,96.17803821
244,2022-09-01,98.69524319,88.83179764,94.45008552,99.01678495
245,2022-09-02,100.4810718,107.7073365,105.3967894,97.30468589
246,2022-09-03,110.7751952,103.5082894,105.1915103,103.1359571
247,2022-09-04,91.10409009,114.430988,93.76678661,103.2695277
248,2022-09-05,95.20267299,108.1680178,119.4143457,101.137578
249,2022-09-06,117.375514,82.8120138,109.444306,102.945259
250,2022-09-07,117.7744842,85.9805986,104.033216,96.08258419
251,2022-09-08,113.9366709,117.1237174,90.85072619,106.7057026
252,2022-09-09,92.01582861,103.7977188,116.9832007,117.5787982
253,2022-09-10,96.09821914,85.68389199,91.4435414,110.1317205
254,2022-09-11,97.54253379,111.704042,98.69387807,86.59012836
255,2022-09-12,93.73374636,112.7691047,109.2377659,108.3472838
256,2022-09-13,105.5134306,139.3567981,96.03647969,121.5758125
257,2022-09-14,111.8203679,101.6643682,95.80009017,83.36393011
258,2022-09-15,95.4454967,67.85216918,93.35067289,97.29956536
259,2022-09-16,99.09991893,102.7654669,100.2332984,95.8898826
260,2022-09-17,98.72290209,144.8741079,106.6219586,108.3917949
261,2022-09-18,96.48725258,95.90911279,104.8188825,68.90601782
262,2022-09-19,109.6533545,118.115686,87.92940261,102.8487188
263,2022-09-20,114.6897823,119.7088141,99.63836576,95.24458493
264,2022-09-21,117.3410904,102.6305431,99.74721119,98.19784652
265,2022-09-22,103.0074687,111.0214577,93.62777339,98.59401986
266,2022-09-23,96.05508649,103.9857977,102.3546511,78.0738994
267,2022-09-24,94.96434229,117.7237685,113.6127105,109.9131958
268,2022-09-25,102.6198148,102.2457353,106.2385711,108.8953466
269,2022-09-26,101.3019746,148.076568,91.79124991,94.00435082
270,2022-09-27,122.8802926,100.0552629,97.85267828,90.4410037
271,2022-09-28,107.6973613,118.6742343,106.7025384,96.6926671
272,2022-09-29,91.14543382,73.5979007,93.05695965,102.5248962
273,2022-09-30,110.7907953,59.94814897,107.6870479,95.78649648
274,2022-10-01,110.4945819,81.98385143,78.11045593,76.51694071
275,2022-10-02,103.7804108,95.36619337,111.9998983,100.7959002
276,2022-10-03,95.70100421,100.5189083,96.76214879,97.87927013
277,2022-10-04,101.2545342,138.6159943,92.84583825,97.60860337
278,2022-10-05,121.1038932,68.63498027,89.8815839,114.4060779
279,2022-10-06,78.61999593,138.821429,85.38525594,104.4605989
280,2022-10-07,100.9896041,141.8072243,96.05942774,83.78735699
281,2022-10-08,121.9832446,89.02666662,93.44558391,93.79126598
282,2022-10-09,94.24553233,108.1731093,104.4543344,98.05301116
283,2022-10-10,108.8071439,88.2449925,119.1126552,114.2649624
284,2022-10-11,98.52849396,96.12117996,96.47463115,76.49450016
285,2022-10-12,83.13450334,120.8839483,102.8441781,105.6037843
286,2022-10-13,99.09716364,92.67599135,113.3417559,125.1871819
287,2022-10-14,95.72040876,88.82404084,86.17798958,103.6561466
288,2022-10-15,101.9915439,72.91299,107.0067238,98.93784316
289,2022-10-16,94.57628981,93.99932906,122.8382831,115.7096255
290,2022-10-17,83.97219036,102.9152911,122.8201649,110.8683473
291,2022-10-18,104.4849393,90.36621617,93.0873525,91.05519084
292,2022-10-19,81.52306211,68.77615623,117.5683363,113.4039064
293,2022-10-20,91.96530641,127.7233059,108.22082,128.1407678
294,2022-10-21,98.89674944,112.5724977,104.0390984,66.55767896
295,2022-10-22,111.2388941,88.76264001,102.7335048,104.9071783
296,2022-10-23,106.0555823,58.7094616,114.6117308,103.1939817
297,2022-10-24,100.2902808,128.6704928,106.6096526,113.1523493
298,2022-10-25,110.128853,93.63633277,99.03383299,118.258832
299,2022-10-26,107.5139552,90.93202771,94.95888628,88.1081473
300,2022-10-27,100.8505907,88.54196803,105.9214976,101.191052
301,2022-10-28,109.6307339,79.40271039,92.57211207,86.47734424
302,2022-10-29,80.08572031,108.8704821,100.1858335,99.16183225
303,2022-10-30,122.3216974,95.04909106,116.7884189,110.4613529
304,2022-10-31,104.2717208,85.23513383,109.8026796,105.453219
305,2022-11-01,99.52760001,94.96825017,110.3721437,104.2151476
306,2022-11-02,102.5964175,91.6230487,94.45078467,104.6947014
307,2022-11-03,109.2329455,61.56090379,93.96229016,121.1635043
308,2022-11-04,119.0641425,94.55902602,101.5941738,111.3806691
309,2022-11-05,105.5866262,93.6521925,114.4479856,99.39650775
310,2022-11-06,97.93106449,90.5089208,91.52950979,114.6749961
311,2022-11-07,109.2043421,90.50807974,84.30053276,103.6681666
312,2022-11-08,101.1606478,67.99477391,100.9621207,112.5341059
313,2022-11-09,113.4428467,98.98414705,118.5255855,93.68915387
314,2022-11-10,94.38202121,115.2651224,102.4500332,98.11794659
315,2022-11-11,83.09453811,128.7360831,121.7820642,84.33306777
316,2022-11-12,101.6917433,125.9513828,102.1829515,104.3133683
317,2022-11-13,104.6365672,110.7105792,94.78737446,119.6417825
318,2022-11-14,110.015515,77.96550246,98.46833658,123.607397
319,2022-11-15,95.60137846,129.0972391,107.379145,92.5891109
320,2022-11-16,109.6214129,109.9197245,101.5884307,98.77691919
321,2022-11-17,101.3251533,131.8077279,109.7445276,108.6994533
322,2022-11-18,109.4616902,89.1109499,93.83940339,94.54011551
323,2022-11-19,69.27546072,108.570205,106.8449135,105.5814762
324,2022-11-20,109.8673781,111.4414243,106.0225741,101.6823188
325,2022-11-21,97.18610645,109.8349949,106.7459572,78.26977118
326,2022-11-22,86.82473607,110.9905134,96.12219295,90.96977354
327,2022-11-23,94.03203195,83.53852387,100.243385,112.8060534
328,2022-11-24,95.31671381,101.288259,106.672789,92.70028391
329,2022-11-25,113.3002141,105.3440376,101.3083652,93.12566642
330,2022-11-26,76.0238133,56.79345758,118.7605735,100.2440045
331,2022-11-27,75.07055131,130.4696351,120.3353357,115.5870618
332,2022-11-28,100.4330775,115.227963,104.4294657,99.25491642
333,2022-11-29,103.4741305,82.62297119,116.9701623,81.25181508
334,2022-11-30,91.69287331,86.79233674,89.6443685,94.92633018
335,2022-12-01,106.3595496,77.3230511,99.05986435,89.01797212
336,2022-12-02,95.03419035,128.3665162,110.7670715,85.75683029
337,2022-12-03,101.0565442,79.49931503,109.3980661,102.7164672
338,2022-12-04,97.34588108,108.4497046,111.0496464,102.1484028
339,2022-12-05,116.0105159,80.77170037,111.785292,117.0133448
340,2022-12-06,101.3039407,92.44163686,113.4938168,106.6905271
341,2022-12-07,114.0331078,114.6996912,98.38784555,121.0596767
342,2022-12-08,92.2632641,58.62534385,88.9684489,106.117822
343,2022-12-09,75.60555837,90.75001828,103.5604115,127.014148
344,2022-12-10,105.9726241,88.14119044,105.183116,98.34526951
345,2022-12-11,98.02365533,130.3746827,94.2809832,84.06012427
346,2022-12-12,96.08289757,90.78480635,105.7981966,89.2557334
347,2022-12-13,103.8031404,131.8329626,101.7226837,115.521916
348,2022-12-14,100.4211481,99.01019381,119.3333815,108.8567101
349,2022-12-15,108.5628894,89.94136719,115.235515,90.66228504
350,2022-12-16,102.6460061,92.51113329,113.6041196,94.86339993
351,2022-12-17,94.50078241,66.59058168,107.0084839,91.0254596
352,2022-12-18,108.2963157,115.7379058,99.65609163,101.7958872
353,2022-12-19,107.2387839,130.1418785,100.9242051,102.7932847
354,2022-12-20,100.3741618,127.5624696,104.247646,100.220427
355,2022-12-21,98.96130713,65.19019462,93.16750463,103.8858339
356,2022-12-22,114.7201942,108.2160967,109.7362432,107.4968942
357,2022-12-23,97.43649923,91.69180379,92.96706167,103.4072466
358,2022-12-24,95.60329195,114.9404943,105.522113,100.7996692
359,2022-12-25,82.71446044,105.8309899,96.43949754,105.6522668
360,2022-12-26,107.1027754,90.6766927,107.9092532,113.6522735
361,2022-12-27,110.4965062,114.9515794,105.5168207,99.44487764
362,2022-12-28,104.9717426,81.13484101,106.5133162,80.82952989
363,2022-12-29,113.2426457,88.33345166,97.81568315,98.49720772
364,2022-12-30,81.49075527,110.1158308,97.40087573,82.49408852
365,2022-12-31,96.24014921,107.0493215,102.0735914,88.51410948
366,2023-01-01,88.26698546,76.24620614,114.4993187,115.837782
367,2023-01-02,110.1515785,111.2730278,98.26834834,111.5494471
368,2023-01-03,106.6416339,79.80243909,89.50136555,89.35022402
369,2023-01-04,106.0377942,78.02442746,95.61171788,85.11672717
370,2023-01-05,91.975033,83.15327721,101.084877,94.60808997
371,2023-01-06,88.03581716,84.64438346,106.0704262,106.6769507
372,2023-01-07,100.1666901,117.3430918,76.16807332,106.1688451
373,2023-01-08,91.67993497,128.2350176,102.2222728,85.88528184
374,2023-01-09,108.0411011,62.7996904,108.5928535,87.14056508
375,2023-01-10,102.9159348,83.68151418,93.74320759,131.2221356
376,2023-01-11,114.1192959,114.2253507,99.17105511,117.8849278
377,2023-01-12,104.8398219,93.45087138,103.0726105,112.667525
378,2023-01-13,94.90335135,113.1117865,107.7119664,108.398906
379,2023-01-14,106.6656667,74.05317599,114.5977391,118.902597
380,2023-01-15,87.65756167,112.0915203,97.15716695,102.0446327
381,2023-01-16,113.1890344,108.2994264,107.1528167,81.69360663
382,2023-01-17,115.1103902,53.13087023,111.1531958,90.95639129
383,2023-01-18,83.96353872,105.7889611,92.783369,130.6676482
384,2023-01-19,99.19114049,81.46269501,99.7140562,82.99836228
385,2023-01-20,110.3876939,79.33086294,108.6298687,103.0032806
386,2023-01-21,94.69607671,124.4378403,103.8053505,95.16229447
387,2023-01-22,108.6813185,85.99858572,96.05129925,91.60703644
388,2023-01-23,92.82003812,88.12822699,111.1861296,79.14976483
389,2023-01-24,101.7204736,98.5520124,102.7379388,116.3453368
390,2023-01-25,97.12119932,115.6463935,118.2311711,119.6332965
391,2023-01-26,115.4124426,105.0381272,101.0282511,87.4785396
392,2023-01-27,93.53789827,108.7958612,102.1226147,98.49748418
393,2023-01-28,105.0903735,97.96497297,101.7079261,107.6031678
394,2023-01-29,95.17409081,109.8320412,102.4983505,76.77025444
395,2023-01-30,98.61207742,123.3935528,94.49759179,89.6054143
396,2023-01-31,95.28884986,86.78135726,78.60835451,85.20951826
397,2023-02-01,91.66369747,105.4143383,98.75716711,121.9488434
398,2023-02-02,89.83650563,82.60275133,113.4714656,98.62660911
399,2023-02-03,89.10836597,100.5277459,84.97314345,99.60435843
400,2023-02-04,113.3339026,105.0729136,113.4241441,99.9797037
401,2023-02-05,101.9561897,93.0623163,110.1191195,80.60721699
402,2023-02-06,105.7572726,87.87615484,81.2783395,97.29593588
403,2023-02-07,92.01533044,106.3226534,100.6016877,114.6277363
404,2023-02-08,81.45830741,85.71833862,108.0777611,81.29737575
405,2023-02-09,103.4925857,76.74906295,101.0535859,99.28010178
406,2023-02-10,91.7201629,117.3405912,102.9955036,98.94323285
407,2023-02-11,108.8430726,89.33588147,99.21148002,64.21960107
408,2023-02-12,96.00608376,87.66694035,96.52556974,88.6875858
409,2023-02-13,91.70426616,97.26566427,83.48629689,101.6369114
410,2023-02-14,98.15626196,92.34378704,105.0929028,90.71450415
411,2023-02-15,88.1450818,89.15203558,101.5146801,95.31655814
412,2023-02-16,92.41299689,84.42129363,110.7599092,117.8801614
413,2023-02-17,101.4928508,98.85440905,112.3135144,75.74401462
414,2023-02-18,109.8067823,93.81232638,99.40095476,98.84532303
415,2023-02-19,104.3480162,143.1802457,96.42854308,105.5522982
416,2023-02-20,92.86214745,99.31517264,126.4180199,107.1182427
417,2023-02-21,89.48170003,74.95337396,105.7976661,103.9940692
418,2023-02-22,93.04073572,93.28616157,96.87828708,118.7798667
419,2023-02-23,100.7401925,113.8725086,87.42180945,101.6557344
420,2023-02-24,109.5992676,103.5361464,111.8788163,90.79809613
421,2023-02-25,87.61856796,134.9453813,97.98794809,92.66249512
422,2023-02-26,109.5964754,70.19235146,98.31594604,125.5503235
423,2023-02-27,76.30142168,131.2170098,88.19284657,95.21430311
424,2023-02-28,95.00021275,84.06048272,101.7993378,68.49110076
425,2023-03-01,117.8378108,112.6148824,101.7588296,99.48471555
426,2023-03-02,94.73423008,99.62197374,112.1509487,96.2768881
427,2023-03-03,96.0500762,78.09313968,111.3696749,122.2053005
428,2023-03-04,102.0624276,94.94259298,94.9487714,66.00350795
429,2023-03-05,93.7053952,99.47115435,106.8036681,86.39899762
430,2023-03-06,99.31329254,108.8227494,108.4018917,108.6557307
431,2023-03-07,105.9762808,131.1256015,92.48416365,92.10835713
432,2023-03-08,106.6039216,96.71952862,106.6809423,87.91071485
433,2023-03-09,107.9891235,70.79418465,117.5657078,91.72621621
434,2023-03-10,97.80472653,134.4753717,93.99545807,102.0546801
435,2023-03-11,102.3371169,91.40999971,93.91622826,101.8001435
436,2023-03-12,104.6499158,113.9743886,100.1321949,118.0455954
437,2023-03-13,92.76268999,114.8264433,116.5110132,107.1564496
438,2023-03-14,98.1629483,123.3083888,107.5068541,107.4479346
439,2023-03-15,97.03423476,109.0197653,93.18411166,76.27757378
440,2023-03-16,88.24644367,93.65644336,107.5181686,118.6404852
441,2023-03-17,96.9024234,119.1125226,112.0636898,129.8164057
442,2023-03-18,126.9776504,99.70140085,105.2849276,87.23188737
443,2023-03-19,102.9740418,121.1834649,110.7511302,131.3334041
444,2023-03-20,107.3555666,113.2986369,92.96011924,103.6201631
445,2023-03-21,117.9910152,98.15090496,95.361765,127.8548082
446,2023-03-22,103.6390248,97.63565939,117.4583415,88.01506821
447,2023-03-23,105.3256904,110.9473032,98.50377261,86.50467312
448,2023-03-24,102.3674918,122.5663331,116.1802692,127.0008443
449,2023-03-25,103.2144447,109.8526269,104.6568478,84.52447026
450,2023-03-26,116.5087242,91.61341232,100.6384622,108.2578491
451,2023-03-27,85.86440118,73.55607822,111.699845,83.60070323
452,2023-03-28,94.64345549,119.715,100.1994615,96.73618777
453,2023-03-29,96.2782274,92.86667872,97.42576702,110.7620375
454,2023-03-30,100.2249578,103.5869244,100.0840521,113.9815879
455,2023-03-31,84.65088451,103.2631088,110.8296813,100.4211879
456,2023-04-01,96.45630756,105.529385,87.65283763,87.05361602
457,2023-04-02,99.36295525,71.82779533,98.95428532,85.98351583
458,2023-04-03,66.8832599,136.7139924,103.764012,117.2311247
459,2023-04-04,91.42213111,107.4628658,122.2417056,118.0014429
460,2023-04-05,85.85893364,73.09152631,127.7923628,103.8254621
461,2023-04-06,98.0101486,72.6124722,106.0749429,94.81892472
462,2023-04-07,94.45025122,107.4769184,85.0389155,66.20197899
463,2023-04-08,97.34387268,59.93129854,102.5770025,91.89498745
464,2023-04-09,79.9305705,120.6236266,96.78478965,80.28389949
465,2023-04-10,109.8822866,128.2892894,85.55869994,114.4176484
466,2023-04-11,95.99118887,93.89687466,109.1710625,123.8526314
467,2023-04-12,106.2265563,126.6362708,86.40472069,110.9712171
468,2023-04-13,112.6964202,93.69976301,115.4387105,86.1489885
469,2023-04-14,87.95001196,94.38954297,113.236267,99.8073112
470,2023-04-15,79.51829138,101.3346892,109.0969691,90.25483819
471,2023-04-16,101.3103103,123.7279695,114.3628714,116.0632088
472,2023-04-17,108.5656558,99.7155448,99.88187918,88.15093707
473,2023-04-18,93.65481237,85.78632602,91.21417706,102.8266252
474,2023-04-19,92.88138981,36.03953952,107.6398407,93.45083925
475,2023-04-20,103.4789358,90.61950548,105.2231005,94.39653008
476,2023-04-21,73.73520197,110.3260018,111.6904148,90.87605283
477,2023-04-22,99.76313004,115.5808411,104.9957039,103.4868115
478,2023-04-23,126.9570126,67.23588433,114.7970136,100.4689244
479,2023-04-24,90.14996909,76.01516535,110.7966868,110.1538274
480,2023-04-25,87.5234333,128.5883434,92.31175794,127.4668845
481,2023-04-26,98.53261695,123.4401722,104.5559156,96.30773266
482,2023-04-27,96.24032484,93.31435893,102.5633077,106.4075081
483,2023-04-28,107.6335133,108.4926919,102.5241644,110.0273706
484,2023-04-29,83.41209707,112.7741548,99.1059367,91.9619493
485,2023-04-30,119.4014152,109.514259,107.1674456,82.52092677
486,2023-05-01,83.27347058,68.22830436,105.0099226,86.19979106
487,2023-05-02,89.29473218,139.0428079,101.4739585,111.1344122
488,2023-05-03,100.0601882,104.6335699,102.9921691,120.2862414
489,2023-05-04,93.43543832,87.1311214,110.1442423,119.281641
490,2023-05-05,105.5196473,88.49068737,94.37581741,105.4441802
491,2023-05-06,98.91575194,78.97766756,113.2252098,101.9031865
492,2023-05-07,115.8276519,80.70493281,113.2788449,101.9693359
493,2023-05-08,98.70283289,72.29995676,118.8650841,85.57082355
494,2023-05-09,116.0163164,96.93878922,105.3979562,114.6816487
495,2023-05-10,90.28257207,117.7010582,110.8404666,106.6700068
496,2023-05-11,103.3083989,96.33936011,111.2922071,101.0071898
497,2023-05-12,91.29365253,60.97964368,80.53740779,121.7167348
498,2023-05-13,96.82612484,84.55853816,120.9030579,107.3392564
499,2023-05-14,103.9102558,86.92615435,106.4353467,107.2112682
500,2023-05-15,100.1051065,133.0667303,110.8156109,70.12621126
501,2023-05-16,95.11173848,110.0089652,115.973535,127.594605
502,2023-05-17,101.8261873,109.658272,106.0113188,89.89597295
503,2023-05-18,107.0847866,103.6498181,118.9411516,95.60747638
504,2023-05-19,85.69270415,97.84829986,112.2663366,105.7874108
505,2023-05-20,109.6457601,85.99516507,91.86241069,95.94932452
506,2023-05-21,111.1824814,83.91472217,128.3436021,104.848981
507,2023-05-22,95.46317519,100.6509663,102.1677271,109.5394774
508,2023-05-23,112.4457679,80.45349495,107.25918,114.745657
509,2023-05-24,87.60605267,133.2460986,103.522457,119.3667386
510,2023-05-25,98.35658096,104.5744541,110.3922001,90.50272247
511,2023-05-26,118.3547994,90.73865181,94.71181999,110.0327241
512,2023-05-27,112.5484756,76.25637902,103.9754186,102.046455
513,2023-05-28,117.9836266,67.85850106,109.2503697,110.6599487
514,2023-05-29,110.1609009,104.1956293,116.6772491,104.7734928
515,2023-05-30,100.7126561,91.8372325,109.5505473,113.9259516
516,2023-05-31,98.69920721,86.9986689,81.96538888,90.61369363
517,2023-06-01,98.97601778,85.00184878,106.0624364,95.74401906
518,2023-06-02,90.1408835,106.9122097,100.809238,116.8847258
519,2023-06-03,102.5854766,101.3601278,79.84431826,85.26316786
520,2023-06-04,92.64296788,104.5232972,112.8933736,104.9874285
521,2023-06-05,109.4799858,120.5173308,130.659333,91.34166794
522,2023-06-06,100.8079519,98.81004247,103.7025172,132.2524763
523,2023-06-07,101.598528,91.97656144,106.5462779,113.336064
524,2023-06-08,97.38582732,59.97488181,108.3483307,93.74446951
525,2023-06-09,107.1479153,107.8085428,92.34963431,104.5671081
526,2023-06-10,92.13679323,89.3585718,110.1559156,115.7384967
527,2023-06-11,113.4836952,119.9481498,118.1989113,84.2986014
528,2023-06-12,98.76451003,81.58389363,84.74524267,89.55189622
529,2023-06-13,90.7883418,64.72009333,110.7334079,89.07804785
530,2023-06-14,111.5665335,78.25015048,111.5013746,120.268403
531,2023-06-15,98.9031209,111.007044,106.7283224,94.15023642
532,2023-06-16,100.416465,95.93811884,79.95910236,99.4286463
533,2023-06-17,100.9016802,91.57254984,111.3906724,113.4256139
534,2023-06-18,100.2685752,97.98188694,105.4133851,90.58084059
535,2023-06-19,110.6071252,80.8344521,109.2293051,93.68757755
536,2023-06-20,101.0581926,86.92806527,92.17321032,115.5600256
537,2023-06-21,87.61775557,77.75093542,94.86877222,91.92802281
538,2023-06-22,89.02965406,117.3096616,93.05840988,124.160479
539,2023-06-23,122.0543868,95.38484638,102.343996,76.47975775
540,2023-06-24,87.14767567,128.7869135,103.3246112,103.0889236
541,2023-06-25,109.6416399,95.78132366,103.1295748,114.8617733
542,2023-06-26,112.3957122,104.3833691,113.6221247,83.07802769
543,2023-06-27,96.7842413,136.7199778,105.2941783,121.0365516
544,2023-06-28,82.15929897,86.58562299,104.5949697,99.33788829
545,2023-06-29,111.5610792,73.76801051,116.3457286,105.2754535
546,2023-06-30,111.2374861,101.1437243,96.56441688,106.6812361
547,2023-07-01,85.03377407,82.58589125,95.44188874,111.9429959
548,2023-07-02,97.67969896,84.63433308,104.1914569,114.8627676
549,2023-07-03,98.73761382,76.17877334,105.3981464,87.0874423
550,2023-07-04,93.32462289,74.0837769,115.2515588,120.9432178
551,2023-07-05,99.24486175,95.14145683,93.11905226,84.76425014
552,2023-07-06,114.6003033,49.31898405,80.35021361,106.3513991
553,2023-07-07,91.82497369,91.67315464,104.4558593,137.1451497
554,2023-07-08,81.01796115,58.5027636,114.1442979,93.41341773
555,2023-07-09,98.41716635,120.4664641,112.9662206,113.8275666
556,2023-07-10,107.2142131,101.067333,105.7904148,90.70158564
557,2023-07-11,113.8881033,78.4550369,122.7565056,104.0966706
558,2023-07-12,98.86956302,128.6442716,98.52465066,122.3814565
559,2023-07-13,87.39388062,91.77028828,93.31243934,115.4563427
560,2023-07-14,105.4169323,107.2701744,98.30622185,89.32621178
561,2023-07-15,101.9973064,123.7286599,112.0428359,66.29826141
562,2023-07-16,106.8024764,91.02162149,100.5690149,98.22639492
563,2023-07-17,104.7890532,69.26933449,98.16060963,113.5557414
564,2023-07-18,90.24830761,74.01644327,102.2988151,70.91250721
565,2023-07-19,98.83226023,131.1621703,107.6872787,102.990016
566,2023-07-20,93.53918023,99.51000931,114.0976796,92.57858948
567,2023-07-21,108.3841367,107.5565738,106.2698064,118.7018112
568,2023-07-22,96.29934511,48.04339142,98.86793553,84.60889644
569,2023-07-23,109.0989601,89.04055619,99.72697254,114.2594544
570,2023-07-24,100.513172,100.0763385,107.5268826,97.27638626
571,2023-07-25,106.2964522,90.90494694,96.66049082,100.1504741
572,2023-07-26,106.8303138,117.8111345,100.0746195,135.5462996
573,2023-07-27,86.46353274,66.61038051,111.8398271,98.52313374
574,2023-07-28,99.85580492,88.3056183,108.8900051,118.154835
575,2023-07-29,96.12560223,126.251831,105.0616101,99.74758517
576,2023-07-30,122.2299211,73.6811415,93.18040174,126.0925192
577,2023-07-31,112.9564999,75.37611073,96.35852341,106.1493671
578,2023-08-01,109.9036134,69.76974508,104.5893244,80.87188405
579,2023-08-02,99.86523121,86.68262476,95.54846679,108.2414105
580,2023-08-03,85.92532894,119.5191827,101.2955267,95.07349271
581,2023-08-04,90.3022051,116.6169802,108.3944825,78.09867543
582,2023-08-05,92.56188567,94.4779897,106.6011994,95.94261222
583,2023-08-06,91.50084153,124.1824815,87.91381655,97.39237902
584,2023-08-07,114.1844299,126.8018119,104.049098,115.9543279
585,2023-08-08,81.77096927,82.81162346,100.9658729,121.3936682
586,2023-08-09,109.429033,83.63603732,118.1121729,103.7864703
587,2023-08-10,97.50529615,133.5904689,100.0051477,104.0990857
588,2023-08-11,109.8754148,89.3339488,136.267792,82.62831326
589,2023-08-12,95.82192199,106.500486,108.5681664,94.34562679
590,2023-08-13,78.12207152,99.94601829,116.4039919,94.01300413
591,2023-08-14,98.24286285,105.5611261,103.8091498,103.9234169
592,2023-08-15,100.8236234,126.6497193,82.28159021,106.6964872
593,2023-08-16,116.3016105,72.59051212,109.4604398,104.3397099
594,2023-08-17,90.49115886,85.51553335,102.5468788,129.1968002
595,2023-08-18,109.8172259,92.39586324,101.7708194,87.60473498
596,2023-08-19,114.2589372,118.2846696,111.206323,86.16915448
597,2023-08-20,94.18270834,59.99663928,103.6590534,109.1099374
598,2023-08-21,80.41872296,60.41711539,96.86873668,74.35365624
599,2023-08-22,99.02988928,59.84585523,114.5806415,122.1203064
600,2023-08-23,101.0786339,99.23110099,107.3716475,113.4452054
601,2023-08-24,90.13882897,96.69651741,105.8209862,110.2430169
602,2023-08-25,110.5144203,87.28121816,110.8745219,92.2388414
603,2023-08-26,109.9332576,93.2852536,101.6241245,89.78432351
604,2023-08-27,82.88446959,67.161734,113.8435962,116.3563124
605,2023-08-28,107.9447833,161.442466,101.1461708,106.6436503
606,2023-08-29,108.9699204,87.74651086,102.6472478,105.8091975
607,2023-08-30,97.81440737,48.21556003,117.304134,132.2483079
608,2023-08-31,103.445344,125.081331,116.1931751,108.4934009
609,2023-09-01,94.13639276,72.97034065,104.8879183,106.3890053
610,2023-09-02,113.3545984,127.2088557,100.7490732,72.04389023
611,2023-09-03,102.7372366,101.061511,115.8573271,109.6379581
612,2023-09-04,96.76879813,104.8172712,113.7787143,90.33938493
613,2023-09-05,113.6282103,94.75576845,102.3698936,99.46957513
614,2023-09-06,109.1269133,100.8535611,96.63363326,90.63770461
615,2023-09-07,92.19171253,114.0199606,101.043671,115.7424828
616,2023-09-08,98.14058712,95.78599096,98.54590867,102.8800928
617,2023-09-09,99.85385426,123.8376664,110.349036,106.2016958
618,2023-09-10,88.3779995,101.0653635,104.3675421,115.4861458
619,2023-09-11,84.23941034,70.52599518,101.6637356,89.75096582
620,2023-09-12,97.84889245,93.79938977,97.63239136,83.90618273
621,2023-09-13,103.2157518,105.9868825,98.67945953,128.8887884
622,2023-09-14,98.00854106,74.60896025,122.1457704,95.32650959
623,2023-09-15,88.82699778,77.9503851,101.7995714,111.8800507
624,2023-09-16,95.42545583,95.17890277,104.573222,78.38565311
625,2023-09-17,110.9769002,102.778802,104.3448178,75.25400831
626,2023-09-18,108.998914,135.0439119,114.1060227,108.5907281
627,2023-09-19,99.89854536,115.3354174,115.149525,103.39055
628,2023-09-20,86.97388403,57.76226392,88.89868991,113.9212689
629,2023-09-21,100.5799587,104.5362124,113.356806,87.43230681
630,2023-09-22,101.1581199,82.37038557,110.1034547,118.4422905
631,2023-09-23,109.1620101,124.5783419,110.0358332,87.53448313
632,2023-09-24,114.0039741,108.2404594,104.485769,81.15078561
633,2023-09-25,87.04823867,92.31671228,119.6652668,109.7899909
634,2023-09-26,110.0715339,94.96290824,108.6968012,107.9600581
635,2023-09-27,99.54823482,85.55468074,109.0448732,66.95628548
636,2023-09-28,98.35738953,79.51685584,96.65052875,91.8873154
637,2023-09-29,97.70777196,89.3380399,95.69042445,109.9456383
638,2023-09-30,97.88158999,119.4754839,117.8076509,118.2021236
639,2023-10-01,112.9610081,109.9075523,102.8096037,78.53124298
640,2023-10-02,88.8506698,71.63487971,88.29589596,105.1648871
641,2023-10-03,105.3982035,73.46316428,113.6378401,100.8169566
642,2023-10-04,99.73294431,119.3065366,108.4667925,95.44649634
643,2023-10-05,103.3945172,99.75312292,110.9980335,97.8220239
644,2023-10-06,100.8952915,93.09444071,110.5461553,81.05215248
645,2023-10-07,81.75064914,95.14554659,115.7271711,114.4126963
646,2023-10-08,104.8685097,117.8349093,101.0400313,57.63934289
647,2023-10-09,94.69861515,103.909395,95.12849605,128.020771
648,2023-10-10,106.4731453,85.43820549,97.66774197,119.3100299
649,2023-10-11,94.48583234,86.66619151,94.11297092,57.09387373
650,2023-10-12,96.22628771,72.3645164,106.377329,97.37419053
651,2023-10-13,103.0090747,66.21111108,115.1375827,107.2610907
652,2023-10-14,82.91313812,99.63908084,119.3349731,78.75643782
653,2023-10-15,100.5578158,90.45584608,109.9924367,112.5886459
654,2023-10-16,113.7579096,67.23178899,104.3095538,106.6309557
655,2023-10-17,115.1702788,97.2806246,108.2398884,112.741042
656,2023-10-18,99.65637514,78.17838533,92.57353026,79.52518624
657,2023-10-19,75.30712852,114.3925645,94.36264238,109.6235996
658,2023-10-20,79.95370946,96.80921273,102.5985272,116.0499624
659,2023-10-21,92.11992503,80.45495226,110.6310346,120.235222
660,2023-10-22,100.1640681,92.09455416,122.7893853,93.11683547
661,2023-10-23,93.7374567,86.6902949,94.98815021,112.0515865
662,2023-10-24,77.50469295,122.7078108,92.45051804,122.5487539
663,2023-10-25,109.0012605,100.4403071,103.0632759,107.3683214
664,2023-10-26,96.82456478,62.20219714,112.394091,107.1707128
665,2023-10-27,104.3472639,65.77891961,111.4181901,88.9292891
666,2023-10-28,104.9448125,105.4331841,111.7889682,105.1288261
667,2023-10-29,107.9150079,116.0174074,115.6397198,98.3723726
668,2023-10-30,99.15292893,103.8613763,99.89726033,104.4137488
669,2023-10-31,103.9087562,82.0742841,103.1552765,106.9609332
670,2023-11-01,90.01187644,107.782208,96.02617182,69.30159821
671,2023-11-02,86.45644938,99.48473796,112.312659,83.30123222
672,2023-11-03,123.8794024,66.3599673,104.660131,80.37850045
673,2023-11-04,103.4272157,89.9793505,92.08672778,102.315312
674,2023-11-05,104.5758299,144.3559385,106.7429139,86.66066627
675,2023-11-06,114.7942004,92.41211591,137.7789874,77.34559926
676,2023-11-07,108.5293713,85.07006224,126.3317667,118.9124886
677,2023-11-08,104.4312767,104.3094658,97.12331585,123.6371049
678,2023-11-09,97.7973748,87.09323062,110.8020293,85.73517754
679,2023-11-10,101.8486523,108.2277102,107.608913,71.17405649
680,2023-11-11,89.53287916,90.76741145,108.8078114,75.84746036
681,2023-11-12,117.2682799,128.8425486,117.932203,72.19278544
682,2023-11-13,93.17167582,93.98945347,108.7137482,123.613908
683,2023-11-14,89.82592431,102.9922095,106.3684648,114.899235
684,2023-11-15,95.09376841,105.5396296,105.1781394,87.12367586
685,2023-11-16,94.83126606,62.49290652,107.5612102,95.86151921
686,2023-11-17,108.9559275,107.1849762,119.1653404,90.16999494
687,2023-11-18,106.3903491,95.75235255,96.19555739,106.5154727
688,2023-11-19,112.805118,116.0243323,117.5788858,97.85341839
689,2023-11-20,101.9374053,105.2204754,93.07561005,107.1856464
690,2023-11-21,97.33980968,92.33747049,112.6366009,82.0069253
691,2023-11-22,113.7593442,112.4920379,101.2892155,110.3480787
692,2023-11-23,102.4272941,101.7442347,107.1565971,69.27149263
693,2023-11-24,108.8112813,90.38296337,105.7340043,115.9851834
694,2023-11-25,102.9352757,97.00038342,102.0511877,105.1450568
695,2023-11-26,98.98637439,108.2232246,103.4689295,123.0331597
696,2023-11-27,91.04597112,126.5287976,128.8594893,91.21086762
697,2023-11-28,98.17417189,120.5577213,113.7112933,108.5942164
698,2023-11-29,101.8386562,98.50871431,105.4594739,96.39967868
699,2023-11-30,119.6892085,101.1258035,114.3871325,109.5045829
700,2023-12-01,102.9734561,91.25911967,121.7466187,105.282166
701,2023-12-02,109.274489,80.34535343,120.9591508,98.6208157
702,2023-12-03,97.89429376,104.6901238,103.1968478,94.52924008
703,2023-12-04,85.60353247,91.68855749,117.1899169,96.32340721
704,2023-12-05,116.5168101,113.5985053,103.1569257,87.708806
705,2023-12-06,115.2426305,92.53697859,108.4448043,124.5654405
706,2023-12-07,96.51165471,100.4899911,114.2520833,93.70045544
707,2023-12-08,99.42046377,85.72378706,111.2235409,86.86010469
708,2023-12-09,110.2156131,77.73727424,107.2743025,89.05301105
709,2023-12-10,106.444071,104.4959173,104.6013345,96.13118974
710,2023-12-11,82.52543345,115.2077564,116.181921,114.1434546
711,2023-12-12,111.0656685,104.8031878,120.2291349,73.20583198
712,2023-12-13,115.9392248,101.5438204,104.7845236,142.241329
713,2023-12-14,93.81213006,102.9478744,116.2542849,102.3917721
714,2023-12-15,107.382061,120.208516,99.09531645,91.42960194
715,2023-12-16,114.3128439,108.6995248,95.05574573,112.8114647
716,2023-12-17,95.61937252,90.57847272,109.8870307,76.64076399
717,2023-12-18,97.25582475,114.5468331,115.3088711,127.6677531
718,2023-12-19,128.9506065,108.1218091,100.2956596,116.9254908
719,2023-12-20,98.98248881,67.48911746,102.2720504,113.2738271
720,2023-12-21,124.7538046,85.0861903,97.97192354,102.5284975
721,2023-12-22,98.02089522,80.62408717,112.0542543,79.35468897
722,2023-12-23,111.8031013,50.90203244,122.9660364,112.7094966
723,2023-12-24,111.4723695,98.76210732,93.30058033,89.20998751
724,2023-12-25,80.32032902,136.4481158,115.5626194,112.1820232
725,2023-12-26,102.8249636,88.24081188,106.9184137,87.38868603
726,2023-12-27,124.5082557,127.0495604,110.5104891,87.63567107
727,2023-12-28,97.17710565,111.0947111,102.3363067,90.7003981
728,2023-12-29,100.0275583,106.7978158,101.2925582,82.73184621
729,2023-12-30,116.3980913,101.3505811,113.8801337,116.0635313
730,2023-12-31,94.77502002,100.6741187,110.1482802,100.133949
