Date,Number of Bicycle Hires
30/07/2010,6897
31/07/2010,5564
01/08/2010,4303
02/08/2010,6642
03/08/2010,7966
04/08/2010,7893
05/08/2010,8724
06/08/2010,9797
07/08/2010,6631
08/08/2010,7864
09/08/2010,6191
10/08/2010,4802
11/08/2010,14013
12/08/2010,13080
13/08/2010,12151
14/08/2010,9195
15/08/2010,10928
16/08/2010,15384
17/08/2010,15396
18/08/2010,16062
19/08/2010,17170
20/08/2010,16462
21/08/2010,11719
22/08/2010,10129
23/08/2010,12935
24/08/2010,17006
25/08/2010,10062
26/08/2010,9875
27/08/2010,12854
28/08/2010,10116
29/08/2010,7811
30/08/2010,10534
31/08/2010,17508
01/09/2010,19332
02/09/2010,20909
03/09/2010,20113
04/09/2010,14373
05/09/2010,12924
06/09/2010,16841
07/09/2010,25361
08/09/2010,18727
09/09/2010,20774
10/09/2010,19532
11/09/2010,13383
12/09/2010,14002
13/09/2010,18037
14/09/2010,17026
15/09/2010,20890
16/09/2010,20433
17/09/2010,20488
18/09/2010,15495
19/09/2010,11492
20/09/2010,20169
21/09/2010,22906
22/09/2010,23905
23/09/2010,17729
24/09/2010,18053
25/09/2010,14010
26/09/2010,7890
27/09/2010,18789
28/09/2010,21554
29/09/2010,13899
30/09/2010,21823
01/10/2010,11424
02/10/2010,10704
03/10/2010,8237
04/10/2010,23688
05/10/2010,22054
06/10/2010,20114
07/10/2010,24072
08/10/2010,22886
09/10/2010,14463
10/10/2010,14871
11/10/2010,21986
12/10/2010,23016
13/10/2010,22251
14/10/2010,21582
15/10/2010,20934
16/10/2010,12735
17/10/2010,12764
18/10/2010,20464
19/10/2010,17964
20/10/2010,20750
21/10/2010,21161
22/10/2010,20164
23/10/2010,11584
24/10/2010,11259
25/10/2010,18430
26/10/2010,13950
27/10/2010,19559
28/10/2010,19995
29/10/2010,19119
30/10/2010,13493
31/10/2010,8739
01/11/2010,19785
02/11/2010,21754
03/11/2010,27964
04/11/2010,22424
05/11/2010,15815
06/11/2010,11877
07/11/2010,9331
08/11/2010,11328
09/11/2010,16026
10/11/2010,19767
11/11/2010,12901
12/11/2010,14534
13/11/2010,12123
14/11/2010,6235
15/11/2010,18086
16/11/2010,18764
17/11/2010,17005
18/11/2010,15974
19/11/2010,18545
20/11/2010,10806
21/11/2010,8356
22/11/2010,17258
23/11/2010,17427
24/11/2010,18628
25/11/2010,16822
26/11/2010,16092
27/11/2010,7867
28/11/2010,6866
29/11/2010,16681
30/11/2010,9263
01/12/2010,9848
02/12/2010,7356
03/12/2010,8264
04/12/2010,7857
05/12/2010,8321
06/12/2010,13855
07/12/2010,15033
08/12/2010,15225
09/12/2010,16171
10/12/2010,15602
11/12/2010,10328
12/12/2010,8585
13/12/2010,14997
14/12/2010,15550
15/12/2010,13412
16/12/2010,10833
17/12/2010,10366
18/12/2010,2805
19/12/2010,2764
20/12/2010,6876
21/12/2010,7879
22/12/2010,9718
23/12/2010,8867
24/12/2010,5402,,,Oct 22,18
25/12/2010,5621
26/12/2010,4383
27/12/2010,3971
28/12/2010,3763
29/12/2010,7010
30/12/2010,7464
31/12/2010,7448
01/01/2011,4555
02/01/2011,6250
03/01/2011,7262
04/01/2011,13430
05/01/2011,13757
06/01/2011,9595
07/01/2011,9294
08/01/2011,9338
09/01/2011,10558
10/01/2011,16058
11/01/2011,16412
12/01/2011,13894
13/01/2011,15911
14/01/2011,14834
15/01/2011,11851
16/01/2011,10471
17/01/2011,10835
18/01/2011,17703
19/01/2011,18350
20/01/2011,17957
21/01/2011,16509
22/01/2011,10658
23/01/2011,9911
24/01/2011,17193
25/01/2011,17045
26/01/2011,16396
27/01/2011,16519
28/01/2011,15538
29/01/2011,9379
30/01/2011,9455
31/01/2011,16260
01/02/2011,16331
02/02/2011,18102
03/02/2011,15593
04/02/2011,14938
05/02/2011,8442
06/02/2011,9437
07/02/2011,16537
08/02/2011,19829
09/02/2011,18197
10/02/2011,11496
11/02/2011,16070
12/02/2011,12855
13/02/2011,7034
14/02/2011,17836
15/02/2011,15667
16/02/2011,18989
17/02/2011,18938
18/02/2011,17460
19/02/2011,6250
20/02/2011,7882
21/02/2011,13720
22/02/2011,15948
23/02/2011,12936
24/02/2011,19230
25/02/2011,18634
26/02/2011,7749
27/02/2011,8349
28/02/2011,13843
01/03/2011,15774
02/03/2011,16929
03/03/2011,16576
04/03/2011,16971
05/03/2011,9847
06/03/2011,7142
07/03/2011,16192
08/03/2011,17240
09/03/2011,18494
10/03/2011,18794
11/03/2011,19074
12/03/2011,15488
13/03/2011,10526
14/03/2011,19451
15/03/2011,19568
16/03/2011,19643
17/03/2011,20036
18/03/2011,14612
19/03/2011,17801
20/03/2011,14694
21/03/2011,20710
22/03/2011,21792
23/03/2011,23837
24/03/2011,23518
25/03/2011,24343
26/03/2011,16095
27/03/2011,17550
28/03/2011,21602
29/03/2011,22080
30/03/2011,18945
31/03/2011,20831
01/04/2011,22048
02/04/2011,19829
03/04/2011,17294
04/04/2011,20949
05/04/2011,16690
06/04/2011,25597
07/04/2011,25451
08/04/2011,26622
09/04/2011,22323
10/04/2011,21346
11/04/2011,22204
12/04/2011,23651
13/04/2011,18909
14/04/2011,22346
15/04/2011,22974
16/04/2011,19632
17/04/2011,22009
18/04/2011,24032
19/04/2011,27914
20/04/2011,27934
21/04/2011,26547
22/04/2011,23719
23/04/2011,19182
24/04/2011,21313
25/04/2011,21669
26/04/2011,22038
27/04/2011,24349
28/04/2011,23794
29/04/2011,19700
30/04/2011,21574
01/05/2011,19489
02/05/2011,18126
03/05/2011,23786
04/05/2011,26183
05/05/2011,23620
06/05/2011,28971
07/05/2011,22274
08/05/2011,21011
09/05/2011,27172
10/05/2011,29417
11/05/2011,27205
12/05/2011,23461
13/05/2011,23991
14/05/2011,21100
15/05/2011,19097
16/05/2011,24620
17/05/2011,25464
18/05/2011,23068
19/05/2011,27534
20/05/2011,27523
21/05/2011,24408
22/05/2011,19348
23/05/2011,24268
24/05/2011,27768
25/05/2011,28708
26/05/2011,18055
27/05/2011,22907
28/05/2011,15693
29/05/2011,18396
30/05/2011,16097
31/05/2011,23312
01/06/2011,26054
02/06/2011,26920
03/06/2011,26641
04/06/2011,15233
05/06/2011,8420
06/06/2011,13812
07/06/2011,22378
08/06/2011,23013
09/06/2011,25061
10/06/2011,20141
11/06/2011,21059
12/06/2011,6061
13/06/2011,23978
14/06/2011,28889
15/06/2011,25643
16/06/2011,17566
17/06/2011,15723
18/06/2011,13721
19/06/2011,17092
20/06/2011,20101
21/06/2011,26780
22/06/2011,22745
23/06/2011,24559
24/06/2011,22137
25/06/2011,17944
26/06/2011,23483
27/06/2011,26243
28/06/2011,21950
29/06/2011,28073
30/06/2011,27297
01/07/2011,27758
02/07/2011,22764
03/07/2011,21423
04/07/2011,27332
05/07/2011,24802
06/07/2011,26207
07/07/2011,20483
08/07/2011,19485
09/07/2011,21360
10/07/2011,20203
11/07/2011,26355
12/07/2011,26633
13/07/2011,25417
14/07/2011,26479
15/07/2011,27114
16/07/2011,10224
17/07/2011,10965
18/07/2011,18541
19/07/2011,21218
20/07/2011,21580
21/07/2011,20951
22/07/2011,25172
23/07/2011,20264
24/07/2011,22464
25/07/2011,25185
26/07/2011,25636
27/07/2011,24989
28/07/2011,26759
29/07/2011,25373
30/07/2011,23930
31/07/2011,21388
01/08/2011,22940
02/08/2011,24290
03/08/2011,26120
04/08/2011,15149
05/08/2011,26792
06/08/2011,20485
07/08/2011,14912
08/08/2011,23489
09/08/2011,23011
10/08/2011,24182
11/08/2011,20573
12/08/2011,22971
13/08/2011,20731
14/08/2011,21115
15/08/2011,23657
16/08/2011,24899
17/08/2011,23010
18/08/2011,16139
19/08/2011,25444
20/08/2011,17334
21/08/2011,21836
22/08/2011,25222
23/08/2011,10953
24/08/2011,22883
25/08/2011,20026
26/08/2011,12368
27/08/2011,14045
28/08/2011,15908
29/08/2011,17443
30/08/2011,21477
31/08/2011,23036
01/09/2011,25110
02/09/2011,25981
03/09/2011,24578
04/09/2011,14967
05/09/2011,21776
06/09/2011,13863
07/09/2011,22746
08/09/2011,23679
09/09/2011,23957
10/09/2011,20069
11/09/2011,17719
12/09/2011,21572
13/09/2011,23962
14/09/2011,25824
15/09/2011,25803
16/09/2011,25567
17/09/2011,15147
18/09/2011,17327
19/09/2011,23708
20/09/2011,23676
21/09/2011,22730
22/09/2011,24601
23/09/2011,25114
24/09/2011,22113
25/09/2011,21211
26/09/2011,20527
27/09/2011,24841
28/09/2011,28434
29/09/2011,29039
30/09/2011,29139
01/10/2011,27129
02/10/2011,26906
03/10/2011,27559
04/10/2011,26131
05/10/2011,26263
06/10/2011,25083
07/10/2011,24529
08/10/2011,18154
09/10/2011,17643
10/10/2011,24198
11/10/2011,26184
12/10/2011,26323
13/10/2011,25149
14/10/2011,26542
15/10/2011,23663
16/10/2011,18530
17/10/2011,23892
18/10/2011,23791
19/10/2011,23259
20/10/2011,23157
21/10/2011,23253
22/10/2011,20482
23/10/2011,18560
24/10/2011,22842
25/10/2011,22771
26/10/2011,17621
27/10/2011,19360
28/10/2011,23158
29/10/2011,18228
30/10/2011,15443
31/10/2011,22999
01/11/2011,22747
02/11/2011,23724
03/11/2011,18676
04/11/2011,18774
05/11/2011,16434
06/11/2011,14317
07/11/2011,20365
08/11/2011,19231
09/11/2011,22542
10/11/2011,23475
11/11/2011,21140
12/11/2011,18933
13/11/2011,17744
14/11/2011,19913
15/11/2011,22245
16/11/2011,21639
17/11/2011,22802
18/11/2011,22461
19/11/2011,18706
20/11/2011,14829
21/11/2011,20824
22/11/2011,20341
23/11/2011,21855
24/11/2011,21870
25/11/2011,21598
26/11/2011,15803
27/11/2011,14362
28/11/2011,20167
29/11/2011,18718
30/11/2011,20956
01/12/2011,16481
02/12/2011,19146
03/12/2011,13776
04/12/2011,10276
05/12/2011,18176
06/12/2011,18943
07/12/2011,19279
08/12/2011,17313
09/12/2011,18421
10/12/2011,11864
11/12/2011,8368
12/12/2011,16554
13/12/2011,17111
14/12/2011,17543
15/12/2011,17081
16/12/2011,11778
17/12/2011,8925
18/12/2011,7485
19/12/2011,11270
20/12/2011,15685
21/12/2011,14158
22/12/2011,15099
23/12/2011,9131
24/12/2011,4890
25/12/2011,17998
26/12/2011,10953
27/12/2011,8076
28/12/2011,9888
29/12/2011,8368
30/12/2011,6900
31/12/2011,7793
01/01/2012,5171
02/01/2012,9091
03/01/2012,10094
04/01/2012,13936
05/01/2012,14191
06/01/2012,17713
07/01/2012,12556
08/01/2012,10487
09/01/2012,19472
10/01/2012,20548
11/01/2012,20958
12/01/2012,20879
13/01/2012,19691
14/01/2012,13843
15/01/2012,12149
16/01/2012,19136
17/01/2012,20170
18/01/2012,17972
19/01/2012,15441
20/01/2012,18703
21/01/2012,13339
22/01/2012,12845
23/01/2012,20193
24/01/2012,13269
25/01/2012,20836
26/01/2012,19515
27/01/2012,20775
28/01/2012,13272
29/01/2012,10949
30/01/2012,18955
31/01/2012,18176
01/02/2012,18208
02/02/2012,16916
03/02/2012,16185
04/02/2012,8348
05/02/2012,3531
06/02/2012,15202
07/02/2012,17722
08/02/2012,16442
09/02/2012,16363
10/02/2012,15117
11/02/2012,9912
12/02/2012,8020
13/02/2012,13172
14/02/2012,17946
15/02/2012,19396
16/02/2012,19505
17/02/2012,19444
18/02/2012,9463
19/02/2012,12655
20/02/2012,18802
21/02/2012,20861
22/02/2012,18112
23/02/2012,23391
24/02/2012,22067
25/02/2012,19349
26/02/2012,17646
27/02/2012,20936
28/02/2012,23423
29/02/2012,23692
01/03/2012,25116
02/03/2012,21928
03/03/2012,17697
04/03/2012,5062
05/03/2012,19342
06/03/2012,21102
07/03/2012,17096
08/03/2012,24123
09/03/2012,23609
10/03/2012,24721
11/03/2012,27758
12/03/2012,28856
13/03/2012,27528
14/03/2012,28296
15/03/2012,29969
16/03/2012,26452
17/03/2012,13391
18/03/2012,19184
19/03/2012,28391
20/03/2012,30817
21/03/2012,31175
22/03/2012,31135
23/03/2012,33635
24/03/2012,35091
25/03/2012,28607
26/03/2012,32368
27/03/2012,34563
28/03/2012,36539
29/03/2012,35954
30/03/2012,35666
31/03/2012,23038
01/04/2012,30513
02/04/2012,32142
03/04/2012,25956
04/04/2012,27912
05/04/2012,24383
06/04/2012,22354
07/04/2012,16848
08/04/2012,15717
09/04/2012,6214
10/04/2012,24898
11/04/2012,29345
12/04/2012,25772
13/04/2012,27673
14/04/2012,26193
15/04/2012,10188
16/04/2012,28188
17/04/2012,20105
18/04/2012,16651
19/04/2012,18759
20/04/2012,22730
21/04/2012,22014
22/04/2012,19707
23/04/2012,19262
24/04/2012,27522
25/04/2012,12737
26/04/2012,21740
27/04/2012,24263
28/04/2012,7827
29/04/2012,9951
30/04/2012,31909
01/05/2012,24523
02/05/2012,28381
03/05/2012,23768
04/05/2012,25503
05/05/2012,16009
06/05/2012,17160
07/05/2012,15227
08/05/2012,28585
09/05/2012,21758
10/05/2012,26164
11/05/2012,31385
12/05/2012,30699
13/05/2012,28778
14/05/2012,23344
15/05/2012,18409
16/05/2012,31453
17/05/2012,31219
18/05/2012,30945
19/05/2012,28474
20/05/2012,22286
21/05/2012,30905
22/05/2012,36720
23/05/2012,40486
24/05/2012,42008
25/05/2012,41357
26/05/2012,39358
27/05/2012,38781
28/05/2012,40872
29/05/2012,37962
30/05/2012,38803
31/05/2012,35630
01/06/2012,34524
02/06/2012,25283
03/06/2012,12207
04/06/2012,22649
05/06/2012,15537
06/06/2012,30297
07/06/2012,23066
08/06/2012,22224
09/06/2012,29258
10/06/2012,20876
11/06/2012,10252
12/06/2012,23742
13/06/2012,34447
14/06/2012,31593
15/06/2012,30944
16/06/2012,26300
17/06/2012,28531
18/06/2012,31089
19/06/2012,37601
20/06/2012,39267
21/06/2012,27052
22/06/2012,33027
23/06/2012,26900
24/06/2012,23509
25/06/2012,36337
26/06/2012,37652
27/06/2012,36767
28/06/2012,39571
29/06/2012,35321
30/06/2012,32982
01/07/2012,27438
02/07/2012,24963
03/07/2012,27163
04/07/2012,32433
05/07/2012,40565
06/07/2012,24723
07/07/2012,24782
08/07/2012,15855
09/07/2012,30523
10/07/2012,29723
11/07/2012,30544
12/07/2012,24736
13/07/2012,28875
14/07/2012,17999
15/07/2012,29938
16/07/2012,24218
17/07/2012,36788
18/07/2012,29841
19/07/2012,37032
20/07/2012,31187
21/07/2012,34776
22/07/2012,38620
23/07/2012,42309
24/07/2012,45748
25/07/2012,45024
26/07/2012,46891
27/07/2012,42815
28/07/2012,44617
29/07/2012,26352
30/07/2012,41891
31/07/2012,35805
01/08/2012,41603
02/08/2012,43183
03/08/2012,43045
04/08/2012,39082
05/08/2012,30150
06/08/2012,37198
07/08/2012,38134
08/08/2012,42263
09/08/2012,46050
10/08/2012,47102
11/08/2012,44111
12/08/2012,41734
13/08/2012,36101
14/08/2012,41532
15/08/2012,36557
16/08/2012,38181
17/08/2012,40821
18/08/2012,40577
19/08/2012,35370
20/08/2012,37997
21/08/2012,39185
22/08/2012,39962
23/08/2012,36578
24/08/2012,33329
25/08/2012,17802
26/08/2012,31939
27/08/2012,27522
28/08/2012,37362
29/08/2012,30916
30/08/2012,30379
31/08/2012,37406
01/09/2012,33123
02/09/2012,27997
03/09/2012,39941
04/09/2012,40298
05/09/2012,40606
06/09/2012,39864
07/09/2012,41414
08/09/2012,40978
09/09/2012,39006
10/09/2012,35489
11/09/2012,37276
12/09/2012,35654
13/09/2012,37938
14/09/2012,36653
15/09/2012,36493
16/09/2012,29785
17/09/2012,35954
18/09/2012,37026
19/09/2012,36136
20/09/2012,35929
21/09/2012,32347
22/09/2012,33867
23/09/2012,8452
24/09/2012,21229
25/09/2012,33706
26/09/2012,27202
27/09/2012,32416
28/09/2012,31880
29/09/2012,31223
30/09/2012,25263
01/10/2012,23627
02/10/2012,30107
03/10/2012,32695
04/10/2012,35136
05/10/2012,23773
06/10/2012,30424
07/10/2012,27168
08/10/2012,22984
09/10/2012,32965
10/10/2012,35221
11/10/2012,25324
12/10/2012,31694
13/10/2012,26289
14/10/2012,25440
15/10/2012,30558
16/10/2012,33253
17/10/2012,30285
18/10/2012,32566
19/10/2012,21001
20/10/2012,25411
21/10/2012,15563
22/10/2012,27294
23/10/2012,31996
24/10/2012,33882
25/10/2012,29515
26/10/2012,26404
27/10/2012,17144
28/10/2012,15305
29/10/2012,24276
30/10/2012,30325
31/10/2012,29241
01/11/2012,26888
02/11/2012,28748
03/11/2012,21498
04/11/2012,11693
05/11/2012,27666
06/11/2012,27038
07/11/2012,29537
08/11/2012,29895
09/11/2012,29349
10/11/2012,18018
11/11/2012,20971
12/11/2012,23680
13/11/2012,30511
14/11/2012,31453
15/11/2012,30165
16/11/2012,28143
17/11/2012,20325
18/11/2012,21664
19/11/2012,28127
20/11/2012,25921
21/11/2012,20554
22/11/2012,27783
23/11/2012,27973
24/11/2012,8902
25/11/2012,16894
26/11/2012,20656
27/11/2012,20388
28/11/2012,21403
29/11/2012,26212
30/11/2012,24838
01/12/2012,16068
02/12/2012,15227
03/12/2012,23592
04/12/2012,26144
05/12/2012,23111
06/12/2012,22645
07/12/2012,20140
08/12/2012,17805
09/12/2012,14147
10/12/2012,23937
11/12/2012,23531
12/12/2012,22344
13/12/2012,21704
14/12/2012,17085
15/12/2012,16962
16/12/2012,14128
17/12/2012,22899
18/12/2012,23651
19/12/2012,16828
20/12/2012,12401
21/12/2012,20395
22/12/2012,5644
23/12/2012,9184
24/12/2012,7985
25/12/2012,16816
26/12/2012,10405
27/12/2012,9013
28/12/2012,10947
29/12/2012,8498
30/12/2012,11343
31/12/2012,8865
01/01/2013,12149
02/01/2013,16203
03/01/2013,21269
04/01/2013,22435
05/01/2013,16242
06/01/2013,13622
07/01/2013,23348
08/01/2013,25909
09/01/2013,25341
10/01/2013,24363
11/01/2013,23869
12/01/2013,13562
13/01/2013,12260
14/01/2013,17427
15/01/2013,22797
16/01/2013,22460
17/01/2013,22210
18/01/2013,13108
19/01/2013,7843
20/01/2013,3728
21/01/2013,13467
22/01/2013,18061
23/01/2013,19404
24/01/2013,20721
25/01/2013,20178
26/01/2013,14595
27/01/2013,13689
28/01/2013,18689
29/01/2013,21268
30/01/2013,23415
31/01/2013,21957
01/02/2013,18081
02/02/2013,15757
03/02/2013,13572
04/02/2013,23017
05/02/2013,21177
06/02/2013,20664
07/02/2013,20852
08/02/2013,20571
09/02/2013,11274
10/02/2013,4901
11/02/2013,13468
12/02/2013,20342
13/02/2013,21051
14/02/2013,21034
15/02/2013,22952
16/02/2013,19072
17/02/2013,19044
18/02/2013,22724
19/02/2013,24525
20/02/2013,20938
21/02/2013,19757
22/02/2013,18313
23/02/2013,11234
24/02/2013,9404
25/02/2013,19800
26/02/2013,19595
27/02/2013,21484
28/02/2013,21985
01/03/2013,19487
02/03/2013,15265
03/03/2013,14520
04/03/2013,23036
05/03/2013,27054
06/03/2013,24324
07/03/2013,17322
08/03/2013,13843
09/03/2013,14244
10/03/2013,10163
11/03/2013,16546
12/03/2013,18794
13/03/2013,20245
14/03/2013,21984
15/03/2013,17159
16/03/2013,9190
17/03/2013,7940
18/03/2013,15852
19/03/2013,22479
20/03/2013,22216
21/03/2013,22061
22/03/2013,16233
23/03/2013,5249
24/03/2013,6786
25/03/2013,17290
26/03/2013,18384
27/03/2013,19184
28/03/2013,18052
29/03/2013,10909
30/03/2013,9793
31/03/2013,9007
01/04/2013,9421
02/04/2013,19148
03/04/2013,17801
04/04/2013,15626
05/04/2013,18059
06/04/2013,18216
07/04/2013,18090
08/04/2013,21797
09/04/2013,17555
10/04/2013,22233
11/04/2013,19240
12/04/2013,15100
13/04/2013,11291
14/04/2013,25074
15/04/2013,24923
16/04/2013,26060
17/04/2013,25730
18/04/2013,23979
19/04/2013,24297
20/04/2013,26724
21/04/2013,22466
22/04/2013,25384
23/04/2013,31359
24/04/2013,30193
25/04/2013,32000
26/04/2013,23125
27/04/2013,17337
28/04/2013,19139
29/04/2013,27644
30/04/2013,29219
01/05/2013,31175
02/05/2013,31239
03/05/2013,31340
04/05/2013,19156
05/05/2013,24342
06/05/2013,29015
07/05/2013,30707
08/05/2013,26032
09/05/2013,24250
10/05/2013,26399
11/05/2013,16627
12/05/2013,15918
13/05/2013,24836
14/05/2013,18054
15/05/2013,24015
16/05/2013,26070
17/05/2013,24932
18/05/2013,22272
19/05/2013,23994
20/05/2013,25914
21/05/2013,27649
22/05/2013,26967
23/05/2013,24701
24/05/2013,12891
25/05/2013,21087
26/05/2013,27251
27/05/2013,25819
28/05/2013,14556
29/05/2013,21440
30/05/2013,22150
31/05/2013,29136
01/06/2013,24782
02/06/2013,27202
03/06/2013,29940
04/06/2013,32397
05/06/2013,32488
06/06/2013,32829
07/06/2013,28762
08/06/2013,27264
09/06/2013,19429
10/06/2013,27336
11/06/2013,26601
12/06/2013,24401
13/06/2013,26388
14/06/2013,28797
15/06/2013,16020
16/06/2013,19970
17/06/2013,28611
18/06/2013,30871
19/06/2013,31899
20/06/2013,29959
21/06/2013,28844
22/06/2013,19483
23/06/2013,19006
24/06/2013,27636
25/06/2013,31889
26/06/2013,31156
27/06/2013,27306
28/06/2013,22074
29/06/2013,29054
30/06/2013,31237
01/07/2013,31151
02/07/2013,30163
03/07/2013,30780
04/07/2013,32941
05/07/2013,34704
06/07/2013,34191
07/07/2013,31363
08/07/2013,34263
09/07/2013,35519
10/07/2013,33629
11/07/2013,33792
12/07/2013,33173
13/07/2013,33509
14/07/2013,32169
15/07/2013,34419
16/07/2013,35580
17/07/2013,35203
18/07/2013,35330
19/07/2013,35196
20/07/2013,28332
21/07/2013,30075
22/07/2013,33176
23/07/2013,31624
24/07/2013,34038
25/07/2013,33683
26/07/2013,34681
27/07/2013,25761
28/07/2013,28177
29/07/2013,30415
30/07/2013,22742
31/07/2013,28976
01/08/2013,34770
02/08/2013,29109
03/08/2013,34928
04/08/2013,32580
05/08/2013,23864
06/08/2013,33631
07/08/2013,33084
08/08/2013,33737
09/08/2013,28206
10/08/2013,28830
11/08/2013,29530
12/08/2013,30425
13/08/2013,30933
14/08/2013,31412
15/08/2013,30865
16/08/2013,25555
17/08/2013,23931
18/08/2013,26910
19/08/2013,31183
20/08/2013,33578
21/08/2013,33214
22/08/2013,22363
23/08/2013,30665
24/08/2013,7341
25/08/2013,21638
26/08/2013,27802
27/08/2013,29563
28/08/2013,32024
29/08/2013,31639
30/08/2013,31127
31/08/2013,29718
01/09/2013,23856
02/09/2013,31292
03/09/2013,31600
04/09/2013,33406
05/09/2013,33574
06/09/2013,20930
07/09/2013,21279
08/09/2013,18046
09/09/2013,17943
10/09/2013,24558
11/09/2013,23386
12/09/2013,24246
13/09/2013,15392
14/09/2013,12977
15/09/2013,4826
16/09/2013,21892
17/09/2013,18428
18/09/2013,25319
19/09/2013,18746
20/09/2013,26196
21/09/2013,21988
22/09/2013,22683
23/09/2013,26625
24/09/2013,28666
25/09/2013,28183
26/09/2013,28857
27/09/2013,27371
28/09/2013,21716
29/09/2013,20654
30/09/2013,27089
01/10/2013,27711
02/10/2013,26467
03/10/2013,25153
04/10/2013,26522
05/10/2013,22996
06/10/2013,25143
07/10/2013,26680
08/10/2013,27598
09/10/2013,26433
10/10/2013,23497
11/10/2013,15640
12/10/2013,17068
13/10/2013,7068
14/10/2013,18979
15/10/2013,24657
16/10/2013,20562
17/10/2013,25170
18/10/2013,24880
19/10/2013,17430
20/10/2013,11396
21/10/2013,21385
22/10/2013,22316
23/10/2013,24178
24/10/2013,26399
25/10/2013,23677
26/10/2013,16986
27/10/2013,15652
28/10/2013,14577
29/10/2013,23126
30/10/2013,24753
31/10/2013,20055
01/11/2013,20597
02/11/2013,15347
03/11/2013,13063
04/11/2013,20369
05/11/2013,19326
06/11/2013,18431
07/11/2013,22527
08/11/2013,15188
09/11/2013,6772
10/11/2013,9767
11/11/2013,14377
12/11/2013,19572
13/11/2013,22021
14/11/2013,21061
15/11/2013,20850
16/11/2013,15029
17/11/2013,12340
18/11/2013,18491
19/11/2013,20335
20/11/2013,14115
21/11/2013,18668
22/11/2013,18789
23/11/2013,13276
24/11/2013,10505
25/11/2013,19201
26/11/2013,20486
27/11/2013,20274
28/11/2013,20649
29/11/2013,19397
30/11/2013,13323
01/12/2013,11711
02/12/2013,19630
03/12/2013,20242
04/12/2013,20035
05/12/2013,18326
06/12/2013,18494
07/12/2013,13625
08/12/2013,13076
09/12/2013,19969
10/12/2013,20432
11/12/2013,19123
12/12/2013,19420
13/12/2013,16921
14/12/2013,14049
15/12/2013,8557
16/12/2013,13825
17/12/2013,15689
18/12/2013,17311
19/12/2013,17738
20/12/2013,18046
21/12/2013,5774
22/12/2013,9233
23/12/2013,6246
24/12/2013,6201
25/12/2013,27715
26/12/2013,7666
27/12/2013,7258
28/12/2013,10533
29/12/2013,10983
30/12/2013,8413
31/12/2013,7701
01/01/2014,4327
02/01/2014,15820
03/01/2014,11636
04/01/2014,6918
05/01/2014,9145
06/01/2014,13066
07/01/2014,17420
08/01/2014,19770
09/01/2014,19143
10/01/2014,18840
11/01/2014,15723
12/01/2014,11975
13/01/2014,17721
14/01/2014,20740
15/01/2014,19243
16/01/2014,18861
17/01/2014,17434
18/01/2014,15333
19/01/2014,16083
20/01/2014,21218
21/01/2014,21756
22/01/2014,21072
23/01/2014,20020
24/01/2014,19272
25/01/2014,14581
26/01/2014,7033
27/01/2014,18285
28/01/2014,19939
29/01/2014,10585
30/01/2014,17052
31/01/2014,13859
01/02/2014,13981
02/02/2014,15924
03/02/2014,20370
04/02/2014,21217
05/02/2014,29418
06/02/2014,25395
07/02/2014,19857
08/02/2014,10928
09/02/2014,11657
10/02/2014,19278
11/02/2014,18514
12/02/2014,18000
13/02/2014,20954
14/02/2014,12794
15/02/2014,11208
16/02/2014,18484
17/02/2014,19013
18/02/2014,19484
19/02/2014,21556
20/02/2014,19396
21/02/2014,21269
22/02/2014,20033
23/02/2014,13680
24/02/2014,21469
25/02/2014,20713
26/02/2014,23938
27/02/2014,20629
28/02/2014,13781
01/03/2014,18823
02/03/2014,11727
03/03/2014,18150
04/03/2014,23069
05/03/2014,25102
06/03/2014,24696
07/03/2014,24385
08/03/2014,25556
09/03/2014,33955
10/03/2014,24347
11/03/2014,23871
12/03/2014,27173
13/03/2014,27552
14/03/2014,28134
15/03/2014,29664
16/03/2014,34421
17/03/2014,26465
18/03/2014,25502
19/03/2014,26719
20/03/2014,23718
21/03/2014,23821
22/03/2014,19091
23/03/2014,17463
24/03/2014,24055
25/03/2014,19421
26/03/2014,20493
27/03/2014,23462
28/03/2014,24198
29/03/2014,29511
30/03/2014,26605
31/03/2014,26715
01/04/2014,29782
02/04/2014,28876
03/04/2014,28245
04/04/2014,27401
05/04/2014,25648
06/04/2014,16387
07/04/2014,18883
08/04/2014,26654
09/04/2014,29621
10/04/2014,29229
11/04/2014,28435
12/04/2014,25706
13/04/2014,31404
14/04/2014,28742
15/04/2014,30031
16/04/2014,30934
17/04/2014,27676
18/04/2014,22152
19/04/2014,21424
20/04/2014,7188
21/04/2014,20532
22/04/2014,22689
23/04/2014,27102
24/04/2014,29119
25/04/2014,20400
26/04/2014,25195
27/04/2014,21284
28/04/2014,29474
29/04/2014,46333
30/04/2014,49025
01/05/2014,16644
02/05/2014,26510
03/05/2014,31534
04/05/2014,33030
05/05/2014,33748
06/05/2014,32323
07/05/2014,28802
08/05/2014,19398
09/05/2014,30131
10/05/2014,19373
11/05/2014,17645
12/05/2014,26149
13/05/2014,25351
14/05/2014,34122
15/05/2014,35148
16/05/2014,36268
17/05/2014,38147
18/05/2014,43663
19/05/2014,37088
20/05/2014,33626
21/05/2014,34437
22/05/2014,30819
23/05/2014,30556
24/05/2014,18723
25/05/2014,33401
26/05/2014,12049
27/05/2014,14446
28/05/2014,21978
29/05/2014,29229
30/05/2014,31331
31/05/2014,35040
01/06/2014,36655
02/06/2014,33481
03/06/2014,29332
04/06/2014,25905
05/06/2014,34617
06/06/2014,37440
07/06/2014,29919
08/06/2014,44415
09/06/2014,34305
10/06/2014,40128
11/06/2014,39582
12/06/2014,39928
13/06/2014,40036
14/06/2014,32758
15/06/2014,28944
16/06/2014,31592
17/06/2014,37658
18/06/2014,35431
19/06/2014,36113
20/06/2014,36924
21/06/2014,42463
22/06/2014,41596
23/06/2014,35206
24/06/2014,38066
25/06/2014,39623
26/06/2014,35438
27/06/2014,35912
28/06/2014,20199
29/06/2014,26714
30/06/2014,32193
01/07/2014,39495
02/07/2014,40878
03/07/2014,43116
04/07/2014,38316
05/07/2014,27332
06/07/2014,31117
07/07/2014,36191
08/07/2014,35107
09/07/2014,38844
10/07/2014,32108
11/07/2014,27618
12/07/2014,38331
13/07/2014,33227
14/07/2014,38450
15/07/2014,40888
16/07/2014,42341
17/07/2014,42404
18/07/2014,40543
19/07/2014,37061
20/07/2014,34379
21/07/2014,38499
22/07/2014,42928
23/07/2014,42486
24/07/2014,42412
25/07/2014,31881
26/07/2014,43788
27/07/2014,39917
28/07/2014,36203
29/07/2014,42308
30/07/2014,43044
31/07/2014,41970
01/08/2014,40009
02/08/2014,38046
03/08/2014,41944
04/08/2014,39856
05/08/2014,40716
06/08/2014,38665
07/08/2014,42491
08/08/2014,34234
09/08/2014,47454
10/08/2014,23980
11/08/2014,31725
12/08/2014,34827
13/08/2014,37856
14/08/2014,27185
15/08/2014,32510
16/08/2014,47245
17/08/2014,39952
18/08/2014,30784
19/08/2014,35332
20/08/2014,36817
21/08/2014,33236
22/08/2014,34047
23/08/2014,29999
24/08/2014,30962
25/08/2014,6175
26/08/2014,18448
27/08/2014,32286
28/08/2014,31842
29/08/2014,32439
30/08/2014,30832
31/08/2014,33312
01/09/2014,27455
02/09/2014,36836
03/09/2014,36523
04/09/2014,35448
05/09/2014,35013
06/09/2014,33434
07/09/2014,34248
08/09/2014,36983
09/09/2014,37674
10/09/2014,37091
11/09/2014,35303
12/09/2014,37144
13/09/2014,34174
14/09/2014,31770
15/09/2014,36629
16/09/2014,37535
17/09/2014,38583
18/09/2014,38442
19/09/2014,36841
20/09/2014,31031
21/09/2014,33334
22/09/2014,35178
23/09/2014,36460
24/09/2014,32680
25/09/2014,35367
26/09/2014,35474
27/09/2014,35087
28/09/2014,37873
29/09/2014,31701
30/09/2014,37373
01/10/2014,32733
02/10/2014,36992
03/10/2014,37909
04/10/2014,18967
05/10/2014,33082
06/10/2014,24330
07/10/2014,31465
08/10/2014,23573
09/10/2014,26642
10/10/2014,32510
11/10/2014,30498
12/10/2014,23063
13/10/2014,13299
14/10/2014,28518
15/10/2014,25424
16/10/2014,31541
17/10/2014,32770
18/10/2014,28951
19/10/2014,30480
20/10/2014,31642
21/10/2014,24681
22/10/2014,30642
23/10/2014,31277
24/10/2014,29144
25/10/2014,30053
26/10/2014,26514
27/10/2014,33716
28/10/2014,35320
29/10/2014,23281
30/10/2014,32503
31/10/2014,36478
01/11/2014,31912
02/11/2014,15887
03/11/2014,22347
04/11/2014,23525
05/11/2014,27970
06/11/2014,28274
07/11/2014,26779
08/11/2014,17473
09/11/2014,24099
10/11/2014,28303
11/11/2014,28993
12/11/2014,24878
13/11/2014,27839
14/11/2014,21442
15/11/2014,22842
16/11/2014,17849
17/11/2014,21398
18/11/2014,26094
19/11/2014,28807
20/11/2014,29068
21/11/2014,24070
22/11/2014,18347
23/11/2014,6030
24/11/2014,25884
25/11/2014,24359
26/11/2014,23096
27/11/2014,26765
28/11/2014,26782
29/11/2014,24337
30/11/2014,19998
01/12/2014,24983
02/12/2014,21614
03/12/2014,25376
04/12/2014,19993
05/12/2014,22939
06/12/2014,17431
07/12/2014,12789
08/12/2014,23519
09/12/2014,23925
10/12/2014,25028
11/12/2014,23028
12/12/2014,20436
13/12/2014,18255
14/12/2014,14441
15/12/2014,22940
16/12/2014,23087
17/12/2014,22120
18/12/2014,23196
19/12/2014,21966
20/12/2014,14690
21/12/2014,11802
22/12/2014,18552
23/12/2014,16551
24/12/2014,10385
25/12/2014,39145
26/12/2014,7678
27/12/2014,6349
28/12/2014,9293
29/12/2014,12411
30/12/2014,13120
31/12/2014,12811
01/01/2015,9615
02/01/2015,15389
03/01/2015,5779
04/01/2015,9367
05/01/2015,20566
06/01/2015,20765
07/01/2015,22504
08/01/2015,15769
09/01/2015,22285
10/01/2015,14877
11/01/2015,14738
12/01/2015,17354
13/01/2015,24966
14/01/2015,23767
15/01/2015,23123
16/01/2015,22894
17/01/2015,15443
18/01/2015,13373
19/01/2015,23193
20/01/2015,23384
21/01/2015,22987
22/01/2015,23432
23/01/2015,22093
24/01/2015,17748
25/01/2015,15267
26/01/2015,22867
27/01/2015,25222
28/01/2015,21685
29/01/2015,21421
30/01/2015,21405
31/01/2015,10385
01/02/2015,11420
02/02/2015,21770
03/02/2015,20028
04/02/2015,22056
05/02/2015,21396
06/02/2015,21146
07/02/2015,13324
08/02/2015,15983
09/02/2015,24078
10/02/2015,24399
11/02/2015,23870
12/02/2015,23429
13/02/2015,17836
14/02/2015,14644
15/02/2015,17253
16/02/2015,16548
17/02/2015,25288
18/02/2015,25340
19/02/2015,17081
20/02/2015,21014
21/02/2015,16490
22/02/2015,9214
23/02/2015,21857
24/02/2015,23758
25/02/2015,21708
26/02/2015,20131
27/02/2015,24540
28/02/2015,13677
01/03/2015,15817
02/03/2015,22379
03/03/2015,24001
04/03/2015,24544
05/03/2015,24959
06/03/2015,25527
07/03/2015,27754
08/03/2015,20207
09/03/2015,24230
10/03/2015,27878
11/03/2015,27610
12/03/2015,28324
13/03/2015,25840
14/03/2015,18270
15/03/2015,10744
16/03/2015,19950
17/03/2015,25956
18/03/2015,26618
19/03/2015,24241
20/03/2015,25424
21/03/2015,16304
22/03/2015,18782
23/03/2015,25741
24/03/2015,24161
25/03/2015,25779
26/03/2015,20415
27/03/2015,26567
28/03/2015,19242
29/03/2015,8987
30/03/2015,22235
31/03/2015,22898
01/04/2015,23677
02/04/2015,22818
03/04/2015,11503
04/04/2015,13828
05/04/2015,19685
06/04/2015,25724
07/04/2015,29525
08/04/2015,30882
09/04/2015,31671
10/04/2015,32299
11/04/2015,25415
12/04/2015,29457
13/04/2015,28203
14/04/2015,34830
15/04/2015,37709
16/04/2015,30656
17/04/2015,30001
18/04/2015,29846
19/04/2015,19906
20/04/2015,32163
21/04/2015,35103
22/04/2015,32559
23/04/2015,32935
24/04/2015,32332
25/04/2015,25441
26/04/2015,19565
27/04/2015,30735
28/04/2015,32024
29/04/2015,26197
30/04/2015,31854
01/05/2015,29822
02/05/2015,22474
03/05/2015,21375
04/05/2015,26933
05/05/2015,26633
06/05/2015,24556
07/05/2015,31283
08/05/2015,27029
09/05/2015,27995
10/05/2015,32399
11/05/2015,33872
12/05/2015,33930
13/05/2015,36877
14/05/2015,15657
15/05/2015,32522
16/05/2015,32720
17/05/2015,31506
18/05/2015,24385
19/05/2015,28408
20/05/2015,30650
21/05/2015,34922
22/05/2015,33624
23/05/2015,23989
24/05/2015,30267
25/05/2015,29607
26/05/2015,34880
27/05/2015,36496
28/05/2015,34496
29/05/2015,26155
30/05/2015,29432
31/05/2015,15075
01/06/2015,27893
02/06/2015,28070
03/06/2015,35630
04/06/2015,39687
05/06/2015,35048
06/06/2015,33088
07/06/2015,35757
08/06/2015,32745
09/06/2015,33447
10/06/2015,35862
11/06/2015,38969
12/06/2015,35367
13/06/2015,30566
14/06/2015,25402
15/06/2015,34723
16/06/2015,38166
17/06/2015,38799
18/06/2015,38875
19/06/2015,36220
20/06/2015,26546
21/06/2015,30621
22/06/2015,29711
23/06/2015,37663
24/06/2015,39183
25/06/2015,38856
26/06/2015,37281
27/06/2015,36885
28/06/2015,25846
29/06/2015,39280
30/06/2015,43582
01/07/2015,42891
02/07/2015,38467
03/07/2015,39940
04/07/2015,38640
05/07/2015,29963
06/07/2015,38895
07/07/2015,38120
08/07/2015,41921
09/07/2015,73094
10/07/2015,43266
11/07/2015,42676
12/07/2015,23498
13/07/2015,27646
14/07/2015,35600
15/07/2015,34878
16/07/2015,39609
17/07/2015,38845
18/07/2015,38906
19/07/2015,36989
20/07/2015,32140
21/07/2015,41001
22/07/2015,38133
23/07/2015,39368
24/07/2015,16135
25/07/2015,32982
26/07/2015,12497
27/07/2015,32103
28/07/2015,36310
29/07/2015,37021
30/07/2015,36350
31/07/2015,36932
01/08/2015,43492
02/08/2015,43679
03/08/2015,35609
04/08/2015,37864
05/08/2015,39010
06/08/2015,63963
07/08/2015,39788
08/08/2015,39362
09/08/2015,40758
10/08/2015,35625
11/08/2015,34567
12/08/2015,36838
13/08/2015,26185
14/08/2015,25638
15/08/2015,34137
16/08/2015,30948
17/08/2015,36003
18/08/2015,34776
19/08/2015,31903
20/08/2015,32857
21/08/2015,36329
22/08/2015,44724
23/08/2015,27202
24/08/2015,17520
25/08/2015,28401
26/08/2015,23969
27/08/2015,30856
28/08/2015,33201
29/08/2015,22828
30/08/2015,25191
31/08/2015,9709
01/09/2015,25739
02/09/2015,30313
03/09/2015,31163
04/09/2015,29913
05/09/2015,22475
06/09/2015,29539
07/09/2015,31917
08/09/2015,32968
09/09/2015,33332
10/09/2015,35956
11/09/2015,34690
12/09/2015,29143
13/09/2015,26342
14/09/2015,25923
15/09/2015,28311
16/09/2015,18764
17/09/2015,32336
18/09/2015,30124
19/09/2015,33855
20/09/2015,31380
21/09/2015,23831
22/09/2015,20567
23/09/2015,34193
24/09/2015,29537
25/09/2015,35064
26/09/2015,32955
27/09/2015,30024
28/09/2015,33341
29/09/2015,34591
30/09/2015,35143
01/10/2015,34845
02/10/2015,35782
03/10/2015,29224
04/10/2015,30096
05/10/2015,20833
06/10/2015,25972
07/10/2015,28817
08/10/2015,33877
09/10/2015,34392
10/10/2015,29683
11/10/2015,27984
12/10/2015,31469
13/10/2015,31753
14/10/2015,30815
15/10/2015,31062
16/10/2015,30295
17/10/2015,24555
18/10/2015,23282
19/10/2015,30127
20/10/2015,32949
21/10/2015,19085
22/10/2015,30539
23/10/2015,30515
24/10/2015,17058
25/10/2015,23591
26/10/2015,30606
27/10/2015,32635
28/10/2015,24040
29/10/2015,27534
30/10/2015,24195
31/10/2015,27765
01/11/2015,23085
02/11/2015,28256
03/11/2015,30911
04/11/2015,23675
05/11/2015,24685
06/11/2015,25677
07/11/2015,15031
08/11/2015,18943
09/11/2015,28623
10/11/2015,29429
11/11/2015,30049
12/11/2015,29108
13/11/2015,25410
14/11/2015,8983
15/11/2015,17711
16/11/2015,26676
17/11/2015,23773
18/11/2015,26636
19/11/2015,23852
20/11/2015,25993
21/11/2015,12847
22/11/2015,13205
23/11/2015,24070
24/11/2015,21348
25/11/2015,26187
26/11/2015,26826
27/11/2015,23667
28/11/2015,16523
29/11/2015,11453
30/11/2015,21886
01/12/2015,26714
02/12/2015,27975
03/12/2015,26038
04/12/2015,26130
05/12/2015,16667
06/12/2015,15627
07/12/2015,25897
08/12/2015,23565
09/12/2015,27739
10/12/2015,23251
11/12/2015,23439
12/12/2015,16815
13/12/2015,12364
14/12/2015,23972
15/12/2015,20310
16/12/2015,25740
17/12/2015,25977
18/12/2015,25886
19/12/2015,18883
20/12/2015,13118
21/12/2015,18239
22/12/2015,17571
23/12/2015,18568
24/12/2015,8968
25/12/2015,22871
26/12/2015,10362
27/12/2015,9507
28/12/2015,13851
29/12/2015,15717
30/12/2015,12379
31/12/2015,14024
01/01/2016,9922
02/01/2016,7246
03/01/2016,4894
04/01/2016,20644
05/01/2016,22934
06/01/2016,23199
07/01/2016,18225
08/01/2016,20948
09/01/2016,11674
10/01/2016,14447
11/01/2016,21188
12/01/2016,22924
13/01/2016,24726
14/01/2016,22266
15/01/2016,22594
16/01/2016,16258
17/01/2016,11826
18/01/2016,22905
19/01/2016,23919
20/01/2016,23919
21/01/2016,23490
22/01/2016,18431
23/01/2016,17424
24/01/2016,16474
25/01/2016,25886
26/01/2016,20329
27/01/2016,21816
28/01/2016,25490
29/01/2016,22701
30/01/2016,16528
31/01/2016,11098
01/02/2016,23742
02/02/2016,24643
03/02/2016,24601
04/02/2016,25344
05/02/2016,22806
06/02/2016,13255
07/02/2016,14219
08/02/2016,19924
09/02/2016,23460
10/02/2016,23769
11/02/2016,25393
12/02/2016,22995
13/02/2016,9948
14/02/2016,13782
15/02/2016,21918
16/02/2016,24537
17/02/2016,19168
18/02/2016,23696
19/02/2016,22300
20/02/2016,11224
21/02/2016,14745
22/02/2016,20538
23/02/2016,25832
24/02/2016,25634
25/02/2016,24296
26/02/2016,23714
27/02/2016,14871
28/02/2016,13549
29/02/2016,23738
01/03/2016,20876
02/03/2016,20775
03/03/2016,24559
04/03/2016,24179
05/03/2016,12340
06/03/2016,12591
07/03/2016,22785
08/03/2016,23308
09/03/2016,19280
10/03/2016,23648
11/03/2016,21026
12/03/2016,21834
13/03/2016,21938
14/03/2016,25597
15/03/2016,25379
16/03/2016,25489
17/03/2016,27198
18/03/2016,23210
19/03/2016,18060
20/03/2016,17163
21/03/2016,25990
22/03/2016,29312
23/03/2016,27052
24/03/2016,19477
25/03/2016,25612
26/03/2016,11211
27/03/2016,10149
28/03/2016,10316
29/03/2016,18945
30/03/2016,26700
31/03/2016,28486
01/04/2016,27310
02/04/2016,24416
03/04/2016,21068
04/04/2016,25182
05/04/2016,30155
06/04/2016,24132
07/04/2016,22338
08/04/2016,27357
09/04/2016,19858
10/04/2016,23389
11/04/2016,24162
12/04/2016,30801
13/04/2016,30285
14/04/2016,30566
15/04/2016,15919
16/04/2016,17801
17/04/2016,18274
18/04/2016,28512
19/04/2016,33719
20/04/2016,34577
21/04/2016,31937
22/04/2016,20532
23/04/2016,22060
24/04/2016,18873
25/04/2016,24389
26/04/2016,27862
27/04/2016,28431
28/04/2016,28901
29/04/2016,25658
30/04/2016,24844
01/05/2016,29664
02/05/2016,19598
03/05/2016,32037
04/05/2016,36514
05/05/2016,39104
06/05/2016,40117
07/05/2016,44532
08/05/2016,45301
09/05/2016,30821
10/05/2016,21673
11/05/2016,27922
12/05/2016,38525
13/05/2016,35109
14/05/2016,30442
15/05/2016,34725
16/05/2016,37441
17/05/2016,36810
18/05/2016,24335
19/05/2016,34655
20/05/2016,36101
21/05/2016,26785
22/05/2016,31115
23/05/2016,35451
24/05/2016,36580
25/05/2016,31919
26/05/2016,37442
27/05/2016,36133
28/05/2016,31301
29/05/2016,31246
30/05/2016,24041
31/05/2016,16227
01/06/2016,27156
02/06/2016,29162
03/06/2016,29580
04/06/2016,30140
05/06/2016,40836
06/06/2016,39528
07/06/2016,35137
08/06/2016,34588
09/06/2016,41546
10/06/2016,40139
11/06/2016,29018
12/06/2016,18109
13/06/2016,27571
14/06/2016,30218
15/06/2016,37704
16/06/2016,31406
17/06/2016,32018
18/06/2016,29692
19/06/2016,31372
20/06/2016,22309
21/06/2016,39003
22/06/2016,36628
23/06/2016,25129
24/06/2016,36530
25/06/2016,26357
26/06/2016,29597
27/06/2016,33695
28/06/2016,31701
29/06/2016,31496
30/06/2016,35867
01/07/2016,28108
02/07/2016,30802
03/07/2016,34195
04/07/2016,37628
05/07/2016,40955
06/07/2016,42871
07/07/2016,39670
08/07/2016,37311
09/07/2016,34525
10/07/2016,29556
11/07/2016,32781
12/07/2016,30186
13/07/2016,36128
14/07/2016,40364
15/07/2016,37045
16/07/2016,38916
17/07/2016,38340
18/07/2016,43497
19/07/2016,46625
20/07/2016,45156
21/07/2016,41731
22/07/2016,36401
23/07/2016,42121
24/07/2016,39070
25/07/2016,40999
26/07/2016,42528
27/07/2016,33646
28/07/2016,39009
29/07/2016,35737
30/07/2016,46251
31/07/2016,46276
01/08/2016,30074
02/08/2016,28949
03/08/2016,40683
04/08/2016,39488
05/08/2016,40570
06/08/2016,42579
07/08/2016,38620
08/08/2016,38117
09/08/2016,40052
10/08/2016,38917
11/08/2016,38034
12/08/2016,40645
13/08/2016,43792
14/08/2016,44648
15/08/2016,41764
16/08/2016,40899
17/08/2016,42879
18/08/2016,39379
19/08/2016,25862
20/08/2016,24712
21/08/2016,28625
22/08/2016,36064
23/08/2016,42558
24/08/2016,41088
25/08/2016,38191
26/08/2016,38222
27/08/2016,32656
28/08/2016,26325
29/08/2016,34665
30/08/2016,39992
31/08/2016,39344
01/09/2016,40302
02/09/2016,34661
03/09/2016,23805
04/09/2016,27901
05/09/2016,28210
06/09/2016,37982
07/09/2016,40232
08/09/2016,41004
09/09/2016,36554
10/09/2016,17308
11/09/2016,39906
12/09/2016,39687
13/09/2016,44035
14/09/2016,44909
15/09/2016,42598
16/09/2016,22204
17/09/2016,27548
18/09/2016,29830
19/09/2016,33401
20/09/2016,37658
21/09/2016,40646
22/09/2016,38411
23/09/2016,38963
24/09/2016,36243
25/09/2016,30015
26/09/2016,35059
27/09/2016,36094
28/09/2016,38893
29/09/2016,34840
30/09/2016,34140
01/10/2016,17832
02/10/2016,27335
03/10/2016,35892
04/10/2016,37162
05/10/2016,36314
06/10/2016,35332
07/10/2016,33361
08/10/2016,27236
09/10/2016,25390
10/10/2016,33045
11/10/2016,35254
12/10/2016,32552
13/10/2016,30762
14/10/2016,32637
15/10/2016,23773
16/10/2016,18685
17/10/2016,29007
18/10/2016,33062
19/10/2016,33953
20/10/2016,32624
21/10/2016,30838
22/10/2016,26322
23/10/2016,23812
24/10/2016,30329
25/10/2016,33313
26/10/2016,34322
27/10/2016,34203
28/10/2016,33769
29/10/2016,28114
30/10/2016,24166
31/10/2016,34747
01/11/2016,32334
02/11/2016,32316
03/11/2016,31111
04/11/2016,22143
05/11/2016,19649
06/11/2016,13576
07/11/2016,17329
08/11/2016,26382
09/11/2016,18878
10/11/2016,26075
11/11/2016,28088
12/11/2016,9709
13/11/2016,19258
14/11/2016,24824
15/11/2016,28810
16/11/2016,27646
17/11/2016,27692
18/11/2016,26884
19/11/2016,18288
20/11/2016,10704
21/11/2016,19374
22/11/2016,27723
23/11/2016,29047
24/11/2016,28091
25/11/2016,27692
26/11/2016,19805
27/11/2016,15628
28/11/2016,26980
29/11/2016,27847
30/11/2016,27119
01/12/2016,26431
02/12/2016,26223
03/12/2016,18120
04/12/2016,15448
05/12/2016,26456
06/12/2016,28347
07/12/2016,29735
08/12/2016,28632
09/12/2016,30076
10/12/2016,15054
11/12/2016,17713
12/12/2016,25476
13/12/2016,26747
14/12/2016,29130
15/12/2016,28449
16/12/2016,27926
17/12/2016,17473
18/12/2016,15152
19/12/2016,23736
20/12/2016,25106
21/12/2016,23329
22/12/2016,21659
23/12/2016,14534
24/12/2016,7978
25/12/2016,37401
26/12/2016,11637
27/12/2016,11003
28/12/2016,12530
29/12/2016,14206
30/12/2016,11684
31/12/2016,11584
01/01/2017,6534
02/01/2017,11954
03/01/2017,19622
04/01/2017,22122
05/01/2017,23580
06/01/2017,18973
07/01/2017,13879
08/01/2017,13506
09/01/2017,38042
10/01/2017,28106
11/01/2017,28270
12/01/2017,17109
13/01/2017,20963
14/01/2017,13766
15/01/2017,6752
16/01/2017,19230
17/01/2017,27281
18/01/2017,27194
19/01/2017,26826
20/01/2017,25125
21/01/2017,17552
22/01/2017,15628
23/01/2017,23280
24/01/2017,26611
25/01/2017,25175
26/01/2017,23831
27/01/2017,23387
28/01/2017,17523
29/01/2017,9078
30/01/2017,24969
31/01/2017,22623
01/02/2017,23181
02/02/2017,25601
03/02/2017,23231
04/02/2017,17324
05/02/2017,14570
06/02/2017,24312
07/02/2017,27156
08/02/2017,25770
09/02/2017,22900
10/02/2017,18673
11/02/2017,9394
12/02/2017,10272
13/02/2017,24159
14/02/2017,26649
15/02/2017,24330
16/02/2017,26649
17/02/2017,25883
18/02/2017,21292
19/02/2017,19169
20/02/2017,28665
21/02/2017,28929
22/02/2017,27290
23/02/2017,22520
24/02/2017,26832
25/02/2017,14132
26/02/2017,14911
27/02/2017,20001
28/02/2017,24755
01/03/2017,24746
02/03/2017,26938
03/03/2017,22914
04/03/2017,21546
05/03/2017,10593
06/03/2017,26917
07/03/2017,29174
08/03/2017,24440
09/03/2017,31113
10/03/2017,28126
11/03/2017,30560
12/03/2017,15850
13/03/2017,32177
14/03/2017,30857
15/03/2017,34548
16/03/2017,31876
17/03/2017,26481
18/03/2017,7771
19/03/2017,19335
20/03/2017,24145
21/03/2017,30182
22/03/2017,23725
23/03/2017,27639
24/03/2017,27578
25/03/2017,28374
26/03/2017,24090
27/03/2017,30887
28/03/2017,32314
29/03/2017,29907
30/03/2017,34219
31/03/2017,30730
01/04/2017,28237
02/04/2017,31064
03/04/2017,34287
04/04/2017,30887
05/04/2017,33985
06/04/2017,36003
07/04/2017,35434
08/04/2017,38878
09/04/2017,42854
10/04/2017,31158
11/04/2017,35436
12/04/2017,32570
13/04/2017,30343
14/04/2017,22357
15/04/2017,24627
16/04/2017,23090
17/04/2017,20130
18/04/2017,29490
19/04/2017,32500
20/04/2017,33546
21/04/2017,31510
22/04/2017,28323
23/04/2017,28736
24/04/2017,28500
25/04/2017,32383
26/04/2017,28360
27/04/2017,26727
28/04/2017,30390
29/04/2017,28450
30/04/2017,27461
01/05/2017,18493
02/05/2017,32945
03/05/2017,27191
04/05/2017,31200
05/05/2017,31355
06/05/2017,29020
07/05/2017,28491
08/05/2017,30426
09/05/2017,33211
10/05/2017,36305
11/05/2017,33911
12/05/2017,32618
13/05/2017,29539
14/05/2017,30145
15/05/2017,25882
16/05/2017,35964
17/05/2017,18926
18/05/2017,23268
19/05/2017,28730
20/05/2017,26825
21/05/2017,33728
22/05/2017,40021
23/05/2017,39259
24/05/2017,41644
25/05/2017,43528
26/05/2017,43701
27/05/2017,35354
28/05/2017,27909
29/05/2017,26476
30/05/2017,37517
31/05/2017,39019
01/06/2017,42514
02/06/2017,34459
03/06/2017,38635
04/06/2017,30840
05/06/2017,30846
06/06/2017,17387
07/06/2017,34819
08/06/2017,32751
09/06/2017,33705
10/06/2017,36788
11/06/2017,32997
12/06/2017,36114
13/06/2017,41337
14/06/2017,44762
15/06/2017,42249
16/06/2017,40288
17/06/2017,41719
18/06/2017,38577
19/06/2017,41624
20/06/2017,43185
21/06/2017,43885
22/06/2017,39708
23/06/2017,40025
24/06/2017,30271
25/06/2017,31012
26/06/2017,42096
27/06/2017,24206
28/06/2017,33008
29/06/2017,38137
30/06/2017,40350
01/07/2017,36183
02/07/2017,42875
03/07/2017,39970
04/07/2017,43784
05/07/2017,46035
06/07/2017,44386
07/07/2017,43547
08/07/2017,40196
09/07/2017,38912
10/07/2017,41086
11/07/2017,25955
12/07/2017,38377
13/07/2017,42082
14/07/2017,38932
15/07/2017,30690
16/07/2017,31595
17/07/2017,41811
18/07/2017,41804
19/07/2017,39340
20/07/2017,37164
21/07/2017,37967
22/07/2017,16392
23/07/2017,26432
24/07/2017,32515
25/07/2017,41029
26/07/2017,33566
27/07/2017,32588
28/07/2017,32857
29/07/2017,23334
30/07/2017,31893
31/07/2017,38541
01/08/2017,39837
02/08/2017,27123
03/08/2017,34430
04/08/2017,34893
05/08/2017,27715
06/08/2017,31536
07/08/2017,32303
08/08/2017,33854
09/08/2017,11525
10/08/2017,35707
11/08/2017,34462
12/08/2017,31034
13/08/2017,34928
14/08/2017,35979
15/08/2017,38181
16/08/2017,37037
17/08/2017,31947
18/08/2017,28252
19/08/2017,29156
20/08/2017,25270
21/08/2017,27725
22/08/2017,33327
23/08/2017,34439
24/08/2017,34548
25/08/2017,35108
26/08/2017,31442
27/08/2017,33657
28/08/2017,34862
29/08/2017,35427
30/08/2017,22542
31/08/2017,35953
01/09/2017,36194
02/09/2017,35246
03/09/2017,21934
04/09/2017,28710
05/09/2017,32336
06/09/2017,36559
07/09/2017,35614
08/09/2017,23199
09/09/2017,28349
10/09/2017,21298
11/09/2017,26886
12/09/2017,32569
13/09/2017,32583
14/09/2017,33252
15/09/2017,31628
16/09/2017,26166
17/09/2017,25300
18/09/2017,30718
19/09/2017,34917
20/09/2017,35149
21/09/2017,31174
22/09/2017,36125
23/09/2017,30654
24/09/2017,32726
25/09/2017,30066
26/09/2017,37394
27/09/2017,34694
28/09/2017,35526
29/09/2017,28782
30/09/2017,29003
01/10/2017,22814
02/10/2017,33891
03/10/2017,37187
04/10/2017,36798
05/10/2017,34779
06/10/2017,35344
07/10/2017,25505
08/10/2017,28830
09/10/2017,34182
10/10/2017,35961
11/10/2017,32760
12/10/2017,36372
13/10/2017,34229
14/10/2017,32123
15/10/2017,32696
16/10/2017,34787
17/10/2017,35199
18/10/2017,27348
19/10/2017,31069
20/10/2017,31306
21/10/2017,22475
22/10/2017,21013
23/10/2017,30604
24/10/2017,33732
25/10/2017,36064
26/10/2017,28423
27/10/2017,34654
28/10/2017,26633
29/10/2017,22228
30/10/2017,31364
31/10/2017,33312
01/11/2017,34747
02/11/2017,34290
03/11/2017,34716
04/11/2017,17801
05/11/2017,21588
06/11/2017,30663
07/11/2017,27314
08/11/2017,29455
09/11/2017,31374
10/11/2017,28480
11/11/2017,16679
12/11/2017,16460
13/11/2017,29301
14/11/2017,29355
15/11/2017,30564
16/11/2017,31112
17/11/2017,29876
18/11/2017,12976
19/11/2017,18874
20/11/2017,25998
21/11/2017,31316
22/11/2017,31315
23/11/2017,30147
24/11/2017,28930
25/11/2017,17691
26/11/2017,15229
27/11/2017,24324
28/11/2017,28202
29/11/2017,27319
30/11/2017,25986
01/12/2017,24321
02/12/2017,16887
03/12/2017,12773
04/12/2017,27613
05/12/2017,29611
06/12/2017,29058
07/12/2017,24810
08/12/2017,24431
09/12/2017,15509
10/12/2017,5143
11/12/2017,13055
12/12/2017,22780
13/12/2017,20074
14/12/2017,24064
15/12/2017,21107
16/12/2017,12229
17/12/2017,7519
18/12/2017,23414
19/12/2017,22935
20/12/2017,21801
21/12/2017,20945
22/12/2017,17124
23/12/2017,9725
24/12/2017,7498
25/12/2017,27305
26/12/2017,7149
27/12/2017,5426
28/12/2017,11236
29/12/2017,8346
30/12/2017,10908
31/12/2017,9292
01/01/2018,10235
02/01/2018,14394
03/01/2018,20265
04/01/2018,17543
05/01/2018,21759
06/01/2018,13920
07/01/2018,12259
08/01/2018,23374
09/01/2018,24683
10/01/2018,26787
11/01/2018,25222
12/01/2018,24696
13/01/2018,17512
14/01/2018,15070
15/01/2018,19161
16/01/2018,26921
17/01/2018,26934
18/01/2018,26471
19/01/2018,25799
20/01/2018,9398
21/01/2018,5859
22/01/2018,26337
23/01/2018,26003
24/01/2018,20206
25/01/2018,28189
26/01/2018,26430
27/01/2018,14472
28/01/2018,17512
29/01/2018,26371
30/01/2018,28002
31/01/2018,24117
01/02/2018,25525
02/02/2018,25331
03/02/2018,8975
04/02/2018,13833
05/02/2018,23898
06/02/2018,25349
07/02/2018,25388
08/02/2018,25791
09/02/2018,21037
10/02/2018,9956
11/02/2018,14621
12/02/2018,24719
13/02/2018,20931
14/02/2018,18866
15/02/2018,25264
16/02/2018,25411
17/02/2018,23169
18/02/2018,18624
19/02/2018,19879
20/02/2018,25055
21/02/2018,26434
22/02/2018,26179
23/02/2018,23067
24/02/2018,16522
25/02/2018,14037
26/02/2018,19204
27/02/2018,18741
28/02/2018,10619
01/03/2018,8744
02/03/2018,8234
03/03/2018,7924
04/03/2018,10853
05/03/2018,24818
06/03/2018,26301
07/03/2018,22044
08/03/2018,25967
09/03/2018,18912
10/03/2018,18717
11/03/2018,16259
12/03/2018,19996
13/03/2018,28069
14/03/2018,28769
15/03/2018,25318
16/03/2018,28308
17/03/2018,8106
18/03/2018,6624
19/03/2018,20488
20/03/2018,24582
21/03/2018,27719
22/03/2018,27228
23/03/2018,26894
24/03/2018,18804
25/03/2018,19723
26/03/2018,29486
27/03/2018,22603
28/03/2018,15800
29/03/2018,20237
30/03/2018,6362
31/03/2018,11032
01/04/2018,13504
02/04/2018,7998
03/04/2018,22708
04/04/2018,23173
05/04/2018,30508
06/04/2018,30690
07/04/2018,25909
08/04/2018,9759
09/04/2018,16324
10/04/2018,26751
11/04/2018,24883
12/04/2018,26473
13/04/2018,27363
14/04/2018,34235
15/04/2018,21324
16/04/2018,30730
17/04/2018,33025
18/04/2018,40544
19/04/2018,43585
20/04/2018,45048
21/04/2018,42328
22/04/2018,38395
23/04/2018,35940
24/04/2018,33430
25/04/2018,33426
26/04/2018,34995
27/04/2018,21387
28/04/2018,17368
29/04/2018,15822
30/04/2018,17112
01/05/2018,34598
02/05/2018,23727
03/05/2018,35477
04/05/2018,36447
05/05/2018,39070
06/05/2018,40606
07/05/2018,45435
08/05/2018,41579
09/05/2018,41130
10/05/2018,38054
11/05/2018,38386
12/05/2018,16717
13/05/2018,29190
14/05/2018,38095
15/05/2018,42106
16/05/2018,34627
17/05/2018,37549
18/05/2018,37305
19/05/2018,36895
20/05/2018,39964
21/05/2018,38800
22/05/2018,41242
23/05/2018,38229
24/05/2018,31970
25/05/2018,35108
26/05/2018,33573
27/05/2018,33192
28/05/2018,36742
29/05/2018,24312
30/05/2018,34884
31/05/2018,37677
01/06/2018,37293
02/06/2018,38293
03/06/2018,39871
04/06/2018,35255
05/06/2018,37048
06/06/2018,41592
07/06/2018,37841
08/06/2018,39576
09/06/2018,36466
10/06/2018,38562
11/06/2018,41027
12/06/2018,38487
13/06/2018,40569
14/06/2018,37871
15/06/2018,39862
16/06/2018,31329
17/06/2018,26769
18/06/2018,39768
19/06/2018,41862
20/06/2018,41134
21/06/2018,41533
22/06/2018,41765
23/06/2018,38772
24/06/2018,38982
25/06/2018,44565
26/06/2018,46084
27/06/2018,44788
28/06/2018,43075
29/06/2018,43081
30/06/2018,38522
01/07/2018,37334
02/07/2018,42556
03/07/2018,44655
04/07/2018,43511
05/07/2018,44052
06/07/2018,43143
07/07/2018,36308
08/07/2018,38196
09/07/2018,41893
10/07/2018,43535
11/07/2018,44003
12/07/2018,41826
13/07/2018,38879
14/07/2018,37733
15/07/2018,37299
16/07/2018,41828
17/07/2018,43392
18/07/2018,43183
19/07/2018,42857
20/07/2018,40297
21/07/2018,38763
22/07/2018,37683
23/07/2018,42509
24/07/2018,44195
25/07/2018,44870
26/07/2018,43343
27/07/2018,34606
28/07/2018,41145
29/07/2018,18974
30/07/2018,38274
31/07/2018,42260
01/08/2018,43691
02/08/2018,43292
03/08/2018,40908
04/08/2018,39318
05/08/2018,40220
06/08/2018,41963
07/08/2018,40954
08/08/2018,42676
09/08/2018,20574
10/08/2018,29253
11/08/2018,33214
12/08/2018,23113
13/08/2018,36510
14/08/2018,40735
15/08/2018,40930
16/08/2018,28400
17/08/2018,36869
18/08/2018,31691
19/08/2018,32209
20/08/2018,37839
21/08/2018,40293
22/08/2018,38401
23/08/2018,34492
24/08/2018,27839
25/08/2018,25490
26/08/2018,8177
27/08/2018,25059
28/08/2018,34791
29/08/2018,27070
30/08/2018,37001
31/08/2018,35209
01/09/2018,35326
02/09/2018,35048
03/09/2018,36068
04/09/2018,36581
05/09/2018,36059
06/09/2018,34778
07/09/2018,35451
08/09/2018,28318
09/09/2018,30598
10/09/2018,36965
11/09/2018,37221
12/09/2018,33403
13/09/2018,38708
14/09/2018,35332
15/09/2018,33465
16/09/2018,32055
17/09/2018,39190
18/09/2018,38360
19/09/2018,37027
20/09/2018,35317
21/09/2018,32942
22/09/2018,12376
23/09/2018,13192
24/09/2018,34563
25/09/2018,36730
26/09/2018,39281
27/09/2018,39835
28/09/2018,35817
29/09/2018,32941
30/09/2018,25254
01/10/2018,34411
02/10/2018,37515
03/10/2018,38434
04/10/2018,36930
05/10/2018,39569
06/10/2018,10043
07/10/2018,25713
08/10/2018,35156
09/10/2018,39132
10/10/2018,39398
11/10/2018,35875
12/10/2018,35747
13/10/2018,36393
14/10/2018,10292
15/10/2018,28044
16/10/2018,37920
17/10/2018,30482
18/10/2018,35206
19/10/2018,34707
20/10/2018,32588
21/10/2018,32484
22/10/2018,34430
23/10/2018,34889
24/10/2018,35656
25/10/2018,34640
26/10/2018,27636
27/10/2018,18756
28/10/2018,13675
29/10/2018,29409
30/10/2018,30269
31/10/2018,32891
01/11/2018,23475
02/11/2018,31083
03/11/2018,25142
04/11/2018,21829
05/11/2018,31421
06/11/2018,33038
07/11/2018,27656
08/11/2018,32933
09/11/2018,27403
10/11/2018,14732
11/11/2018,18455
12/11/2018,26077
13/11/2018,32062
14/11/2018,33339
15/11/2018,33043
16/11/2018,28581
17/11/2018,20518
18/11/2018,9585
19/11/2018,18246
20/11/2018,15237
21/11/2018,25022
22/11/2018,26112
23/11/2018,25881
24/11/2018,15813
25/11/2018,14529
26/11/2018,27509
27/11/2018,22128
28/11/2018,22846
29/11/2018,25714
30/11/2018,28615
01/12/2018,14046
02/12/2018,15990
03/12/2018,25801
04/12/2018,28982
05/12/2018,23816
06/12/2018,16600
07/12/2018,18608
08/12/2018,16515
09/12/2018,15441
10/12/2018,27880
11/12/2018,28904
12/12/2018,27494
13/12/2018,25997
14/12/2018,24076
15/12/2018,8076
16/12/2018,12123
17/12/2018,24973
18/12/2018,20180
19/12/2018,22425
20/12/2018,23694
21/12/2018,19169
22/12/2018,13310
23/12/2018,6748
24/12/2018,10043
25/12/2018,35267
26/12/2018,10841
27/12/2018,12310
28/12/2018,13794
29/12/2018,13100
30/12/2018,12922
31/12/2018,16305
01/01/2019,14148
02/01/2019,19746
03/01/2019,21552
04/01/2019,20863
05/01/2019,13907
06/01/2019,14262
07/01/2019,25668
08/01/2019,27757
09/01/2019,26568
10/01/2019,26022
11/01/2019,26378
12/01/2019,16750
13/01/2019,16304
14/01/2019,28097
15/01/2019,29413
16/01/2019,24500
17/01/2019,26053
18/01/2019,25525
19/01/2019,16653
20/01/2019,16803
21/01/2019,26567
22/01/2019,23083
23/01/2019,25406
24/01/2019,24357
25/01/2019,24198
26/01/2019,15062
27/01/2019,10596
28/01/2019,25859
29/01/2019,24732
30/01/2019,25482
31/01/2019,23487
01/02/2019,12841
02/02/2019,14136
03/02/2019,14637
04/02/2019,18254
05/02/2019,25682
06/02/2019,26197
07/02/2019,26703
08/02/2019,17468
09/02/2019,17439
10/02/2019,10800
11/02/2019,27439
12/02/2019,28786
13/02/2019,29145
14/02/2019,29270
15/02/2019,28838
16/02/2019,20560
17/02/2019,24383
18/02/2019,23815
19/02/2019,28927
20/02/2019,28971
21/02/2019,30474
22/02/2019,29703
23/02/2019,29242
24/02/2019,26092
25/02/2019,31480
26/02/2019,34996
27/02/2019,35420
28/02/2019,27219
01/03/2019,28255
02/03/2019,22795
03/03/2019,9641
04/03/2019,26532
05/03/2019,29701
06/03/2019,25449
07/03/2019,24884
08/03/2019,23635
09/03/2019,19951
10/03/2019,12111
11/03/2019,27725
12/03/2019,21718
13/03/2019,26816
14/03/2019,23699
15/03/2019,26123
16/03/2019,14594
17/03/2019,14390
18/03/2019,27824
19/03/2019,27683
20/03/2019,30485
21/03/2019,31307
22/03/2019,28229
23/03/2019,25897
24/03/2019,27408
25/03/2019,31215
26/03/2019,31955
27/03/2019,31263
28/03/2019,32315
29/03/2019,35321
30/03/2019,33026
31/03/2019,20325
01/04/2019,31834
02/04/2019,24529
03/04/2019,27059
04/04/2019,25493
05/04/2019,27536
06/04/2019,20423
07/04/2019,16897
08/04/2019,26527
09/04/2019,25534
10/04/2019,31699
11/04/2019,30961
12/04/2019,27403
13/04/2019,19856
14/04/2019,20896
15/04/2019,30837
16/04/2019,31842
17/04/2019,37203
18/04/2019,36574
19/04/2019,36505
20/04/2019,38712
21/04/2019,36686
22/04/2019,35435
23/04/2019,34948
24/04/2019,34593
25/04/2019,34494
26/04/2019,32006
27/04/2019,18379
28/04/2019,22631
29/04/2019,33748
30/04/2019,38908
01/05/2019,37952
02/05/2019,32563
03/05/2019,28182
04/05/2019,19806
05/05/2019,22896
06/05/2019,22472
07/05/2019,34646
08/05/2019,20276
09/05/2019,28404
10/05/2019,34078
11/05/2019,25475
12/05/2019,31836
13/05/2019,37537
14/05/2019,39647
15/05/2019,39054
16/05/2019,38408
17/05/2019,29846
18/05/2019,28138
19/05/2019,26727
20/05/2019,36072
21/05/2019,41251
22/05/2019,40312
23/05/2019,41314
24/05/2019,37280
25/05/2019,33151
26/05/2019,26802
27/05/2019,28309
28/05/2019,34443
29/05/2019,31203
30/05/2019,39450
31/05/2019,39017
01/06/2019,40800
02/06/2019,33865
03/06/2019,37306
04/06/2019,31948
05/06/2019,38033
06/06/2019,38141
07/06/2019,25122
08/06/2019,26656
09/06/2019,29311
10/06/2019,13358
11/06/2019,34285
12/06/2019,25449
13/06/2019,26617
14/06/2019,33837
15/06/2019,28235
16/06/2019,26102
17/06/2019,38894
18/06/2019,29854
19/06/2019,33190
20/06/2019,38345
21/06/2019,38656
22/06/2019,36858
23/06/2019,30851
24/06/2019,38617
25/06/2019,38200
26/06/2019,39620
27/06/2019,41692
28/06/2019,39986
29/06/2019,38616
30/06/2019,33990
01/07/2019,39257
02/07/2019,42658
03/07/2019,43924
04/07/2019,44668
05/07/2019,42466
06/07/2019,34018
07/07/2019,29889
08/07/2019,39670
09/07/2019,41447
10/07/2019,42343
11/07/2019,41916
12/07/2019,41305
13/07/2019,36204
14/07/2019,27858
15/07/2019,39489
16/07/2019,43693
17/07/2019,41959
18/07/2019,34240
19/07/2019,25620
20/07/2019,31351
21/07/2019,33251
22/07/2019,40842
23/07/2019,44457
24/07/2019,42296
25/07/2019,39323
26/07/2019,31517
27/07/2019,19950
28/07/2019,29319
29/07/2019,41472
30/07/2019,27449
31/07/2019,38299
01/08/2019,39898
02/08/2019,38278
03/08/2019,39388
04/08/2019,34341
05/08/2019,34041
06/08/2019,39369
07/08/2019,37776
08/08/2019,40667
09/08/2019,30719
10/08/2019,25956
11/08/2019,29952
12/08/2019,29570
13/08/2019,39534
14/08/2019,19154
15/08/2019,38018
16/08/2019,23388
17/08/2019,29360
18/08/2019,24122
19/08/2019,33048
20/08/2019,39255
21/08/2019,38251
22/08/2019,38056
23/08/2019,35995
24/08/2019,30776
25/08/2019,31355
26/08/2019,33150
27/08/2019,37597
28/08/2019,36576
29/08/2019,38337
30/08/2019,37147
31/08/2019,30847
01/09/2019,29486
02/09/2019,35280
03/09/2019,37229
04/09/2019,33933
05/09/2019,36722
06/09/2019,31798
07/09/2019,28038
08/09/2019,27969
09/09/2019,29440
10/09/2019,36814
11/09/2019,35787
12/09/2019,38252
13/09/2019,37354
14/09/2019,34966
15/09/2019,33698
16/09/2019,32747
17/09/2019,39025
18/09/2019,38751
19/09/2019,38271
20/09/2019,37699
21/09/2019,36479
22/09/2019,24154
23/09/2019,30941
24/09/2019,21563
25/09/2019,32427
26/09/2019,28976
27/09/2019,29557
28/09/2019,24960
29/09/2019,15478
30/09/2019,27787
01/10/2019,24631
02/10/2019,33923
03/10/2019,32707
04/10/2019,32314
05/10/2019,26578
06/10/2019,21690
07/10/2019,28418
08/10/2019,32894
09/10/2019,34874
10/10/2019,35641
11/10/2019,25222
12/10/2019,10047
13/10/2019,16040
14/10/2019,22519
15/10/2019,34372
16/10/2019,30763
17/10/2019,30259
18/10/2019,29675
19/10/2019,25400
20/10/2019,20545
21/10/2019,24215
22/10/2019,33916
23/10/2019,31786
24/10/2019,23489
25/10/2019,28988
26/10/2019,14397
27/10/2019,22155
28/10/2019,30208
29/10/2019,31225
30/10/2019,32157
31/10/2019,30951
01/11/2019,25128
02/11/2019,14557
03/11/2019,18356
04/11/2019,29198
05/11/2019,31016
06/11/2019,30745
07/11/2019,30244
08/11/2019,26194
09/11/2019,12350
10/11/2019,18491
11/11/2019,28080
12/11/2019,27391
13/11/2019,29661
14/11/2019,28649
15/11/2019,21318
16/11/2019,18553
17/11/2019,18082
18/11/2019,28521
19/11/2019,28760
20/11/2019,29437
21/11/2019,27064
22/11/2019,24865
23/11/2019,14904
24/11/2019,15599
25/11/2019,25722
26/11/2019,26982
27/11/2019,26575
28/11/2019,26030
29/11/2019,28463
30/11/2019,18176
01/12/2019,14242
02/12/2019,27306
03/12/2019,29645
04/12/2019,29458
05/12/2019,28547
06/12/2019,21917
07/12/2019,19235
08/12/2019,15139
09/12/2019,27089
10/12/2019,24198
11/12/2019,27414
12/12/2019,19740
13/12/2019,23189
14/12/2019,14862
15/12/2019,14077
16/12/2019,24344
17/12/2019,19747
18/12/2019,24745
19/12/2019,21679
20/12/2019,14451
21/12/2019,9370
22/12/2019,10407
23/12/2019,15878
24/12/2019,10478
25/12/2019,34674
26/12/2019,5649
27/12/2019,11718
28/12/2019,11414
29/12/2019,12256
30/12/2019,16166
31/12/2019,13043
01/01/2020,11152
02/01/2020,18682
03/01/2020,18437
04/01/2020,15702
05/01/2020,12978
06/01/2020,23773
07/01/2020,27554
08/01/2020,28269
09/01/2020,26628
10/01/2020,26848
11/01/2020,18219
12/01/2020,16502
13/01/2020,23839
14/01/2020,23020
15/01/2020,22499
16/01/2020,26303
17/01/2020,25811
18/01/2020,19817
19/01/2020,17922
20/01/2020,28250
21/01/2020,28832
22/01/2020,27725
23/01/2020,28420
24/01/2020,26419
25/01/2020,18206
26/01/2020,12854
27/01/2020,23486
28/01/2020,28218
29/01/2020,28959
30/01/2020,27971
31/01/2020,26378
01/02/2020,20293
02/02/2020,16220
03/02/2020,28267
04/02/2020,29473
05/02/2020,29710
06/02/2020,29481
07/02/2020,28238
08/02/2020,21810
09/02/2020,6479
10/02/2020,21873
11/02/2020,27194
12/02/2020,27948
13/02/2020,25454
14/02/2020,26508
15/02/2020,9833
16/02/2020,6514
17/02/2020,25733
18/02/2020,25268
19/02/2020,24298
20/02/2020,22662
21/02/2020,24885
22/02/2020,18664
23/02/2020,14080
24/02/2020,23515
25/02/2020,27095
26/02/2020,28059
27/02/2020,20356
28/02/2020,18676
29/02/2020,12542
01/03/2020,16831
02/03/2020,26484
03/03/2020,29209
04/03/2020,23390
05/03/2020,17028
06/03/2020,27950
07/03/2020,20229
08/03/2020,14917
09/03/2020,22851
10/03/2020,28186
11/03/2020,29716
12/03/2020,26841
13/03/2020,25233
14/03/2020,18742
15/03/2020,13268
16/03/2020,24370
17/03/2020,19268
18/03/2020,17407
19/03/2020,13371
20/03/2020,13696
21/03/2020,17550
22/03/2020,16229
23/03/2020,11639
24/03/2020,10165
25/03/2020,10643
26/03/2020,10978
27/03/2020,11035
28/03/2020,12946
29/03/2020,7349
30/03/2020,7006
31/03/2020,9121
01/04/2020,9194
02/04/2020,9898
03/04/2020,11139
04/04/2020,22109
05/04/2020,28905
06/04/2020,10565
07/04/2020,14773
08/04/2020,13660
09/04/2020,17452
10/04/2020,27293
11/04/2020,33454
12/04/2020,29537
13/04/2020,18014
14/04/2020,14625
15/04/2020,18067
16/04/2020,16660
17/04/2020,11211
18/04/2020,20331
19/04/2020,39996
20/04/2020,17453
21/04/2020,18745
22/04/2020,21173
23/04/2020,23869
24/04/2020,23367
25/04/2020,38063
26/04/2020,39116
27/04/2020,17205
28/04/2020,4872
29/04/2020,11432
30/04/2020,9116
01/05/2020,14663
02/05/2020,38474
03/05/2020,26982
04/05/2020,18332
05/05/2020,18503
06/05/2020,23350
07/05/2020,27389
08/05/2020,43669
09/05/2020,48752
10/05/2020,23540
11/05/2020,13366
12/05/2020,20120
13/05/2020,16886
14/05/2020,20445
15/05/2020,28363
16/05/2020,46227
17/05/2020,51422
18/05/2020,29598
19/05/2020,35525
20/05/2020,42827
21/05/2020,36203
22/05/2020,36817
23/05/2020,40769
24/05/2020,55805
25/05/2020,67034
26/05/2020,38386
27/05/2020,38327
28/05/2020,40682
29/05/2020,45693
30/05/2020,70170
31/05/2020,63116
01/06/2020,38376
02/06/2020,45524
03/06/2020,28915
04/06/2020,27752
05/06/2020,28586
06/06/2020,27731
07/06/2020,39225
08/06/2020,28859
09/06/2020,36702
10/06/2020,16957
11/06/2020,24710
12/06/2020,26990
13/06/2020,65045
14/06/2020,57516
15/06/2020,37990
16/06/2020,37758
17/06/2020,26514
18/06/2020,25666
19/06/2020,36582
20/06/2020,64041
21/06/2020,45485
22/06/2020,43004
23/06/2020,48287
24/06/2020,52131
25/06/2020,52389
26/06/2020,50978
27/06/2020,41381
28/06/2020,42221
29/06/2020,32538
30/06/2020,28707
01/07/2020,31474
02/07/2020,28054
03/07/2020,37423
04/07/2020,42173
05/07/2020,47227
06/07/2020,33688
07/07/2020,32208
08/07/2020,22306
09/07/2020,26128
10/07/2020,38143
11/07/2020,51371
12/07/2020,49653
13/07/2020,35317
14/07/2020,35224
15/07/2020,34126
16/07/2020,37401
17/07/2020,46734
18/07/2020,56654
19/07/2020,33988
20/07/2020,39255
21/07/2020,40542
22/07/2020,41579
23/07/2020,40105
24/07/2020,40929
25/07/2020,24828
26/07/2020,34216
27/07/2020,23892
28/07/2020,37887
29/07/2020,41163
30/07/2020,43105
31/07/2020,43267
01/08/2020,49591
02/08/2020,44097
03/08/2020,36822
04/08/2020,41429
05/08/2020,42674
06/08/2020,41172
07/08/2020,43349
08/08/2020,47667
09/08/2020,44699
10/08/2020,40033
11/08/2020,43139
12/08/2020,41957
13/08/2020,34296
14/08/2020,30322
15/08/2020,30834
16/08/2020,32727
17/08/2020,32065
18/08/2020,39694
19/08/2020,20690
20/08/2020,42900
21/08/2020,35563
22/08/2020,44600
23/08/2020,37229
24/08/2020,31659
25/08/2020,27213
26/08/2020,41188
27/08/2020,23767
28/08/2020,27689
29/08/2020,29091
30/08/2020,35248
31/08/2020,39872
01/09/2020,36669
02/09/2020,31809
03/09/2020,30832
04/09/2020,35992
05/09/2020,42640
06/09/2020,39964
07/09/2020,32954
08/09/2020,38508
09/09/2020,39425
10/09/2020,40273
11/09/2020,38358
12/09/2020,47615
13/09/2020,47141
14/09/2020,31631
15/09/2020,43592
16/09/2020,43355
17/09/2020,42033
18/09/2020,42106
19/09/2020,51764
20/09/2020,47835
21/09/2020,38776
22/09/2020,46181
23/09/2020,30731
24/09/2020,32999
25/09/2020,30833
26/09/2020,34352
27/09/2020,26694
28/09/2020,33146
29/09/2020,32116
30/09/2020,27200
01/10/2020,34441
02/10/2020,12207
03/10/2020,21909
04/10/2020,8779
05/10/2020,25748
06/10/2020,30723
07/10/2020,34225
08/10/2020,29150
09/10/2020,29389
10/10/2020,34838
11/10/2020,34123
12/10/2020,21308
13/10/2020,20948
14/10/2020,29591
15/10/2020,30112
16/10/2020,33858
17/10/2020,34167
18/10/2020,31540
19/10/2020,29221
20/10/2020,32568
21/10/2020,17842
22/10/2020,31992
23/10/2020,32333
24/10/2020,26255
25/10/2020,27462
26/10/2020,29578
27/10/2020,21496
28/10/2020,27747
29/10/2020,21958
30/10/2020,29425
31/10/2020,23300
01/11/2020,25625
02/11/2020,27663
03/11/2020,28623
04/11/2020,36971
05/11/2020,19762
06/11/2020,21849
07/11/2020,40469
08/11/2020,31318
09/11/2020,19955
10/11/2020,24860
11/11/2020,23661
12/11/2020,25865
13/11/2020,25767
14/11/2020,15491
15/11/2020,22687
16/11/2020,19152
17/11/2020,23524
18/11/2020,23011
19/11/2020,20455
20/11/2020,18225
21/11/2020,35358
22/11/2020,35315
23/11/2020,21680
24/11/2020,22773
25/11/2020,22103
26/11/2020,23694
27/11/2020,23667
28/11/2020,34416
29/11/2020,27107
30/11/2020,19199
01/12/2020,22282
02/12/2020,24615
03/12/2020,14619
04/12/2020,22624
05/12/2020,31470
06/12/2020,20583
07/12/2020,19778
08/12/2020,21625
09/12/2020,23013
10/12/2020,23516
11/12/2020,24943
12/12/2020,29258
13/12/2020,13220
14/12/2020,15959
15/12/2020,26241
16/12/2020,17574
17/12/2020,22945
18/12/2020,18542
19/12/2020,16643
20/12/2020,17397
21/12/2020,11190
22/12/2020,14805
23/12/2020,13215
24/12/2020,15630
25/12/2020,17741
26/12/2020,12557
27/12/2020,17726
28/12/2020,12631
29/12/2020,14666
30/12/2020,17079
31/12/2020,15004
01/01/2021,10986
02/01/2021,17564
03/01/2021,13621
04/01/2021,10374
05/01/2021,9567
06/01/2021,12387
07/01/2021,12596
08/01/2021,11389
09/01/2021,19703
10/01/2021,13800
11/01/2021,11688
12/01/2021,11761
13/01/2021,8590
14/01/2021,6735
15/01/2021,13991
16/01/2021,12300
17/01/2021,24898
18/01/2021,12990
19/01/2021,12767
20/01/2021,9220
21/01/2021,15096
22/01/2021,16864
23/01/2021,24467
24/01/2021,6632
25/01/2021,13252
26/01/2021,10903
27/01/2021,12485
28/01/2021,13791
29/01/2021,14815
30/01/2021,7918
31/01/2021,16737
01/02/2021,12567
02/02/2021,14462
03/02/2021,13019
04/02/2021,11154
05/02/2021,19522
06/02/2021,19065
07/02/2021,6253
08/02/2021,6727
09/02/2021,7266
10/02/2021,11726
11/02/2021,11146
12/02/2021,11862
13/02/2021,15964
14/02/2021,14038
15/02/2021,13495
16/02/2021,12396
17/02/2021,12953
18/02/2021,16281
19/02/2021,17587
20/02/2021,39938
21/02/2021,33638
22/02/2021,13929
23/02/2021,21703
24/02/2021,22268
25/02/2021,18463
26/02/2021,29685
27/02/2021,52485
28/02/2021,31454
01/03/2021,18214
02/03/2021,19222
03/03/2021,12416
04/03/2021,15504
05/03/2021,20353
06/03/2021,30882
07/03/2021,28893
08/03/2021,18574
09/03/2021,25689
10/03/2021,11251
11/03/2021,16829
12/03/2021,18983
13/03/2021,24114
14/03/2021,21978
15/03/2021,16475
16/03/2021,18957
17/03/2021,18887
18/03/2021,16882
19/03/2021,26756
20/03/2021,34935
21/03/2021,32892
22/03/2021,25237
23/03/2021,24063
24/03/2021,23002
25/03/2021,20558
26/03/2021,17524
27/03/2021,40127
28/03/2021,23890
29/03/2021,34583
30/03/2021,50370
31/03/2021,40471
01/04/2021,36465
02/04/2021,39035
03/04/2021,33877
04/04/2021,47500
05/04/2021,26788
06/04/2021,22337
07/04/2021,24414
08/04/2021,27059
09/04/2021,30386
10/04/2021,23659
11/04/2021,31377
12/04/2021,28610
13/04/2021,29345
14/04/2021,30841
15/04/2021,26089
16/04/2021,33869
17/04/2021,43018
18/04/2021,36387
19/04/2021,30142
20/04/2021,35624
21/04/2021,30110
22/04/2021,32092
23/04/2021,34647
24/04/2021,45312
25/04/2021,29687
26/04/2021,26182
27/04/2021,30584
28/04/2021,21849
29/04/2021,27619
30/04/2021,28856
01/05/2021,34635
02/05/2021,30609
03/05/2021,21099
04/05/2021,22319
05/05/2021,22808
06/05/2021,27220
07/05/2021,31261
08/05/2021,22411
09/05/2021,34410
10/05/2021,26176
11/05/2021,30613
12/05/2021,31718
13/05/2021,24704
14/05/2021,31634
15/05/2021,28821
16/05/2021,17723
17/05/2021,21027
18/05/2021,27777
19/05/2021,29522
20/05/2021,27207
21/05/2021,21452
22/05/2021,30021
23/05/2021,22129
24/05/2021,21323
25/05/2021,29226
26/05/2021,32478
27/05/2021,37833
28/05/2021,32927
29/05/2021,49875
30/05/2021,47848
31/05/2021,53182
01/06/2021,46124
02/06/2021,46231
03/06/2021,47183
04/06/2021,22748
05/06/2021,56922
06/06/2021,41583
07/06/2021,39537
08/06/2021,44797
09/06/2021,46634
10/06/2021,44446
11/06/2021,44189
12/06/2021,56320
13/06/2021,48667
14/06/2021,41079
15/06/2021,44263
16/06/2021,44053
17/06/2021,30035
18/06/2021,19026
19/06/2021,35712
20/06/2021,28882
21/06/2021,20316
22/06/2021,35381
23/06/2021,42302
24/06/2021,40671
25/06/2021,39273
26/06/2021,50000
27/06/2021,29887
28/06/2021,28741
29/06/2021,31728
30/06/2021,36904
01/07/2021,41632
02/07/2021,42401
03/07/2021,39893
04/07/2021,32729
05/07/2021,30628
06/07/2021,24203
07/07/2021,38170
08/07/2021,38057
09/07/2021,39294
10/07/2021,40202
11/07/2021,41740
12/07/2021,26224
13/07/2021,38763
14/07/2021,41459
15/07/2021,38939
16/07/2021,43016
17/07/2021,52103
18/07/2021,46595
19/07/2021,38163
20/07/2021,39611
21/07/2021,44467
22/07/2021,46462
23/07/2021,43714
24/07/2021,36877
25/07/2021,18952
26/07/2021,35758
27/07/2021,36779
28/07/2021,26491
29/07/2021,41820
30/07/2021,27732
31/07/2021,35292
01/08/2021,34376
02/08/2021,34285
03/08/2021,38503
04/08/2021,44108
05/08/2021,32213
06/08/2021,29535
07/08/2021,24930
08/08/2021,25162
09/08/2021,21634
10/08/2021,40608
11/08/2021,43110
12/08/2021,39308
13/08/2021,36992
14/08/2021,45257
15/08/2021,38207
16/08/2021,33358
17/08/2021,33521
18/08/2021,38937
19/08/2021,38045
20/08/2021,37250
21/08/2021,33274
22/08/2021,33765
23/08/2021,35664
24/08/2021,39535
25/08/2021,40758
26/08/2021,37222
27/08/2021,38114
28/08/2021,39107
29/08/2021,37065
30/08/2021,32858
31/08/2021,34433
01/09/2021,37354
02/09/2021,38823
03/09/2021,39325
04/09/2021,41087
05/09/2021,45034
06/09/2021,41408
07/09/2021,46829
08/09/2021,45732
09/09/2021,40853
10/09/2021,37388
11/09/2021,45797
12/09/2021,40890
13/09/2021,38389
14/09/2021,22871
15/09/2021,41485
16/09/2021,43332
17/09/2021,41465
18/09/2021,51300
19/09/2021,30864
20/09/2021,37699
21/09/2021,44749
22/09/2021,46175
23/09/2021,42853
24/09/2021,46203
25/09/2021,48507
26/09/2021,45163
27/09/2021,32180
28/09/2021,32558
29/09/2021,39910
30/09/2021,34095
01/10/2021,34223
02/10/2021,17712
03/10/2021,33745
04/10/2021,30988
05/10/2021,34936
06/10/2021,40846
07/10/2021,38372
08/10/2021,37527
09/10/2021,47877
10/10/2021,36634
11/10/2021,36683
12/10/2021,38469
13/10/2021,40259
14/10/2021,40669
15/10/2021,38265
16/10/2021,35598
17/10/2021,34702
18/10/2021,30787
19/10/2021,35833
20/10/2021,34344
21/10/2021,35898
22/10/2021,35381
23/10/2021,38578
24/10/2021,35165
25/10/2021,34018
26/10/2021,38446
27/10/2021,39679
28/10/2021,40598
29/10/2021,30864
30/10/2021,36270
31/10/2021,27205
01/11/2021,32891
02/11/2021,34906
03/11/2021,34050
04/11/2021,33410
05/11/2021,33000
06/11/2021,33536
07/11/2021,29935
08/11/2021,30945
09/11/2021,35175
10/11/2021,29812
11/11/2021,35799
12/11/2021,29713
13/11/2021,35243
14/11/2021,28777
15/11/2021,31397
16/11/2021,34011
17/11/2021,35489
18/11/2021,36279
19/11/2021,34745
20/11/2021,34225
21/11/2021,26609
22/11/2021,29800
23/11/2021,33569
24/11/2021,32899
25/11/2021,32745
26/11/2021,31557
27/11/2021,17221
28/11/2021,20482
29/11/2021,25340
30/11/2021,31487
01/12/2021,28836
02/12/2021,29801
03/12/2021,28765
04/12/2021,27591
05/12/2021,16162
06/12/2021,23307
07/12/2021,23088
08/12/2021,29512
09/12/2021,28773
10/12/2021,28211
11/12/2021,21616
12/12/2021,22333
13/12/2021,25050
14/12/2021,27602
15/12/2021,27925
16/12/2021,26696
17/12/2021,24646
18/12/2021,25580
19/12/2021,17205
20/12/2021,19404
21/12/2021,18680
22/12/2021,17034
23/12/2021,16372
24/12/2021,10173
25/12/2021,15060
26/12/2021,8239
27/12/2021,9164
28/12/2021,13856
29/12/2021,15437
30/12/2021,19340
31/12/2021,21744
01/01/2022,22811
02/01/2022,16698
03/01/2022,19055
04/01/2022,15300
05/01/2022,20432
06/01/2022,17946
07/01/2022,19742
08/01/2022,12182
09/01/2022,21845
10/01/2022,22074
11/01/2022,21343
12/01/2022,26147
13/01/2022,26386
14/01/2022,26073
15/01/2022,26347
16/01/2022,24162
17/01/2022,25676
18/01/2022,26971
19/01/2022,27576
20/01/2022,27210
21/01/2022,25198
22/01/2022,27996
23/01/2022,23731
24/01/2022,25096
25/01/2022,27184
26/01/2022,29065
27/01/2022,29718
28/01/2022,28182
29/01/2022,32087
30/01/2022,27463
31/01/2022,26806
01/02/2022,32363
02/02/2022,32969
03/02/2022,32512
04/02/2022,24238
05/02/2022,29154
06/02/2022,20944
07/02/2022,28232
08/02/2022,32312
09/02/2022,32442
10/02/2022,32572
11/02/2022,29656
12/02/2022,28800
13/02/2022,13356
14/02/2022,23905
15/02/2022,22197
16/02/2022,26022
17/02/2022,29716
18/02/2022,14463
19/02/2022,16910
20/02/2022,15463
21/02/2022,22928
22/02/2022,30015
23/02/2022,32242
24/02/2022,25250
25/02/2022,31200
26/02/2022,33903
27/02/2022,29669
28/02/2022,26465
01/03/2022,37727
02/03/2022,28298
03/03/2022,56568
04/03/2022,31037
05/03/2022,24237
06/03/2022,24643
07/03/2022,28204
08/03/2022,34238
09/03/2022,34605
10/03/2022,37116
11/03/2022,25296
12/03/2022,34755
13/03/2022,22968
14/03/2022,31111
15/03/2022,36871
16/03/2022,23711
17/03/2022,37252
18/03/2022,37580
19/03/2022,39384
20/03/2022,31699
21/03/2022,33921
22/03/2022,39661
23/03/2022,41285
24/03/2022,40524
25/03/2022,40417
26/03/2022,50812
27/03/2022,28895
28/03/2022,32681
29/03/2022,32672
30/03/2022,31208
31/03/2022,27344
01/04/2022,25630
02/04/2022,26519
03/04/2022,26097
04/04/2022,21227
05/04/2022,32023
06/04/2022,25320
07/04/2022,29307
08/04/2022,29004
09/04/2022,33572
10/04/2022,32452
11/04/2022,33418
12/04/2022,35445
13/04/2022,37019
14/04/2022,38585
15/04/2022,43950
16/04/2022,42937
17/04/2022,37323
18/04/2022,35819
19/04/2022,33604
20/04/2022,41306
21/04/2022,41027
22/04/2022,34123
23/04/2022,37631
24/04/2022,38848
25/04/2022,32014
26/04/2022,38368
27/04/2022,35965
28/04/2022,37081
29/04/2022,32419
30/04/2022,43044
01/05/2022,29733
02/05/2022,36352
03/05/2022,37726
04/05/2022,34515
05/05/2022,42487
06/05/2022,41786
07/05/2022,41649
08/05/2022,44350
09/05/2022,37872
10/05/2022,39427
11/05/2022,31653
12/05/2022,41005
13/05/2022,41129
14/05/2022,53934
15/05/2022,22919
16/05/2022,36720
17/05/2022,45649
18/05/2022,44260
19/05/2022,43893
20/05/2022,31278
21/05/2022,46251
22/05/2022,45820
23/05/2022,34988
24/05/2022,33213
25/05/2022,37459
26/05/2022,40496
27/05/2022,44130
28/05/2022,42005
29/05/2022,38395
30/05/2022,30051
31/05/2022,29909
01/06/2022,38084
02/06/2022,45274
03/06/2022,40537
04/06/2022,34753
05/06/2022,23374
06/06/2022,43421
07/06/2022,41638
08/06/2022,41063
09/06/2022,40021
10/06/2022,41227
11/06/2022,45929
12/06/2022,40639
13/06/2022,40873
14/06/2022,46430
15/06/2022,47586
16/06/2022,47834
17/06/2022,49247
18/06/2022,35305
19/06/2022,32066
20/06/2022,43063
21/06/2022,65326
22/06/2022,54360
23/06/2022,43705
24/06/2022,43120
25/06/2022,47485
26/06/2022,42649
27/06/2022,37252
28/06/2022,44806
29/06/2022,41593
30/06/2022,41520
01/07/2022,41276
02/07/2022,42316
03/07/2022,38719
04/07/2022,42140
05/07/2022,44717
06/07/2022,45401
07/07/2022,46050
08/07/2022,44741
09/07/2022,47058
10/07/2022,44154
11/07/2022,42739
12/07/2022,45037
13/07/2022,46715
14/07/2022,46293
15/07/2022,45023
16/07/2022,48260
17/07/2022,40796
18/07/2022,38798
19/07/2022,36895
20/07/2022,42070
21/07/2022,41430
22/07/2022,39453
23/07/2022,43414
24/07/2022,40175
25/07/2022,38114
26/07/2022,41296
27/07/2022,39282
28/07/2022,43096
29/07/2022,41584
30/07/2022,42718
31/07/2022,36041
01/08/2022,39471
02/08/2022,43885
03/08/2022,43731
04/08/2022,43239
05/08/2022,41383
06/08/2022,43546
07/08/2022,40347
08/08/2022,41602
09/08/2022,44418
10/08/2022,44518
11/08/2022,43132
12/08/2022,40118
13/08/2022,42116
14/08/2022,38252
15/08/2022,37735
16/08/2022,36390
17/08/2022,32093
18/08/2022,41050
19/08/2022,66972
20/08/2022,48010
21/08/2022,39807
22/08/2022,38066
23/08/2022,41519
24/08/2022,42948
25/08/2022,24736
26/08/2022,36636
27/08/2022,37025
28/08/2022,35994
29/08/2022,34262
30/08/2022,36911
31/08/2022,40020
01/09/2022,37781
02/09/2022,36072
03/09/2022,37957
04/09/2022,33863
05/09/2022,35571
06/09/2022,34323
07/09/2022,36468
08/09/2022,27763
09/09/2022,30285
10/09/2022,0
11/09/2022,0
12/09/2022,22560
13/09/2022,22967
14/09/2022,30459
15/09/2022,29192
16/09/2022,26532
17/09/2022,24819
18/09/2022,22844
19/09/2022,23197
20/09/2022,29688
21/09/2022,31156
22/09/2022,31360
23/09/2022,24856
24/09/2022,25246
25/09/2022,21402
26/09/2022,22458
27/09/2022,25701
28/09/2022,29470
29/09/2022,28322
30/09/2022,18638
01/10/2022,26895
02/10/2022,22417
03/10/2022,28739
04/10/2022,31355
05/10/2022,27420
06/10/2022,32978
07/10/2022,28071
08/10/2022,30983
09/10/2022,25691
10/10/2022,26070
11/10/2022,33076
12/10/2022,28307
13/10/2022,31433
14/10/2022,28015
15/10/2022,26042
16/10/2022,22793
17/10/2022,27900
18/10/2022,32208
19/10/2022,31765
20/10/2022,25295
21/10/2022,25143
22/10/2022,27676
23/10/2022,14625
24/10/2022,26888
25/10/2022,31397
26/10/2022,32015
27/10/2022,31983
28/10/2022,30083
29/10/2022,29650
30/10/2022,20989
31/10/2022,26467
