Segment,Country,Product,Date,Quantity,Unit Cost,Sale Price,COGS,Discount,Discount Band,Gross Sales,Sales,Profit 
Enterprise,Canada,Montana,24/10/2020,345,5,125,41400,0,None,43125,43125,1725
Midmarket,Canada,Paseo,20/09/2020,549,10,15,5490,0,None,8235,8235,2745
Small Business,Spain,Paseo,05/09/2020,788,10,300,197000,0,None,236400,236400,39400
Government,Canada,Paseo,06/11/2020,1725,10,350,448500,0,None,603750,603750,155250
Channel Partners,UK,Paseo,03/11/2020,912,10,12,2736,0,None,10944,10944,8208
Midmarket,Canada,Paseo,20/12/2020,2152,10,15,21520,0,None,32280,32280,10760
Enterprise,Canada,Velo,09/10/2020,345,120,125,41400,0,None,43125,43125,1725
Government,UK,VTT,21/09/2020,1527,250,350,397020,0,None,534450,534450,137430
Enterprise,UK,Carretera,25/09/2020,330,3,125,39600,412.5,Low,41250,40837.5,1237.5
Channel Partners,Germany,Carretera,15/10/2020,766,3,12,2298,91.92,Low,9192,9100.08,6802.08
Small Business,Spain,Carretera,28/10/2020,494,3,300,123500,1482,Low,148200,146718,23218
Small Business,UK,Montana,09/09/2020,2498,5,300,624500,7494,Low,749400,741906,117406
Enterprise,UK,Montana,09/10/2020,663,5,125,79560,828.75,Low,82875,82046.25,2486.25
Channel Partners,Germany,Paseo,14/10/2020,766,10,12,2298,91.92,Low,9192,9100.08,6802.08
Enterprise,UK,Velo,13/10/2020,663,120,125,79560,828.75,Low,82875,82046.25,2486.25
Government,Canada,Velo,02/11/2020,2092,120,7,10460,146.44,Low,14644,14497.56,4037.56
Small Business,Spain,VTT,22/10/2020,494,250,300,123500,1482,Low,148200,146718,23218
Channel Partners,UK,Amarilla,13/09/2020,1989,260,12,5967,238.68,Low,23868,23629.32,17662.32
Midmarket,Germany,Amarilla,22/11/2020,321,260,15,3210,48.15,Low,4815,4766.85,1556.85
Small Business,Germany,Carretera,29/10/2020,214,3,300,53500,1284,Low,64200,62916,9416
Government,France,Carretera,07/11/2020,2145,3,7,10725,300.3,Low,15015,14714.7,3989.7
Enterprise,Spain,Montana,29/11/2020,1660,5,125,199200,4150,Low,207500,203350,4150
Enterprise,Germany,Paseo,30/10/2020,809,10,125,97080,2022.5,Low,101125,99102.5,2022.5
Enterprise,UK,Paseo,06/10/2020,2145,10,125,257400,5362.5,Low,268125,262762.5,5362.5
Channel Partners,France,Paseo,21/11/2020,1785,10,12,5355,428.4,Low,21420,20991.6,15636.6
Midmarket,UK,Paseo,03/12/2020,1925,10,15,19250,577.5,Low,28875,28297.5,9047.5
Government,UK,Paseo,16/12/2020,2013,10,7,10065,281.82,Low,14091,13809.18,3744.18
Government,Germany,Velo,07/10/2020,2966,120,350,771160,20762,Low,1038100,1017338,246178
Enterprise,Germany,Velo,29/10/2020,809,120,125,97080,2022.5,Low,101125,99102.5,2022.5
Enterprise,Germany,Velo,27/10/2020,2145,120,125,257400,5362.5,Low,268125,262762.5,5362.5
Government,Germany,Velo,13/12/2020,544,120,20,5440,217.6,Low,10880,10662.4,5222.4
Small Business,Germany,VTT,22/10/2020,214,250,300,53500,1284,Low,64200,62916,9416
Government,UK,VTT,12/12/2020,266,250,350,69160,1862,Low,93100,91238,22078
Government,Spain,VTT,02/12/2020,1940,250,350,504400,13580,Low,679000,665420,161020
Government,Germany,Amarilla,09/10/2020,2966,260,350,771160,20762,Low,1038100,1017338,246178
Channel Partners,Canada,Carretera,05/12/2020,908,3,12,2724,326.88,Low,10896,10569.12,7845.12
Government,Germany,Montana,11/09/2020,1797,5,350,467220,18868.5,Low,628950,610081.5,142861.5
Midmarket,Germany,Paseo,21/10/2020,1945,10,15,19450,875.25,Low,29175,28299.75,8849.75
Midmarket,Germany,VTT,21/10/2020,1945,250,15,19450,875.25,Low,29175,28299.75,8849.75
Government,Spain,Paseo,18/09/2020,1760,10,7,8800,369.6,Low,12320,11950.4,3150.4
Midmarket,France,Paseo,30/12/2020,2261,10,15,22610,1356.6,Low,33915,32558.4,9948.4
Government,UK,Velo,15/09/2020,736,120,20,7360,588.8,Low,14720,14131.2,6771.2
Government,Canada,Carretera,19/10/2020,2851,3,7,14255,798.28,Low,19957,19158.72,4903.72
Government,Canada,Montana,27/10/2020,2851,5,7,14255,798.28,Low,19957,19158.72,4903.72
Midmarket,UK,Paseo,20/10/2020,671,10,15,6710,402.6,Low,10065,9662.4,2952.4
Midmarket,Spain,Paseo,18/10/2020,1514,10,15,15140,908.4,Low,22710,21801.6,6661.6
Government,Canada,Velo,25/09/2020,2646,120,20,26460,2116.8,Low,52920,50803.2,24343.2
Government,UK,VTT,23/09/2020,349,250,350,90740,4886,Low,122150,117264,26524
Midmarket,Spain,VTT,09/10/2020,1514,250,15,15140,908.4,Low,22710,21801.6,6661.6
Midmarket,UK,Amarilla,24/10/2020,671,260,15,6710,402.6,Low,10065,9662.4,2952.4
Government,Canada,Amarilla,25/12/2020,1778,260,350,462280,24892,Low,622300,597408,135128
Government,Germany,Montana,10/10/2020,1159,5,7,5795,405.65,Medium,8113,7707.35,1912.35
Government,Canada,Paseo,19/09/2020,2349,10,7,11745,822.15,Medium,16443,15620.85,3875.85
Government,Germany,Amarilla,05/10/2020,1159,260,7,5795,405.65,Medium,8113,7707.35,1912.35
Government,Germany,Carretera,05/11/2020,1016,3,7,5080,355.6,Medium,7112,6756.4,1676.4
Government,Spain,Montana,16/09/2020,720,5,350,187200,12600,Medium,252000,239400,52200
Small Business,Spain,Montana,21/12/2020,1100,5,300,275000,16500,Medium,330000,313500,38500
Government,Canada,Paseo,15/10/2020,1228,10,350,319280,21490,Medium,429800,408310,89030
Government,Canada,Paseo,03/10/2020,1389,10,20,13890,1389,Medium,27780,26391,12501
Enterprise,France,Paseo,22/10/2020,704,10,125,84480,4400,Medium,88000,83600,-880
Government,Canada,Paseo,27/12/2020,1802,10,20,18020,1802,Medium,36040,34238,16218
Government,France,Paseo,22/12/2020,2136,10,7,10680,747.6,Medium,14952,14204.4,3524.4
Midmarket,Germany,Paseo,31/12/2020,2116,10,15,21160,1587,Medium,31740,30153,8993
Enterprise,France,Velo,13/10/2020,704,120,125,84480,4400,Medium,88000,83600,-880
Government,France,Velo,31/12/2020,1033,120,20,10330,1033,Medium,20660,19627,9297
Government,Canada,VTT,11/10/2020,1389,250,20,13890,1389,Medium,27780,26391,12501
Government,UK,VTT,27/11/2020,1265,250,20,12650,1265,Medium,25300,24035,11385
Government,Germany,VTT,08/11/2020,2297,250,20,22970,2297,Medium,45940,43643,20673
Government,Canada,Amarilla,18/10/2020,1228,260,350,319280,21490,Medium,429800,408310,89030
Channel Partners,Canada,Carretera,14/10/2020,2299,3,12,6897,1655.28,Medium,27588,25932.72,19035.72
Government,UK,Carretera,19/11/2020,263,3,7,1315,110.46,Medium,1841,1730.54,415.54
Enterprise,Germany,Carretera,29/12/2020,887,3,125,106440,6652.5,Medium,110875,104222.5,-2217.5
Government,France,Montana,23/10/2020,1403,5,7,7015,589.26,Medium,9821,9231.74,2216.74
Channel Partners,Canada,Paseo,09/10/2020,2299,10,12,6897,1655.28,Medium,27588,25932.72,19035.72
Government,UK,Paseo,27/10/2020,727,10,350,189020,15267,Medium,254450,239183,50163
Small Business,France,Velo,10/10/2020,1221,120,300,305250,21978,Medium,366300,344322,39072
Government,France,Velo,13/10/2020,2076,120,350,539760,43596,Medium,726600,683004,143244
Small Business,France,VTT,24/10/2020,1221,250,300,305250,21978,Medium,366300,344322,39072
Government,Spain,VTT,13/11/2020,1123,250,20,11230,1347.6,Medium,22460,21112.4,9882.4
Small Business,Canada,VTT,12/12/2020,2436,250,300,609000,43848,Medium,730800,686952,77952
Government,UK,Amarilla,10/10/2020,727,260,350,189020,15267,Medium,254450,239183,50163
Government,France,Amarilla,21/10/2020,1403,260,7,7015,589.26,Medium,9821,9231.74,2216.74
Government,France,Amarilla,23/10/2020,2076,260,350,539760,43596,Medium,726600,683004,143244
Government,France,Montana,15/10/2020,1757,5,20,17570,2108.4,Medium,35140,33031.6,15461.6
Government,France,Paseo,14/10/2020,1757,10,20,17570,2108.4,Medium,35140,33031.6,15461.6
Government,Spain,Carretera,02/09/2020,1834,3,20,18340,2567.6,Medium,36680,34112.4,15772.4
Government,France,Paseo,11/09/2020,1031,10,7,5155,505.19,Medium,7217,6711.81,1556.81
Channel Partners,Germany,VTT,23/09/2020,2215,250,12,6645,1860.6,Medium,26580,24719.4,18074.4
Enterprise,Germany,Montana,10/11/2020,2500,5,125,300000,21875,Medium,312500,290625,-9375
Midmarket,UK,Paseo,10/09/2020,2931,10,15,29310,3077.55,Medium,43965,40887.45,11577.45
Small Business,Germany,Paseo,27/09/2020,1123,10,300,280750,23583,Medium,336900,313317,32567
Small Business,Canada,Paseo,12/11/2020,1404,10,300,351000,29484,Medium,421200,391716,40716
Channel Partners,Spain,Paseo,12/11/2020,2763,10,12,8289,2320.92,Medium,33156,30835.08,22546.08
Government,Germany,Paseo,24/12/2020,2125,10,7,10625,1041.25,Medium,14875,13833.75,3208.75
Government,UK,Velo,03/12/2020,1421,120,20,14210,1989.4,Medium,28420,26430.6,12220.6
Government,Germany,Velo,26/12/2020,588,120,20,5880,823.2,Medium,11760,10936.8,5056.8
Enterprise,Germany,Amarilla,15/09/2020,994,260,125,119280,8697.5,Medium,124250,115552.5,-3727.5
Small Business,Canada,Montana,12/09/2020,1283,5,300,320750,30792,Medium,384900,354108,33358
Government,Germany,Paseo,06/09/2020,2409,10,7,12045,1349.04,Medium,16863,15513.96,3468.96
Government,Germany,Paseo,07/11/2020,2146,10,350,557960,60088,Medium,751100,691012,133052
Government,Spain,Paseo,31/12/2020,1946,10,7,9730,1089.76,Medium,13622,12532.24,2802.24
Small Business,France,Velo,08/11/2020,386,120,300,96500,9264,Medium,115800,106536,10036
Small Business,UK,VTT,13/12/2020,808,250,300,202000,19392,Medium,242400,223008,21008
Channel Partners,Spain,Amarilla,03/12/2020,1375,260,12,4125,1320,Medium,16500,15180,11055
Channel Partners,Spain,Carretera,06/10/2020,367,3,12,1101,396.36,Medium,4404,4007.64,2906.64
Small Business,France,Montana,24/09/2020,322,5,300,80500,8694,Medium,96600,87906,7406
Enterprise,France,Montana,30/11/2020,1857,5,125,222840,20891.25,Medium,232125,211233.75,-11606.25
Government,Canada,Montana,14/12/2020,1611,5,7,8055,1014.93,Medium,11277,10262.07,2207.07
Small Business,Germany,Montana,15/12/2020,334,5,300,83500,9018,Medium,100200,91182,7682
Channel Partners,Spain,Paseo,02/10/2020,367,10,12,1101,396.36,Medium,4404,4007.64,2906.64
Channel Partners,Germany,Paseo,19/11/2020,1775,10,12,5325,1917,Medium,21300,19383,14058
Channel Partners,France,VTT,29/09/2020,2234,250,12,6702,2412.72,Medium,26808,24395.28,17693.28
Midmarket,Germany,Amarilla,24/11/2020,970,260,15,9700,1309.5,Medium,14550,13240.5,3540.5
Government,France,VTT,27/11/2020,2682,250,20,26820,4827.6,Medium,53640,48812.4,21992.4
Channel Partners,France,Amarilla,22/12/2020,306,260,12,918,330.48,Medium,3672,3341.52,2423.52
Channel Partners,UK,Carretera,28/10/2020,386,3,12,1158,463.2,High,4632,4168.8,3010.8
Channel Partners,UK,Paseo,28/10/2020,386,10,12,1158,463.2,High,4632,4168.8,3010.8
Enterprise,France,Carretera,16/12/2020,1482,3,125,177840,18525,High,185250,166725,-11115
Enterprise,UK,Montana,23/11/2020,1804,5,125,216480,22550,High,225500,202950,-13530
Midmarket,France,Paseo,22/10/2020,2167,10,15,21670,3250.5,High,32505,29254.5,7584.5
Small Business,UK,Velo,10/10/2020,2294,120,300,573500,68820,High,688200,619380,45880
Enterprise,Canada,Velo,10/12/2020,1916,120,125,229920,23950,High,239500,215550,-14370
Small Business,UK,VTT,14/10/2020,2294,250,300,573500,68820,High,688200,619380,45880
Midmarket,France,VTT,14/10/2020,2167,250,15,21670,3250.5,High,32505,29254.5,7584.5
Government,Germany,VTT,27/12/2020,1870,250,350,486200,65450,High,654500,589050,102850
Channel Partners,France,Carretera,10/10/2020,1198,3,12,3594,1581.36,High,14376,12794.64,9200.64
Channel Partners,France,Paseo,05/10/2020,1198,10,12,3594,1581.36,High,14376,12794.64,9200.64
Channel Partners,Spain,VTT,09/09/2020,1005,250,12,3015,1326.6,High,12060,10733.4,7718.4
Midmarket,Canada,Carretera,12/11/2020,1560,3,15,15600,2574,High,23400,20826,5226
Government,Spain,Carretera,22/11/2020,2706,3,7,13530,2083.62,High,18942,16858.38,3328.38
Government,Germany,Montana,14/10/2020,2992,5,20,29920,6582.4,High,59840,53257.6,23337.6
Government,Germany,Paseo,15/10/2020,2992,10,20,29920,6582.4,High,59840,53257.6,23337.6
Government,France,Velo,02/09/2020,2805,120,20,28050,6171,High,56100,49929,21879
Midmarket,Spain,Velo,01/09/2020,655,120,15,6550,1080.75,High,9825,8744.25,2194.25
Government,Spain,Velo,22/10/2020,344,120,350,89440,13244,High,120400,107156,17716
Government,Canada,VTT,30/11/2020,2935,250,20,29350,6457,High,58700,52243,22893
Enterprise,Spain,Amarilla,19/09/2020,947,260,125,113640,13021.25,High,118375,105353.75,-8286.25
Government,Spain,Amarilla,17/10/2020,344,260,350,89440,13244,High,120400,107156,17716
Government,UK,Paseo,13/09/2020,380,10,7,1900,292.6,High,2660,2367.4,467.4
Enterprise,Canada,Carretera,15/09/2020,2416,3,125,289920,36240,High,302000,265760,-24160
Government,Spain,Montana,31/10/2020,1715,5,20,17150,4116,High,34300,30184,13034
Small Business,France,Montana,26/12/2020,1186,5,300,296500,42696,High,355800,313104,16604
Government,Spain,Paseo,03/10/2020,1715,10,20,17150,4116,High,34300,30184,13034
Midmarket,Spain,Paseo,30/12/2020,380,10,15,3800,684,High,5700,5016,1216
Government,Canada,VTT,20/09/2020,623,250,350,161980,26166,High,218050,191884,29904
Midmarket,UK,Amarilla,09/11/2020,2548,260,15,25480,4586.4,High,38220,33633.6,8153.6
Channel Partners,Canada,Amarilla,02/09/2020,2761,260,12,8283,3975.84,High,33132,29156.16,20873.16
Government,Germany,Carretera,29/09/2020,442,3,20,4420,1149.2,High,8840,7690.8,3270.8
Midmarket,Germany,Velo,01/09/2020,660,120,15,6600,1287,High,9900,8613,2013
Small Business,Spain,Velo,29/11/2020,2605,120,300,651250,101595,High,781500,679905,28655
Channel Partners,Germany,Amarilla,11/12/2020,1770,260,12,5310,2761.2,High,21240,18478.8,13168.8
Government,UK,Carretera,20/10/2020,2996,3,7,14980,2936.08,High,20972,18035.92,3055.92
Government,UK,Montana,24/10/2020,2996,5,7,14980,2936.08,High,20972,18035.92,3055.92
Channel Partners,UK,Amarilla,26/12/2020,2015,260,12,6045,3385.2,High,24180,20794.8,14749.8
Enterprise,France,Carretera,23/09/2020,1023,3,125,122760,17902.5,High,127875,109972.5,-12787.5
Enterprise,Spain,Carretera,06/12/2020,2821,3,125,338520,49367.5,High,352625,303257.5,-35262.5
Government,Spain,Montana,23/10/2020,1727,5,7,8635,1692.46,High,12089,10396.54,1761.54
Midmarket,Canada,Paseo,04/09/2020,2470,10,15,24700,5187,High,37050,31863,7163
Midmarket,Canada,Paseo,23/10/2020,1743,10,15,17430,3660.3,High,26145,22484.7,5054.7
Channel Partners,Canada,Paseo,02/11/2020,2222,10,12,6666,3732.96,High,26664,22931.04,16265.04
Government,France,Paseo,28/11/2020,1922,10,350,499720,94178,High,672700,578522,78802
Small Business,Canada,Velo,08/10/2020,269,120,300,67250,11298,High,80700,69402,2152
Small Business,Germany,Velo,27/11/2020,2536,120,300,634000,106512,High,760800,654288,20288
Small Business,Canada,VTT,03/10/2020,269,250,300,67250,11298,High,80700,69402,2152
Government,France,VTT,17/12/2020,1281,250,350,333060,62769,High,448350,385581,52521
Midmarket,Canada,Amarilla,26/10/2020,1743,260,15,17430,3660.3,High,26145,22484.7,5054.7
Government,Spain,Amarilla,19/10/2020,1727,260,7,8635,1692.46,High,12089,10396.54,1761.54
Midmarket,Spain,Amarilla,06/11/2020,1870,260,15,18700,3927,High,28050,24123,5423
Government,UK,Paseo,26/10/2020,267,10,20,2670,801,High,5340,4539,1869
Government,UK,Paseo,22/11/2020,2007,10,350,521820,105367.5,High,702450,597082.5,75262.5
Government,Spain,Paseo,21/11/2020,2151,10,350,559260,112927.5,High,752850,639922.5,80662.5
Small Business,UK,Velo,06/11/2020,2574,120,300,643500,115830,High,772200,656370,12870
Enterprise,UK,Velo,25/12/2020,2438,120,125,292560,45712.5,High,304750,259037.5,-33522.5
Government,UK,VTT,08/10/2020,267,250,20,2670,801,High,5340,4539,1869
Enterprise,Canada,VTT,01/11/2020,2954,250,125,354480,55387.5,High,369250,313862.5,-40617.5
Government,Canada,Carretera,12/01/2021,1618.5,3,20,16185,0,None,32370,32370,16185
Government,Germany,Carretera,09/01/2021,1321,3,20,13210,0,None,26420,26420,13210
Midmarket,France,Carretera,20/06/2021,2178,3,15,21780,0,None,32670,32670,10890
Midmarket,Germany,Carretera,17/06/2021,888,3,15,8880,0,None,13320,13320,4440
Midmarket,Spain,Carretera,16/06/2021,2470,3,15,24700,0,None,37050,37050,12350
Government,Germany,Carretera,16/12/2021,1513,3,350,393380,0,None,529550,529550,136170
Midmarket,Germany,Montana,02/03/2021,921,5,15,9210,0,None,13815,13815,4605
Channel Partners,Canada,Montana,18/06/2021,2518,5,12,7554,0,None,30216,30216,22662
Government,France,Montana,13/06/2021,1899,5,20,18990,0,None,37980,37980,18990
Channel Partners,Germany,Montana,03/06/2021,1545,5,12,4635,0,None,18540,18540,13905
Midmarket,Spain,Montana,25/06/2021,2470,5,15,24700,0,None,37050,37050,12350
Enterprise,Canada,Montana,24/07/2021,2665.5,5,125,319860,0,None,333187.5,333187.5,13327.5
Small Business,Spain,Montana,01/08/2021,958,5,300,239500,0,None,287400,287400,47900
Government,Germany,Montana,15/09/2021,2146,5,7,10730,0,None,15022,15022,4292
Midmarket,UK,Montana,04/12/2021,615,5,15,6150,0,None,9225,9225,3075
Government,Canada,Paseo,21/02/2021,292,10,20,2920,0,None,5840,5840,2920
Midmarket,Spain,Paseo,22/02/2021,974,10,15,9740,0,None,14610,14610,4870
Channel Partners,Canada,Paseo,18/06/2021,2518,10,12,7554,0,None,30216,30216,22662
Government,Germany,Paseo,07/06/2021,1006,10,350,261560,0,None,352100,352100,90540
Channel Partners,Germany,Paseo,30/07/2021,367,10,12,1101,0,None,4404,4404,3303
Government,Spain,Paseo,13/08/2021,883,10,7,4415,0,None,6181,6181,1766
Midmarket,Spain,Paseo,04/09/2021,2472,10,15,24720,0,None,37080,37080,12360
Government,UK,Paseo,27/10/2021,1143,10,7,5715,0,None,8001,8001,2286
Government,Canada,Paseo,12/12/2021,1817,10,20,18170,0,None,36340,36340,18170
Government,Germany,Paseo,12/12/2021,1513,10,350,393380,0,None,529550,529550,136170
Government,Spain,Velo,08/01/2021,1493,120,7,7465,0,None,10451,10451,2986
Enterprise,France,Velo,23/02/2021,1804,120,125,216480,0,None,225500,225500,9020
Channel Partners,Germany,Velo,30/03/2021,2161,120,12,6483,0,None,25932,25932,19449
Government,Germany,Velo,01/06/2021,1006,120,350,261560,0,None,352100,352100,90540
Channel Partners,Germany,Velo,03/06/2021,1545,120,12,4635,0,None,18540,18540,13905
Enterprise,UK,Velo,14/08/2021,2821,120,125,338520,0,None,352625,352625,14105
Small Business,Canada,VTT,14/02/2021,2001,250,300,500250,0,None,600300,600300,100050
Channel Partners,Germany,VTT,22/04/2021,2838,250,12,8514,0,None,34056,34056,25542
Midmarket,France,VTT,06/06/2021,2178,250,15,21780,0,None,32670,32670,10890
Midmarket,Germany,VTT,03/06/2021,888,250,15,8880,0,None,13320,13320,4440
Small Business,France,VTT,19/09/2021,2151,250,300,537750,0,None,645300,645300,107550
Government,Canada,VTT,27/12/2021,1817,250,20,18170,0,None,36340,36340,18170
Government,France,Amarilla,15/02/2021,2750,260,350,715000,0,None,962500,962500,247500
Channel Partners,UK,Amarilla,17/04/2021,1953,260,12,5859,0,None,23436,23436,17577
Enterprise,Germany,Amarilla,12/04/2021,4219.5,260,125,506340,0,None,527437.5,527437.5,21097.5
Government,France,Amarilla,06/06/2021,1899,260,20,18990,0,None,37980,37980,18990
Government,Germany,Amarilla,20/07/2021,1686,260,7,8430,0,None,11802,11802,3372
Channel Partners,UK,Amarilla,21/08/2021,2141,260,12,6423,0,None,25692,25692,19269
Government,UK,Amarilla,27/10/2021,1143,260,7,5715,0,None,8001,8001,2286
Midmarket,UK,Amarilla,07/12/2021,615,260,15,6150,0,None,9225,9225,3075
Government,France,Paseo,26/01/2021,3945,10,7,19725,276.15,Low,27615,27338.85,7613.85
Midmarket,France,Paseo,22/02/2021,2296,10,15,22960,344.4,Low,34440,34095.6,11135.6
Government,France,Paseo,28/05/2021,1030,10,7,5150,72.1,Low,7210,7137.9,1987.9
Government,France,Velo,16/11/2021,639,120,7,3195,44.73,Low,4473,4428.27,1233.27
Government,Canada,VTT,31/03/2021,1326,250,7,6630,92.82,Low,9282,9189.18,2559.18
Channel Partners,UK,Carretera,05/02/2021,1858,3,12,5574,222.96,Low,22296,22073.04,16499.04
Government,Spain,Carretera,13/03/2021,1210,3,350,314600,4235,Low,423500,419265,104665
Government,UK,Carretera,20/07/2021,2529,3,7,12645,177.03,Low,17703,17525.97,4880.97
Channel Partners,Canada,Carretera,09/09/2021,1445,3,12,4335,173.4,Low,17340,17166.6,12831.6
Channel Partners,France,Carretera,22/09/2021,2671,3,12,8013,320.52,Low,32052,31731.48,23718.48
Government,Spain,Carretera,28/10/2021,1397,3,350,363220,4889.5,Low,488950,484060.5,120840.5
Government,France,Carretera,27/12/2021,2155,3,350,560300,7542.5,Low,754250,746707.5,186407.5
Midmarket,Spain,Montana,13/03/2021,2214,5,15,22140,332.1,Low,33210,32877.9,10737.9
Small Business,UK,Montana,27/04/2021,2301,5,300,575250,6903,Low,690300,683397,108147
Government,France,Montana,17/07/2021,1375.5,5,20,13755,275.1,Low,27510,27234.9,13479.9
Government,Canada,Montana,30/08/2021,1830,5,7,9150,128.1,Low,12810,12681.9,3531.9
Midmarket,UK,Paseo,27/02/2021,1514,10,15,15140,227.1,Low,22710,22482.9,7342.9
Government,UK,Paseo,03/04/2021,4492.5,10,7,22462.5,314.48,Low,31447.5,31133.03,8670.53
Enterprise,UK,Paseo,10/06/2021,727,10,125,87240,908.75,Low,90875,89966.25,2726.25
Enterprise,France,Paseo,26/06/2021,787,10,125,94440,983.75,Low,98375,97391.25,2951.25
Enterprise,Spain,Paseo,25/07/2021,1823,10,125,218760,2278.75,Low,227875,225596.25,6836.25
Midmarket,Germany,Paseo,21/09/2021,747,10,15,7470,112.05,Low,11205,11092.95,3622.95
Small Business,UK,Paseo,14/11/2021,2905,10,300,726250,8715,Low,871500,862785,136535
Government,France,Paseo,01/12/2021,2155,10,350,560300,7542.5,Low,754250,746707.5,186407.5
Government,France,Velo,10/04/2021,3864,120,20,38640,772.8,Low,77280,76507.2,37867.2
Government,Spain,Velo,07/05/2021,362,120,7,1810,25.34,Low,2534,2508.66,698.66
Enterprise,Canada,Velo,16/08/2021,923,120,125,110760,1153.75,Low,115375,114221.25,3461.25
Government,Germany,VTT,27/03/2021,263,250,7,1315,18.41,Low,1841,1822.59,507.59
Government,Canada,VTT,29/04/2021,943.5,250,350,245310,3302.25,Low,330225,326922.75,81612.75
Enterprise,UK,VTT,13/06/2021,727,250,125,87240,908.75,Low,90875,89966.25,2726.25
Enterprise,France,VTT,25/06/2021,787,250,125,94440,983.75,Low,98375,97391.25,2951.25
Small Business,Germany,VTT,09/09/2021,986,250,300,246500,2958,Low,295800,292842,46342
Government,Spain,VTT,26/10/2021,1397,250,350,363220,4889.5,Low,488950,484060.5,120840.5
Enterprise,France,VTT,12/11/2021,1744,250,125,209280,2180,Low,218000,215820,6540
Enterprise,Canada,Carretera,25/04/2021,742.5,3,125,89100,1856.25,Low,92812.5,90956.25,1856.25
Channel Partners,Canada,Carretera,22/10/2021,1295,3,12,3885,310.8,Low,15540,15229.2,11344.2
Government,Canada,Carretera,20/12/2021,2852,3,350,741520,19964,Low,998200,978236,236716
Channel Partners,UK,Montana,15/06/2021,1142,5,12,3426,274.08,Low,13704,13429.92,10003.92
Government,UK,Montana,31/10/2021,1566,5,20,15660,626.4,Low,31320,30693.6,15033.6
Channel Partners,Spain,Montana,09/11/2021,690,5,12,2070,165.6,Low,8280,8114.4,6044.4
Midmarket,Canada,Paseo,05/02/2021,2363,10,15,23630,708.9,Low,35445,34736.1,11106.1
Small Business,France,Paseo,06/05/2021,918,10,300,229500,5508,Low,275400,269892,40392
Small Business,Germany,Paseo,22/05/2021,1728,10,300,432000,10368,Low,518400,508032,76032
Channel Partners,UK,Paseo,19/06/2021,1142,10,12,3426,274.08,Low,13704,13429.92,10003.92
Enterprise,Spain,Paseo,17/06/2021,662,10,125,79440,1655,Low,82750,81095,1655
Channel Partners,Canada,Paseo,25/10/2021,1295,10,12,3885,310.8,Low,15540,15229.2,11344.2
Small Business,Canada,Paseo,01/12/2021,1916,10,300,479000,11496,Low,574800,563304,84304
Government,Canada,Paseo,18/12/2021,2852,10,350,741520,19964,Low,998200,978236,236716
Enterprise,Canada,Paseo,16/12/2021,2729,10,125,327480,6822.5,Low,341125,334302.5,6822.5
Channel Partners,France,Paseo,24/12/2021,1055,10,12,3165,253.2,Low,12660,12406.8,9241.8
Channel Partners,Spain,Paseo,23/12/2021,1084,10,12,3252,260.16,Low,13008,12747.84,9495.84
Government,UK,Velo,07/10/2021,1566,120,20,15660,626.4,Low,31320,30693.6,15033.6
Government,Germany,Velo,06/10/2021,2877,120,350,748020,20139,Low,1006950,986811,238791
Channel Partners,France,Velo,27/12/2021,1055,120,12,3165,253.2,Low,12660,12406.8,9241.8
Channel Partners,Spain,Velo,12/12/2021,1084,120,12,3252,260.16,Low,13008,12747.84,9495.84
Enterprise,Spain,VTT,29/06/2021,662,250,125,79440,1655,Low,82750,81095,1655
Government,Germany,VTT,21/10/2021,2877,250,350,748020,20139,Low,1006950,986811,238791
Enterprise,Canada,VTT,20/12/2021,2729,250,125,327480,6822.5,Low,341125,334302.5,6822.5
Small Business,Germany,Amarilla,27/03/2021,259,260,300,64750,1554,Low,77700,76146,11396
Small Business,Spain,Amarilla,04/03/2021,1101,260,300,275250,6606,Low,330300,323694,48444
Enterprise,Germany,Amarilla,11/05/2021,2276,260,125,273120,5690,Low,284500,278810,5690
Government,UK,Amarilla,22/11/2021,1236,260,20,12360,494.4,Low,24720,24225.6,11865.6
Government,France,Amarilla,03/11/2021,941,260,20,9410,376.4,Low,18820,18443.6,9033.6
Small Business,Canada,Amarilla,15/12/2021,1916,260,300,479000,11496,Low,574800,563304,84304
Enterprise,France,Carretera,19/04/2021,4243.5,3,125,509220,15913.13,Low,530437.5,514524.38,5304.38
Government,Germany,Carretera,17/04/2021,2580,3,20,25800,1548,Low,51600,50052,24252
Small Business,Germany,Carretera,06/06/2021,689,3,300,172250,6201,Low,206700,200499,28249
Channel Partners,UK,Carretera,15/09/2021,1947,3,12,5841,700.92,Low,23364,22663.08,16822.08
Government,Germany,Montana,07/02/2021,1958,5,7,9790,411.18,Low,13706,13294.82,3504.82
Channel Partners,France,Montana,18/06/2021,1901,5,12,5703,684.36,Low,22812,22127.64,16424.64
Government,France,Montana,14/09/2021,544,5,7,2720,114.24,Low,3808,3693.76,973.76
Enterprise,France,Montana,24/12/2021,1287,5,125,154440,4826.25,Low,160875,156048.75,1608.75
Enterprise,Germany,Montana,27/12/2021,1706,5,125,204720,6397.5,Low,213250,206852.5,2132.5
Small Business,France,Paseo,10/01/2021,2434.5,10,300,608625,21910.5,Low,730350,708439.5,99814.5
Enterprise,Canada,Paseo,03/03/2021,1774,10,125,212880,6652.5,Low,221750,215097.5,2217.5
Channel Partners,France,Paseo,16/06/2021,1901,10,12,5703,684.36,Low,22812,22127.64,16424.64
Small Business,Germany,Paseo,21/06/2021,689,10,300,172250,6201,Low,206700,200499,28249
Enterprise,Germany,Paseo,20/06/2021,1570,10,125,188400,5887.5,Low,196250,190362.5,1962.5
Channel Partners,UK,Paseo,04/07/2021,1369.5,10,12,4108.5,493.02,Low,16434,15940.98,11832.48
Enterprise,Canada,Paseo,15/10/2021,2009,10,125,241080,7533.75,Low,251125,243591.25,2511.25
Enterprise,France,Paseo,17/12/2021,1287,10,125,154440,4826.25,Low,160875,156048.75,1608.75
Enterprise,Germany,Paseo,08/12/2021,1706,10,125,204720,6397.5,Low,213250,206852.5,2132.5
Enterprise,Canada,Velo,04/10/2021,2009,120,125,241080,7533.75,Low,251125,243591.25,2511.25
Small Business,UK,VTT,17/02/2021,2844,250,300,711000,25596,Low,853200,827604,116604
Channel Partners,Spain,VTT,10/04/2021,1916,250,12,5748,689.76,Low,22992,22302.24,16554.24
Enterprise,Germany,VTT,13/06/2021,1570,250,125,188400,5887.5,Low,196250,190362.5,1962.5
Small Business,Canada,VTT,30/08/2021,1874,250,300,468500,16866,Low,562200,545334,76834
Government,Spain,VTT,21/08/2021,1642,250,350,426920,17241,Low,574700,557459,130539
Government,Canada,Carretera,03/05/2021,831,3,20,8310,498.6,Low,16620,16121.4,7811.4
Government,Canada,Velo,25/04/2021,3850.5,120,20,38505,2310.3,Low,77010,74699.7,36194.7
Channel Partners,Germany,VTT,30/01/2021,2479,250,12,7437,892.44,Low,29748,28855.56,21418.56
Midmarket,Spain,Montana,02/10/2021,2031,5,15,20310,1218.6,Low,30465,29246.4,8936.4
Midmarket,Spain,Paseo,28/10/2021,2031,10,15,20310,1218.6,Low,30465,29246.4,8936.4
Small Business,Germany,Carretera,06/10/2021,2021,3,300,505250,24252,Low,606300,582048,76798
Government,UK,Carretera,02/12/2021,274,3,350,71240,3836,Low,95900,92064,20824
Midmarket,Canada,Montana,03/03/2021,1967,5,15,19670,1180.2,Low,29505,28324.8,8654.8
Small Business,Germany,Montana,25/08/2021,1859,5,300,464750,22308,Low,557700,535392,70642
Small Business,Germany,Montana,09/10/2021,2021,5,300,505250,24252,Low,606300,582048,76798
Enterprise,Spain,Montana,30/12/2021,1138,5,125,136560,5690,Low,142250,136560,0
Government,Canada,Paseo,01/01/2021,4251,10,7,21255,1190.28,Low,29757,28566.72,7311.72
Enterprise,Germany,Paseo,01/03/2021,795,10,125,95400,3975,Low,99375,95400,0
Small Business,Germany,Paseo,18/04/2021,1414.5,10,300,353625,16974,Low,424350,407376,53751
Small Business,UK,Paseo,18/05/2021,2918,10,300,729500,35016,Low,875400,840384,110884
Government,UK,Paseo,07/07/2021,3450,10,350,897000,48300,Low,1207500,1159200,262200
Enterprise,France,Paseo,20/07/2021,2988,10,125,358560,14940,Low,373500,358560,0
Midmarket,Canada,Paseo,29/09/2021,218,10,15,2180,130.8,Low,3270,3139.2,959.2
Government,Canada,Paseo,20/09/2021,2074,10,20,20740,1659.2,Low,41480,39820.8,19080.8
Government,UK,Paseo,12/09/2021,1056,10,20,10560,844.8,Low,21120,20275.2,9715.2
Government,UK,Paseo,10/12/2021,274,10,350,71240,3836,Low,95900,92064,20824
Enterprise,Spain,Paseo,08/12/2021,1138,10,125,136560,5690,Low,142250,136560,0
Channel Partners,UK,Velo,16/03/2021,1465,120,12,4395,703.2,Low,17580,16876.8,12481.8
Government,France,Velo,17/10/2021,2177,120,350,566020,30478,Low,761950,731472,165452
Channel Partners,France,VTT,04/05/2021,866,250,12,2598,415.68,Low,10392,9976.32,7378.32
Government,France,VTT,13/10/2021,2177,250,350,566020,30478,Low,761950,731472,165452
Government,Spain,Amarilla,22/02/2021,1865,260,350,484900,26110,Low,652750,626640,141740
Enterprise,Spain,Amarilla,06/04/2021,1074,260,125,128880,5370,Low,134250,128880,0
Government,Germany,Amarilla,13/09/2021,1907,260,350,495820,26698,Low,667450,640752,144932
Government,Germany,Paseo,24/01/2021,1372,10,7,6860,480.2,Medium,9604,9123.8,2263.8
Government,Spain,Paseo,10/10/2021,2689,10,7,13445,941.15,Medium,18823,17881.85,4436.85
Channel Partners,Canada,Paseo,07/12/2021,2431,10,12,7293,1458.6,Medium,29172,27713.4,20420.4
Channel Partners,Canada,Velo,03/12/2021,2431,120,12,7293,1458.6,Medium,29172,27713.4,20420.4
Government,Spain,VTT,21/10/2021,2689,250,7,13445,941.15,Medium,18823,17881.85,4436.85
Government,Spain,Amarilla,29/07/2021,1683,260,7,8415,589.05,Medium,11781,11191.95,2776.95
Channel Partners,Spain,Amarilla,22/08/2021,1123,260,12,3369,673.8,Medium,13476,12802.2,9433.2
Channel Partners,France,Carretera,22/02/2021,1865,3,12,5595,1119,Medium,22380,21261,15666
Channel Partners,Germany,Carretera,11/02/2021,1116,3,12,3348,669.6,Medium,13392,12722.4,9374.4
Government,France,Carretera,31/05/2021,1563,3,20,15630,1563,Medium,31260,29697,14067
Small Business,UK,Carretera,04/06/2021,991,3,300,247750,14865,Medium,297300,282435,34685
Midmarket,Spain,Carretera,06/11/2021,2791,3,15,27910,2093.25,Medium,41865,39771.75,11861.75
Government,UK,Carretera,20/12/2021,570,3,7,2850,199.5,Medium,3990,3790.5,940.5
Government,France,Carretera,31/12/2021,2487,3,7,12435,870.45,Medium,17409,16538.55,4103.55
Government,France,Montana,22/01/2021,1384.5,5,350,359970,24228.75,Medium,484575,460346.25,100376.25
Enterprise,UK,Montana,07/07/2021,3627,5,125,435240,22668.75,Medium,453375,430706.25,-4533.75
Channel Partners,Germany,Montana,11/11/2021,2342,5,12,7026,1405.2,Medium,28104,26698.8,19672.8
Government,France,Paseo,14/02/2021,1303,10,20,13030,1303,Medium,26060,24757,11727
Enterprise,UK,Paseo,29/03/2021,2992,10,125,359040,18700,Medium,374000,355300,-3740
Enterprise,France,Paseo,12/03/2021,2385,10,125,286200,14906.25,Medium,298125,283218.75,-2981.25
Small Business,Spain,Paseo,09/04/2021,1607,10,300,401750,24105,Medium,482100,457995,56245
Government,UK,Paseo,29/05/2021,2327,10,7,11635,814.45,Medium,16289,15474.55,3839.55
Small Business,UK,Paseo,30/06/2021,991,10,300,247750,14865,Medium,297300,282435,34685
Government,UK,Paseo,13/06/2021,602,10,350,156520,10535,Medium,210700,200165,43645
Midmarket,France,Paseo,30/09/2021,2620,10,15,26200,1965,Medium,39300,37335,11135
Enterprise,UK,Paseo,19/10/2021,861,10,125,103320,5381.25,Medium,107625,102243.75,-1076.25
Government,UK,Paseo,31/12/2021,2663,10,20,26630,2663,Medium,53260,50597,23967
Midmarket,UK,Velo,20/01/2021,555,120,15,5550,416.25,Medium,8325,7908.75,2358.75
Midmarket,Spain,Velo,15/01/2021,2861,120,15,28610,2145.75,Medium,42915,40769.25,12159.25
Enterprise,Germany,Velo,14/02/2021,807,120,125,96840,5043.75,Medium,100875,95831.25,-1008.75
Government,UK,Velo,19/06/2021,602,120,350,156520,10535,Medium,210700,200165,43645
Government,UK,Velo,12/08/2021,2832,120,20,28320,2832,Medium,56640,53808,25488
Government,France,Velo,03/08/2021,1579,120,20,15790,1579,Medium,31580,30001,14211
Enterprise,UK,Velo,17/10/2021,861,120,125,103320,5381.25,Medium,107625,102243.75,-1076.25
Small Business,Germany,Velo,21/12/2021,1250,120,300,312500,18750,Medium,375000,356250,43750
Government,UK,VTT,07/12/2021,2663,250,20,26630,2663,Medium,53260,50597,23967
Government,UK,VTT,05/12/2021,570,250,7,2850,199.5,Medium,3990,3790.5,940.5
Government,France,VTT,13/12/2021,2487,250,7,12435,870.45,Medium,17409,16538.55,4103.55
Government,Germany,Amarilla,03/02/2021,1350,260,350,351000,23625,Medium,472500,448875,97875
Government,Canada,Amarilla,18/08/2021,552,260,350,143520,9660,Medium,193200,183540,40020
Small Business,Germany,Amarilla,13/12/2021,1250,260,300,312500,18750,Medium,375000,356250,43750
Midmarket,France,Paseo,24/04/2021,3801,10,15,38010,3420.9,Medium,57015,53594.1,15584.1
Government,UK,Carretera,25/01/2021,1117.5,3,20,11175,1341,Medium,22350,21009,9834
Midmarket,Canada,Carretera,27/06/2021,2844,3,15,28440,2559.6,Medium,42660,40100.4,11660.4
Channel Partners,Spain,Carretera,19/09/2021,562,3,12,1686,404.64,Medium,6744,6339.36,4653.36
Midmarket,UK,Carretera,27/11/2021,2030,3,15,20300,1827,Medium,30450,28623,8323
Government,Spain,Montana,14/04/2021,980,5,350,254800,20580,Medium,343000,322420,67620
Government,Germany,Montana,06/05/2021,1460,5,350,379600,30660,Medium,511000,480340,100740
Channel Partners,UK,Montana,02/11/2021,2723,5,12,8169,1960.56,Medium,32676,30715.44,22546.44
Government,France,Paseo,23/06/2021,1496,10,350,388960,31416,Medium,523600,492184,103224
Enterprise,Canada,Velo,12/02/2021,952,120,125,114240,7140,Medium,119000,111860,-2380
Enterprise,UK,Velo,28/02/2021,2755,120,125,330600,20662.5,Medium,344375,323712.5,-6887.5
Midmarket,Germany,Velo,28/05/2021,1530,120,15,15300,1377,Medium,22950,21573,6273
Government,France,Velo,29/06/2021,1496,120,350,388960,31416,Medium,523600,492184,103224
Government,Spain,Velo,24/06/2021,1498,120,7,7490,629.16,Medium,10486,9856.84,2366.84
Midmarket,Canada,VTT,15/06/2021,2844,250,15,28440,2559.6,Medium,42660,40100.4,11660.4
Government,Spain,VTT,24/06/2021,1498,250,7,7490,629.16,Medium,10486,9856.84,2366.84
Enterprise,France,Amarilla,12/01/2021,1987.5,260,125,238500,14906.25,Medium,248437.5,233531.25,-4968.75
Government,Spain,Amarilla,29/09/2021,1679,260,350,436540,35259,Medium,587650,552391,115851
Midmarket,UK,Paseo,18/08/2021,2198,10,15,21980,1978.2,Medium,32970,30991.8,9011.8
Midmarket,Germany,Paseo,24/08/2021,1743,10,15,17430,1568.7,Medium,26145,24576.3,7146.3
Midmarket,UK,Paseo,03/10/2021,1153,10,15,11530,1037.7,Medium,17295,16257.3,4727.3
Government,Germany,Velo,02/08/2021,1001,120,20,10010,1201.2,Medium,20020,18818.8,8808.8
Government,Spain,Velo,25/11/2021,1333,120,7,6665,559.86,Medium,9331,8771.14,2106.14
Midmarket,UK,VTT,12/10/2021,1153,250,15,11530,1037.7,Medium,17295,16257.3,4727.3
Channel Partners,Spain,Carretera,13/02/2021,727,3,12,2181,610.68,Medium,8724,8113.32,5932.32
Channel Partners,Canada,Carretera,07/08/2021,1884,3,12,5652,1582.56,Medium,22608,21025.44,15373.44
Channel Partners,Spain,Montana,23/01/2021,2340,5,12,7020,1965.6,Medium,28080,26114.4,19094.4
Channel Partners,France,Montana,03/11/2021,2342,5,12,7026,1967.28,Medium,28104,26136.72,19110.72
Midmarket,Canada,Velo,29/05/2021,1262,120,15,12620,1325.1,Medium,18930,17604.9,4984.9
Government,Canada,Velo,13/06/2021,1135,120,7,5675,556.15,Medium,7945,7388.85,1713.85
Government,UK,Velo,22/11/2021,547,120,7,2735,268.03,Medium,3829,3560.97,825.97
Government,Canada,Velo,19/12/2021,1582,120,7,7910,775.18,Medium,11074,10298.82,2388.82
Channel Partners,France,VTT,06/04/2021,1738.5,250,12,5215.5,1460.34,Medium,20862,19401.66,14186.16
Government,Canada,VTT,11/12/2021,1582,250,7,7910,775.18,Medium,11074,10298.82,2388.82
Government,Canada,Amarilla,12/06/2021,1135,260,7,5675,556.15,Medium,7945,7388.85,1713.85
Government,UK,Carretera,13/03/2021,1761,3,350,457860,43144.5,Medium,616350,573205.5,115345.5
Small Business,France,Carretera,24/06/2021,448,3,300,112000,9408,Medium,134400,124992,12992
Small Business,France,Carretera,01/10/2021,2181,3,300,545250,45801,Medium,654300,608499,63249
Government,France,Montana,02/10/2021,1976,5,20,19760,2766.4,Medium,39520,36753.6,16993.6
Small Business,France,Montana,16/10/2021,2181,5,300,545250,45801,Medium,654300,608499,63249
Small Business,Canada,Paseo,27/05/2021,1702,10,300,425500,35742,Medium,510600,474858,49358
Small Business,France,Paseo,13/06/2021,448,10,300,112000,9408,Medium,134400,124992,12992
Enterprise,Germany,Paseo,03/07/2021,3513,10,125,421560,30738.75,Medium,439125,408386.25,-13173.75
Midmarket,France,Paseo,17/08/2021,2101,10,15,21010,2206.05,Medium,31515,29308.95,8298.95
Government,France,Paseo,11/09/2021,1535,10,20,15350,2149,Medium,30700,28551,13201
Small Business,France,Velo,30/07/2021,1659,120,300,414750,34839,Medium,497700,462861,48111
Government,Spain,Velo,05/08/2021,609,120,20,6090,852.6,Medium,12180,11327.4,5237.4
Enterprise,Germany,Velo,18/09/2021,2087,120,125,250440,18261.25,Medium,260875,242613.75,-7826.25
Government,France,Velo,25/10/2021,1976,120,20,19760,2766.4,Medium,39520,36753.6,16993.6
Small Business,UK,Velo,27/12/2021,1372,120,300,343000,28812,Medium,411600,382788,39788
Channel Partners,Canada,VTT,15/01/2021,3244.5,250,12,9733.5,2725.38,Medium,38934,36208.62,26475.12
Small Business,France,VTT,12/02/2021,959,250,300,239750,20139,Medium,287700,267561,27811
Small Business,Spain,VTT,16/02/2021,2747,250,300,686750,57687,Medium,824100,766413,79663
Enterprise,Canada,Amarilla,19/05/2021,1645,260,125,197400,14393.75,Medium,205625,191231.25,-6168.75
Government,France,Amarilla,28/09/2021,2876,260,350,747760,70462,Medium,1006600,936138,188378
Government,Canada,Amarilla,25/11/2021,1118,260,20,11180,1565.2,Medium,22360,20794.8,9614.8
Small Business,UK,Amarilla,20/12/2021,1372,260,300,343000,28812,Medium,411600,382788,39788
Government,Canada,Montana,22/02/2021,488,5,7,2440,273.28,Medium,3416,3142.72,702.72
Government,UK,Montana,02/06/2021,1282,5,20,12820,2051.2,Medium,25640,23588.8,10768.8
Government,Canada,Paseo,30/05/2021,257,10,7,1285,143.92,Medium,1799,1655.08,370.08
Government,UK,Amarilla,29/06/2021,1282,260,20,12820,2051.2,Medium,25640,23588.8,10768.8
Enterprise,Spain,Carretera,27/08/2021,1540,3,125,184800,15400,Medium,192500,177100,-7700
Midmarket,France,Carretera,08/11/2021,490,3,15,4900,588,Medium,7350,6762,1862
Government,Spain,Carretera,20/12/2021,1362,3,350,354120,38136,Medium,476700,438564,84444
Midmarket,France,Montana,03/03/2021,2501,5,15,25010,3001.2,Medium,37515,34513.8,9503.8
Government,Canada,Montana,03/06/2021,708,5,20,7080,1132.8,Medium,14160,13027.2,5947.2
Government,Germany,Montana,03/07/2021,645,5,20,6450,1032,Medium,12900,11868,5418
Small Business,France,Montana,13/08/2021,1562,5,300,390500,37488,Medium,468600,431112,40612
Midmarket,Germany,Montana,17/12/2021,711,5,15,7110,853.2,Medium,10665,9811.8,2701.8
Enterprise,Spain,Paseo,03/03/2021,1114,10,125,133680,11140,Medium,139250,128110,-5570
Government,Germany,Paseo,03/04/2021,1259,10,7,6295,705.04,Medium,8813,8107.96,1812.96
Government,Germany,Paseo,04/05/2021,1095,10,7,5475,613.2,Medium,7665,7051.8,1576.8
Government,Germany,Paseo,08/06/2021,1366,10,20,13660,2185.6,Medium,27320,25134.4,11474.4
Small Business,Spain,Paseo,23/06/2021,2460,10,300,615000,59040,Medium,738000,678960,63960
Government,UK,Paseo,28/08/2021,678,10,7,3390,379.68,Medium,4746,4366.32,976.32
Government,Germany,Paseo,17/08/2021,1598,10,7,7990,894.88,Medium,11186,10291.12,2301.12
Government,Germany,Paseo,07/09/2021,1934,10,20,19340,3094.4,Medium,38680,35585.6,16245.6
Government,Spain,Paseo,15/09/2021,2993,10,20,29930,4788.8,Medium,59860,55071.2,25141.2
Government,Spain,Paseo,17/12/2021,1362,10,350,354120,38136,Medium,476700,438564,84444
Channel Partners,Canada,Velo,30/03/2021,598,120,12,1794,574.08,Medium,7176,6601.92,4807.92
Government,UK,Velo,17/06/2021,2907,120,7,14535,1627.92,Medium,20349,18721.08,4186.08
Government,Germany,Velo,12/06/2021,2338,120,7,11690,1309.28,Medium,16366,15056.72,3366.72
Small Business,Spain,Velo,08/12/2021,635,120,300,158750,15240,Medium,190500,175260,16510
Government,France,VTT,27/04/2021,574.5,250,350,149370,16086,Medium,201075,184989,35619
Government,Germany,VTT,14/06/2021,2338,250,7,11690,1309.28,Medium,16366,15056.72,3366.72
Government,France,VTT,18/08/2021,381,250,350,99060,10668,Medium,133350,122682,23622
Government,Germany,VTT,06/08/2021,422,250,350,109720,11816,Medium,147700,135884,26164
Small Business,Canada,VTT,02/09/2021,2134,250,300,533500,51216,Medium,640200,588984,55484
Government,Canada,Amarilla,22/06/2021,708,260,20,7080,1132.8,Medium,14160,13027.2,5947.2
Government,UK,Amarilla,19/06/2021,2907,260,7,14535,1627.92,Medium,20349,18721.08,4186.08
Government,Germany,Amarilla,11/06/2021,1366,260,20,13660,2185.6,Medium,27320,25134.4,11474.4
Small Business,Spain,Amarilla,25/06/2021,2460,260,300,615000,59040,Medium,738000,678960,63960
Government,Germany,Amarilla,02/11/2021,1520,260,20,15200,2432,Medium,30400,27968,12768
Midmarket,Germany,Amarilla,20/12/2021,711,260,15,7110,853.2,Medium,10665,9811.8,2701.8
Small Business,Spain,Amarilla,25/12/2021,635,260,300,158750,15240,Medium,190500,175260,16510
Government,UK,VTT,10/07/2021,436.5,250,20,4365,698.4,Medium,8730,8031.6,3666.6
Small Business,Canada,Carretera,04/06/2021,1094,3,300,273500,29538,Medium,328200,298662,25162
Small Business,Canada,Montana,11/04/2021,3802.5,5,300,950625,102667.5,Medium,1140750,1038082.5,87457.5
Government,France,Montana,21/05/2021,1666,5,350,433160,52479,Medium,583100,530621,97461
Channel Partners,Canada,Montana,16/11/2021,2321,5,12,6963,2506.68,Medium,27852,25345.32,18382.32
Enterprise,UK,Montana,15/12/2021,2797,5,125,335640,31466.25,Medium,349625,318158.75,-17481.25
Small Business,Spain,Paseo,12/01/2021,2565,10,300,641250,69255,Medium,769500,700245,58995
Government,Spain,Paseo,10/01/2021,2417,10,350,628420,76135.5,Medium,845950,769814.5,141394.5
Midmarket,UK,Paseo,30/04/2021,3675,10,15,36750,4961.25,Medium,55125,50163.75,13413.75
Small Business,Canada,Paseo,28/06/2021,1094,10,300,273500,29538,Medium,328200,298662,25162
Midmarket,France,Paseo,03/10/2021,1227,10,15,12270,1656.45,Medium,18405,16748.55,4478.55
Small Business,France,Paseo,14/11/2021,1324,10,300,331000,35748,Medium,397200,361452,30452
Enterprise,UK,Paseo,19/12/2021,2797,10,125,335640,31466.25,Medium,349625,318158.75,-17481.25
Midmarket,Spain,Velo,24/05/2021,245,120,15,2450,330.75,Medium,3675,3344.25,894.25
Small Business,Canada,Velo,05/07/2021,3793.5,120,300,948375,102424.5,Medium,1138050,1035625.5,87250.5
Government,Germany,Velo,16/07/2021,1307,120,350,339820,41170.5,Medium,457450,416279.5,76459.5
Enterprise,Canada,Velo,16/09/2021,567,120,125,68040,6378.75,Medium,70875,64496.25,-3543.75
Enterprise,Spain,Velo,21/09/2021,2110,120,125,253200,23737.5,Medium,263750,240012.5,-13187.5
Government,Canada,Velo,25/10/2021,1269,120,350,329940,39973.5,Medium,444150,404176.5,74236.5
Channel Partners,UK,VTT,17/01/2021,1956,250,12,5868,2112.48,Medium,23472,21359.52,15491.52
Small Business,Germany,VTT,26/02/2021,2659,250,300,664750,71793,Medium,797700,725907,61157
Government,UK,VTT,13/04/2021,1351.5,250,350,351390,42572.25,Medium,473025,430452.75,79062.75
Channel Partners,Germany,VTT,18/05/2021,880,250,12,2640,950.4,Medium,10560,9609.6,6969.6
Small Business,UK,VTT,29/09/2021,1867,250,300,466750,50409,Medium,560100,509691,42941
Midmarket,France,VTT,12/10/2021,1227,250,15,12270,1656.45,Medium,18405,16748.55,4478.55
Enterprise,Spain,VTT,27/11/2021,877,250,125,105240,9866.25,Medium,109625,99758.75,-5481.25
Government,UK,Amarilla,11/09/2021,2071,260,350,538460,65236.5,Medium,724850,659613.5,121153.5
Government,Canada,Amarilla,09/10/2021,1269,260,350,329940,39973.5,Medium,444150,404176.5,74236.5
Government,Spain,Amarilla,21/11/2021,1694,260,20,16940,3049.2,Medium,33880,30830.8,13890.8
Government,Germany,Carretera,03/05/2021,663,3,20,6630,1193.4,Medium,13260,12066.6,5436.6
Government,Canada,Carretera,13/07/2021,819,3,7,4095,515.97,Medium,5733,5217.03,1122.03
Channel Partners,Germany,Carretera,25/09/2021,1580,3,12,4740,1706.4,Medium,18960,17253.6,12513.6
Government,Spain,Carretera,11/12/2021,521,3,7,2605,328.23,Medium,3647,3318.77,713.77
Government,UK,Paseo,01/03/2021,973,10,20,9730,1751.4,Medium,19460,17708.6,7978.6
Government,Spain,Paseo,04/06/2021,1038,10,20,10380,1868.4,Medium,20760,18891.6,8511.6
Government,Germany,Paseo,31/10/2021,360,10,7,1800,226.8,Medium,2520,2293.2,493.2
Channel Partners,France,Velo,06/03/2021,1967,120,12,5901,2124.36,Medium,23604,21479.64,15578.64
Midmarket,Spain,Velo,14/04/2021,2628,120,15,26280,3547.8,Medium,39420,35872.2,9592.2
Government,Germany,VTT,19/10/2021,360,250,7,1800,226.8,Medium,2520,2293.2,493.2
Government,Spain,VTT,30/12/2021,521,250,7,2605,328.23,Medium,3647,3318.77,713.77
Government,Spain,Amarilla,18/06/2021,1038,260,20,10380,1868.4,Medium,20760,18891.6,8511.6
Midmarket,Canada,Amarilla,30/07/2021,1630.5,260,15,16305,2201.18,Medium,24457.5,22256.33,5951.33
Government,UK,Montana,12/09/2021,2328,5,7,11640,1629.6,High,16296,14666.4,3026.4
Enterprise,UK,Carretera,24/04/2021,3445.5,3,125,413460,43068.75,High,430687.5,387618.75,-25841.25
Government,UK,Montana,15/05/2021,2313,5,350,601380,80955,High,809550,728595,127215
Midmarket,France,Montana,26/12/2021,2072,5,15,20720,3108,High,31080,27972,7252
Government,France,Paseo,28/03/2021,1954,10,20,19540,3908,High,39080,35172,15632
Small Business,Spain,Paseo,22/05/2021,591,10,300,147750,17730,High,177300,159570,11820
Government,Germany,Paseo,28/10/2021,241,10,20,2410,482,High,4820,4338,1928
Midmarket,Germany,Velo,04/01/2021,681,120,15,6810,1021.5,High,10215,9193.5,2383.5
Midmarket,Germany,Velo,29/04/2021,510,120,15,5100,765,High,7650,6885,1785
Midmarket,UK,Velo,06/05/2021,790,120,15,7900,1185,High,11850,10665,2765
Government,France,Velo,17/07/2021,639,120,350,166140,22365,High,223650,201285,35145
Enterprise,UK,Velo,06/09/2021,1596,120,125,191520,19950,High,199500,179550,-11970
Government,Germany,Velo,12/10/2021,241,120,20,2410,482,High,4820,4338,1928
Government,Germany,Velo,08/11/2021,2665,120,7,13325,1865.5,High,18655,16789.5,3464.5
Small Business,France,Velo,04/12/2021,853,120,300,213250,25590,High,255900,230310,17060
Enterprise,Spain,VTT,04/05/2021,341,250,125,40920,4262.5,High,42625,38362.5,-2557.5
Midmarket,Spain,VTT,05/07/2021,641,250,15,6410,961.5,High,9615,8653.5,2243.5
Government,UK,VTT,24/08/2021,2807,250,350,729820,98245,High,982450,884205,154385
Small Business,Spain,VTT,02/09/2021,432,250,300,108000,12960,High,129600,116640,8640
Enterprise,Canada,VTT,25/11/2021,2529,250,125,303480,31612.5,High,316125,284512.5,-18967.5
Enterprise,UK,Amarilla,20/01/2021,579,260,125,69480,7237.5,High,72375,65137.5,-4342.5
Government,Canada,Amarilla,08/02/2021,2240,260,350,582400,78400,High,784000,705600,123200
Small Business,UK,Amarilla,26/03/2021,2993,260,300,748250,89790,High,897900,808110,59860
Channel Partners,Canada,Amarilla,21/04/2021,3520.5,260,12,10561.5,4224.6,High,42246,38021.4,27459.9
Government,Spain,Amarilla,11/05/2021,2039,260,20,20390,4078,High,40780,36702,16312
Channel Partners,Germany,Amarilla,21/08/2021,2574,260,12,7722,3088.8,High,30888,27799.2,20077.2
Government,Canada,Amarilla,20/09/2021,707,260,350,183820,24745,High,247450,222705,38885
Midmarket,France,Amarilla,18/12/2021,2072,260,15,20720,3108,High,31080,27972,7252
Small Business,France,Amarilla,28/12/2021,853,260,300,213250,25590,High,255900,230310,17060
Government,France,Paseo,02/04/2021,2532,10,7,12660,1949.64,High,17724,15774.36,3114.36
Midmarket,Canada,Velo,13/01/2021,384,120,15,3840,633.6,High,5760,5126.4,1286.4
Channel Partners,Germany,Velo,21/10/2021,472,120,12,1416,623.04,High,5664,5040.96,3624.96
Government,UK,VTT,03/03/2021,1579,250,7,7895,1215.83,High,11053,9837.17,1942.17
Midmarket,UK,Amarilla,30/07/2021,3199.5,260,15,31995,5279.18,High,47992.5,42713.33,10718.33
Channel Partners,Germany,Amarilla,01/10/2021,472,260,12,1416,623.04,High,5664,5040.96,3624.96
Channel Partners,Canada,Carretera,05/02/2021,1937,3,12,5811,2556.84,High,23244,20687.16,14876.16
Government,Germany,Carretera,02/03/2021,792,3,350,205920,30492,High,277200,246708,40788
Small Business,Germany,Carretera,04/07/2021,2811,3,300,702750,92763,High,843300,750537,47787
Enterprise,France,Carretera,26/10/2021,2441,3,125,292920,33563.75,High,305125,271561.25,-21358.75
Government,Germany,Montana,10/01/2021,766,5,350,199160,29491,High,268100,238609,39449
Midmarket,Spain,Montana,26/12/2021,2157,5,15,21570,3559.05,High,32355,28795.95,7225.95
Small Business,Canada,Paseo,20/01/2021,873,10,300,218250,28809,High,261900,233091,14841
Government,Spain,Paseo,21/03/2021,1122,10,20,11220,2468.4,High,22440,19971.6,8751.6
Government,Canada,Paseo,04/07/2021,2104.5,10,350,547170,81023.25,High,736575,655551.75,108381.75
Channel Partners,Canada,Paseo,15/07/2021,4026,10,12,12078,5314.32,High,48312,42997.68,30919.68
Channel Partners,France,Paseo,21/07/2021,2425.5,10,12,7276.5,3201.66,High,29106,25904.34,18627.84
Government,Canada,Paseo,10/08/2021,2394,10,20,23940,5266.8,High,47880,42613.2,18673.2
Midmarket,Spain,Paseo,06/08/2021,1984,10,15,19840,3273.6,High,29760,26486.4,6646.4
Enterprise,France,Paseo,22/10/2021,2441,10,125,292920,33563.75,High,305125,271561.25,-21358.75
Small Business,Canada,Paseo,15/11/2021,1366,10,300,341500,45078,High,409800,364722,23222
Government,Canada,Velo,18/11/2021,1808,120,7,9040,1392.16,High,12656,11263.84,2223.84
Channel Partners,France,VTT,19/01/2021,1734,250,12,5202,2288.88,High,20808,18519.12,13317.12
Enterprise,Spain,VTT,09/01/2021,554,250,125,66480,7617.5,High,69250,61632.5,-4847.5
Enterprise,Germany,Amarilla,13/01/2021,3165,260,125,379800,43518.75,High,395625,352106.25,-27693.75
Government,Spain,Amarilla,13/01/2021,2629,260,20,26290,5783.8,High,52580,46796.2,20506.2
Enterprise,France,Amarilla,31/05/2021,1433,260,125,171960,19703.75,High,179125,159421.25,-12538.75
Midmarket,Spain,Amarilla,19/12/2021,2157,260,15,21570,3559.05,High,32355,28795.95,7225.95
Government,Spain,Carretera,07/06/2021,886,3,350,230360,37212,High,310100,272888,42528
Enterprise,Spain,Carretera,04/10/2021,2156,3,125,258720,32340,High,269500,237160,-21560
Midmarket,Canada,Carretera,10/11/2021,2689,3,15,26890,4840.2,High,40335,35494.8,8604.8
Midmarket,UK,Montana,25/03/2021,677,5,15,6770,1218.6,High,10155,8936.4,2166.4
Small Business,France,Montana,11/04/2021,1773,5,300,443250,63828,High,531900,468072,24822
Government,Spain,Montana,09/09/2021,2420,5,7,12100,2032.8,High,16940,14907.2,2807.2
Government,Canada,Montana,30/10/2021,2734,5,7,13670,2296.56,High,19138,16841.44,3171.44
Small Business,UK,Paseo,15/01/2021,3495,10,300,873750,125820,High,1048500,922680,48930
Government,Spain,Paseo,26/06/2021,886,10,350,230360,37212,High,310100,272888,42528
Enterprise,Spain,Paseo,30/10/2021,2156,10,125,258720,32340,High,269500,237160,-21560
Government,Spain,Paseo,24/10/2021,905,10,20,9050,2172,High,18100,15928,6878
Government,France,Paseo,17/11/2021,1594,10,350,414440,66948,High,557900,490952,76512
Small Business,Germany,Paseo,17/11/2021,1359,10,300,339750,48924,High,407700,358776,19026
Small Business,Spain,Paseo,13/11/2021,2150,10,300,537500,77400,High,645000,567600,30100
Government,Spain,Paseo,06/11/2021,1197,10,350,311220,50274,High,418950,368676,57456
Government,Spain,Paseo,22/12/2021,1233,10,20,12330,2959.2,High,24660,21700.8,9370.8
Government,Spain,Velo,30/07/2021,1395,120,350,362700,58590,High,488250,429660,66960
Government,UK,Velo,20/10/2021,986,120,350,256360,41412,High,345100,303688,47328
Government,Spain,Velo,10/10/2021,905,120,20,9050,2172,High,18100,15928,6878
Channel Partners,Canada,VTT,15/05/2021,2109,250,12,6327,3036.96,High,25308,22271.04,15944.04
Midmarket,France,VTT,12/07/2021,3874.5,250,15,38745,6974.1,High,58117.5,51143.4,12398.4
Government,UK,VTT,04/10/2021,986,250,350,256360,41412,High,345100,303688,47328
Enterprise,UK,VTT,27/11/2021,2387,250,125,286440,35805,High,298375,262570,-23870
Government,Spain,VTT,21/12/2021,1233,250,20,12330,2959.2,High,24660,21700.8,9370.8
Government,UK,Amarilla,06/02/2021,270,260,350,70200,11340,High,94500,83160,12960
Government,France,Amarilla,25/07/2021,3421.5,260,7,17107.5,2874.06,High,23950.5,21076.44,3968.94
Government,Canada,Amarilla,29/10/2021,2734,260,7,13670,2296.56,High,19138,16841.44,3171.44
Government,France,Carretera,09/01/2021,2521.5,3,20,25215,6051.6,High,50430,44378.4,19163.4
Channel Partners,Spain,Montana,02/05/2021,2661,5,12,7983,3831.84,High,31932,28100.16,20117.16
Government,Germany,Paseo,06/12/2021,1531,10,20,15310,3674.4,High,30620,26945.6,11635.6
Government,France,VTT,06/03/2021,1491,250,7,7455,1252.44,High,10437,9184.56,1729.56
Government,Germany,VTT,26/12/2021,1531,250,20,15310,3674.4,High,30620,26945.6,11635.6
Midmarket,UK,Carretera,16/06/2021,2567,3,15,25670,5005.65,High,38505,33499.35,7829.35
Midmarket,UK,VTT,10/06/2021,2567,250,15,25670,5005.65,High,38505,33499.35,7829.35
Government,Canada,Carretera,06/03/2021,923,3,350,239980,41996.5,High,323050,281053.5,41073.5
Government,France,Carretera,04/03/2021,1790,3,350,465400,81445,High,626500,545055,79655
Government,UK,Montana,17/01/2021,982.5,5,350,255450,44703.75,High,343875,299171.25,43721.25
Government,UK,Montana,12/02/2021,1298,5,7,6490,1181.18,High,9086,7904.82,1414.82
Channel Partners,Spain,Montana,26/06/2021,604,5,12,1812,942.24,High,7248,6305.76,4493.76
Government,Spain,Montana,13/07/2021,2255,5,20,22550,5863,High,45100,39237,16687
Government,Canada,Montana,30/10/2021,1249,5,20,12490,3247.4,High,24980,21732.6,9242.6
Government,UK,Paseo,11/01/2021,1438.5,10,7,7192.5,1309.04,High,10069.5,8760.47,1567.97
Small Business,Germany,Paseo,12/01/2021,807,10,300,201750,31473,High,242100,210627,8877
Government,UK,Paseo,06/02/2021,2641,10,20,26410,6866.6,High,52820,45953.4,19543.4
Government,Germany,Paseo,12/02/2021,2708,10,20,27080,7040.8,High,54160,47119.2,20039.2
Government,Canada,Paseo,20/06/2021,2632,10,350,684320,119756,High,921200,801444,117124
Enterprise,Canada,Paseo,29/06/2021,1583,10,125,189960,25723.75,High,197875,172151.25,-17808.75
Channel Partners,Spain,Paseo,26/07/2021,571,10,12,1713,890.76,High,6852,5961.24,4248.24
Government,France,Paseo,19/08/2021,2696,10,7,13480,2453.36,High,18872,16418.64,2938.64
Midmarket,Canada,Paseo,05/10/2021,1565,10,15,15650,3051.75,High,23475,20423.25,4773.25
Government,Canada,Paseo,25/10/2021,1249,10,20,12490,3247.4,High,24980,21732.6,9242.6
Government,Germany,Paseo,04/11/2021,357,10,350,92820,16243.5,High,124950,108706.5,15886.5
Channel Partners,Germany,Paseo,05/12/2021,1013,10,12,3039,1580.28,High,12156,10575.72,7536.72
Midmarket,France,Velo,05/01/2021,3997.5,120,15,39975,7795.13,High,59962.5,52167.38,12192.38
Government,Canada,Velo,26/06/2021,2632,120,350,684320,119756,High,921200,801444,117124
Government,France,Velo,27/06/2021,1190,120,7,5950,1082.9,High,8330,7247.1,1297.1
Channel Partners,Spain,Velo,16/06/2021,604,120,12,1812,942.24,High,7248,6305.76,4493.76
Channel Partners,Spain,Velo,03/10/2021,410,120,12,1230,639.6,High,4920,4280.4,3050.4
Channel Partners,Germany,Velo,26/12/2021,1013,120,12,3039,1580.28,High,12156,10575.72,7536.72
Enterprise,Canada,VTT,15/06/2021,1583,250,125,189960,25723.75,High,197875,172151.25,-17808.75
Midmarket,Canada,VTT,06/10/2021,1565,250,15,15650,3051.75,High,23475,20423.25,4773.25
Enterprise,Canada,Amarilla,02/01/2021,1659,260,125,199080,26958.75,High,207375,180416.25,-18663.75
Government,France,Amarilla,20/06/2021,1190,260,7,5950,1082.9,High,8330,7247.1,1297.1
Channel Partners,Spain,Amarilla,13/10/2021,410,260,12,1230,639.6,High,4920,4280.4,3050.4
Government,Spain,Carretera,25/04/2021,2579,3,20,25790,7221.2,High,51580,44358.8,18568.8
Government,UK,Carretera,06/05/2021,1743,3,20,17430,4880.4,High,34860,29979.6,12549.6
Government,Germany,Carretera,07/12/2021,280,3,7,1400,274.4,High,1960,1685.6,285.6
Government,France,Montana,07/02/2021,293,5,7,1465,287.14,High,2051,1763.86,298.86
Midmarket,Germany,Paseo,22/02/2021,278,10,15,2780,583.8,High,4170,3586.2,806.2
Government,Canada,Paseo,17/03/2021,2428,10,20,24280,6798.4,High,48560,41761.6,17481.6
Midmarket,UK,Paseo,07/09/2021,1767,10,15,17670,3710.7,High,26505,22794.3,5124.3
Channel Partners,France,Paseo,19/10/2021,1393,10,12,4179,2340.24,High,16716,14375.76,10196.76
Government,Germany,VTT,16/12/2021,280,250,7,1400,274.4,High,1960,1685.6,285.6
Channel Partners,France,Amarilla,08/10/2021,1393,260,12,4179,2340.24,High,16716,14375.76,10196.76
Small Business,Spain,Carretera,02/07/2021,801,3,300,200250,33642,High,240300,206658,6408
Small Business,Canada,Carretera,12/10/2021,1496,3,300,374000,62832,High,448800,385968,11968
Small Business,UK,Carretera,17/10/2021,1010,3,300,252500,42420,High,303000,260580,8080
Midmarket,Germany,Carretera,05/11/2021,1513,3,15,15130,3177.3,High,22695,19517.7,4387.7
Midmarket,Canada,Carretera,16/12/2021,2300,3,15,23000,4830,High,34500,29670,6670
Government,Canada,Montana,17/01/2021,2227.5,5,350,579150,109147.5,High,779625,670477.5,91327.5
Government,Germany,Montana,04/04/2021,1199,5,350,311740,58751,High,419650,360899,49159
Government,Canada,Montana,15/05/2021,200,5,350,52000,9800,High,70000,60200,8200
Government,Canada,Montana,04/09/2021,388,5,7,1940,380.24,High,2716,2335.76,395.76
Midmarket,Canada,Montana,16/12/2021,2300,5,15,23000,4830,High,34500,29670,6670
Government,Spain,Paseo,16/02/2021,260,10,20,2600,728,High,5200,4472,1872
Channel Partners,UK,Paseo,29/10/2021,2914,10,12,8742,4895.52,High,34968,30072.48,21330.48
Government,France,Paseo,12/10/2021,1731,10,7,8655,1696.38,High,12117,10420.62,1765.62
Government,Canada,Paseo,21/11/2021,700,10,350,182000,34300,High,245000,210700,28700
Government,UK,Paseo,08/11/2021,1177,10,350,306020,57673,High,411950,354277,48257
Enterprise,Spain,Velo,17/02/2021,1575,120,125,189000,27562.5,High,196875,169312.5,-19687.5
Government,UK,Velo,28/04/2021,606,120,20,6060,1696.8,High,12120,10423.2,4363.2
Small Business,UK,Velo,25/07/2021,2460,120,300,615000,103320,High,738000,634680,19680
Government,Spain,VTT,29/03/2021,2903,250,7,14515,2844.94,High,20321,17476.06,2961.06
Small Business,UK,VTT,30/08/2021,2541,250,300,635250,106722,High,762300,655578,20328
Small Business,Canada,VTT,28/10/2021,1496,250,300,374000,62832,High,448800,385968,11968
Small Business,UK,VTT,19/10/2021,1010,250,300,252500,42420,High,303000,260580,8080
Small Business,Canada,Amarilla,23/03/2021,888,260,300,222000,37296,High,266400,229104,7104
Enterprise,UK,Amarilla,05/05/2021,2844,260,125,341280,49770,High,355500,305730,-35550
Channel Partners,France,Amarilla,23/08/2021,2475,260,12,7425,4158,High,29700,25542,18117
Channel Partners,UK,Amarilla,11/10/2021,2914,260,12,8742,4895.52,High,34968,30072.48,21330.48
Government,France,Amarilla,14/10/2021,1731,260,7,8655,1696.38,High,12117,10420.62,1765.62
Enterprise,France,Carretera,12/08/2021,1174,3,125,140880,22012.5,High,146750,124737.5,-16142.5
Enterprise,Germany,Carretera,03/08/2021,2767,3,125,332040,51881.25,High,345875,293993.75,-38046.25
Enterprise,Germany,Carretera,06/10/2021,1085,3,125,130200,20343.75,High,135625,115281.25,-14918.75
Small Business,Spain,Montana,22/10/2021,546,5,300,136500,24570,High,163800,139230,2730
Government,Germany,Paseo,16/03/2021,1158,10,20,11580,3474,High,23160,19686,8106
Midmarket,Canada,Paseo,02/04/2021,1614,10,15,16140,3631.5,High,24210,20578.5,4438.5
Government,Spain,Paseo,02/04/2021,2535,10,7,12675,2661.75,High,17745,15083.25,2408.25
Government,Spain,Paseo,27/05/2021,2851,10,350,741260,149677.5,High,997850,848172.5,106912.5
Midmarket,Canada,Paseo,25/08/2021,2559,10,15,25590,5757.75,High,38385,32627.25,7037.25
Enterprise,Germany,Paseo,23/10/2021,1085,10,125,130200,20343.75,High,135625,115281.25,-14918.75
Midmarket,Germany,Paseo,31/10/2021,1175,10,15,11750,2643.75,High,17625,14981.25,3231.25
Channel Partners,UK,Paseo,16/12/2021,914,10,12,2742,1645.2,High,10968,9322.8,6580.8
Government,France,Paseo,01/12/2021,293,10,20,2930,879,High,5860,4981,2051
Channel Partners,Spain,Velo,12/03/2021,500,120,12,1500,900,High,6000,5100,3600
Midmarket,France,Velo,28/05/2021,2826,120,15,28260,6358.5,High,42390,36031.5,7771.5
Enterprise,France,Velo,02/09/2021,663,120,125,79560,12431.25,High,82875,70443.75,-9116.25
Channel Partners,UK,Velo,15/12/2021,914,120,12,2742,1645.2,High,10968,9322.8,6580.8
Government,Canada,VTT,04/07/2021,865.5,250,20,8655,2596.5,High,17310,14713.5,6058.5
Midmarket,Germany,VTT,15/07/2021,492,250,15,4920,1107,High,7380,6273,1353
Midmarket,Germany,VTT,19/10/2021,1175,250,15,11750,2643.75,High,17625,14981.25,3231.25
Enterprise,Germany,VTT,12/11/2021,552,250,125,66240,10350,High,69000,58650,-7590
Government,France,VTT,29/12/2021,293,250,20,2930,879,High,5860,4981,2051
Small Business,France,Amarilla,09/03/2021,2475,260,300,618750,111375,High,742500,631125,12375
Small Business,Spain,Amarilla,18/10/2021,546,260,300,136500,24570,High,163800,139230,2730
Government,Spain,Montana,16/02/2021,1368,5,7,6840,1436.4,High,9576,8139.6,1299.6
Government,Canada,Paseo,02/04/2021,723,10,7,3615,759.15,High,5061,4301.85,686.85
Channel Partners,UK,VTT,14/05/2021,1806,250,12,5418,3250.8,High,21672,18421.2,13003.2
